{
  "tool": "ds-census",
  "app": "keyframes.js",
  "at": "2026-10-09T00:28:57.824Z",
  "static": {
    "tally": {
      "files": 77,
      "boxShadowDecls": 5,
      "boxShadowLayers": 2,
      "boxShadowTokenRefs": 3,
      "insetHighlightLayers": 0,
      "textShadowDecls": 0,
      "filterDropShadow": 0,
      "filterBlur": 0,
      "backdropBlur": 0,
      "gradientFills": 5,
      "keyframes": 6,
      "loopingAnimations": 1,
      "shadowTokenDefs": 0,
      "twLightingClasses": 0
    },
    "hits": [
      {
        "kind": "keyframes",
        "at": "demo/app/App.skeleton.vue:53",
        "text": "@keyframes scene-skeleton-appear"
      },
      {
        "kind": "keyframes",
        "at": "demo/components/instrument/shell/AnimatedText.vue:169",
        "text": "@keyframes charLift"
      },
      {
        "kind": "looping-animation",
        "at": "demo/components/instrument/shell/AnimatedText.vue:165",
        "text": "animation: charLift var(--wave-cycle) infinite both"
      },
      {
        "kind": "gradient",
        "at": "demo/components/instrument/shell/EditorShell.vue:263",
        "text": "linear-gradient(to right, var(--graph-line-major) 1px, transparent 1px), linear-gradient(to bottom, var(--graph-line-major) 1px, transparent"
      },
      {
        "kind": "box-shadow",
        "at": "demo/components/instrument/timeline/components/SequenceLanes.vue:316",
        "text": "1 layer(s): var(--focus-ring-shadow)"
      },
      {
        "kind": "keyframes",
        "at": "demo/components/instrument/transport/controls-pane/ControlsPaneWrapper.css:280",
        "text": "@keyframes surface-scroll-fade"
      },
      {
        "kind": "keyframes",
        "at": "demo/scenes/sequence/SequenceTarget.css:180",
        "text": "@keyframes seq-lane-drop"
      },
      {
        "kind": "box-shadow",
        "at": "demo/scenes/spring/SpringHeatmap.vue:654",
        "text": "1 layer(s): var(--focus-ring-shadow)"
      },
      {
        "kind": "gradient",
        "at": "demo/scenes/spring/SpringHeatmap.vue:809",
        "text": "linear-gradient( in oklab to right, color-mix(in oklab, var(--color-progress) 0%, var(--background)), color-mix(in oklab, var(--color-progre"
      },
      {
        "kind": "keyframes",
        "at": "demo/scenes/spring/SpringTarget.vue:920",
        "text": "@keyframes spring-settle-pulse"
      },
      {
        "kind": "gradient",
        "at": "demo/scenes/spring/SpringTarget.vue:709",
        "text": "repeating-linear-gradient( to right, transparent 0 calc(100% / 4 - 1px), var(--border) calc(100% / 4 - 1px) calc(100% / 4) )"
      },
      {
        "kind": "box-shadow",
        "at": "demo/scenes/square/SquareScene.css:234",
        "text": "1 layer(s): 0 0 0 0 color-mix(in srgb, var(--color-progress) 55%, transparent)"
      },
      {
        "kind": "box-shadow",
        "at": "demo/scenes/square/SquareScene.css:242",
        "text": "1 layer(s): 0 0 0 0.15rem color-mix(in srgb, var(--color-progress) 80%, transparent)"
      },
      {
        "kind": "keyframes",
        "at": "demo/styles/design-idioms.css:449",
        "text": "@keyframes enter"
      },
      {
        "kind": "box-shadow",
        "at": "demo/styles/design-idioms.css:110",
        "text": "1 layer(s): var(--focus-ring-shadow)"
      },
      {
        "kind": "gradient",
        "at": "demo/styles/design-idioms.css:289",
        "text": "linear-gradient(to top, var(--border) 1px, transparent 1px), repeating-linear-gradient( to bottom, var(--border) 0 1px, transparent 1px calc"
      },
      {
        "kind": "gradient",
        "at": "demo/styles/design-idioms.css:298",
        "text": "repeating-linear-gradient( to right, var(--border) 0 1px, transparent 1px calc(100% / 4) )"
      }
    ]
  },
  "computed": {
    "base": "http://localhost:5173/",
    "widths": [
      1440,
      390
    ],
    "totals": {
      "chrome": {
        "shadowEls": 428,
        "shadowLayers": 1276,
        "maxLayers": 6,
        "nonFloatingShadowEls": 310,
        "insetHighlights": 632,
        "textShadow": 0,
        "dropShadow": 0,
        "filterBlur": 0,
        "backdropBlur": 284,
        "controlGradients": 164,
        "loopingAnimations": 104
      },
      "subject": {
        "shadowEls": 0,
        "shadowLayers": 0,
        "maxLayers": 0,
        "nonFloatingShadowEls": 0,
        "insetHighlights": 0,
        "textShadow": 0,
        "dropShadow": 0,
        "filterBlur": 0,
        "backdropBlur": 0,
        "controlGradients": 4,
        "loopingAnimations": 0,
        "gradientFills": 0
      }
    },
    "pages": [
      {
        "route": "home",
        "scheme": "light",
        "width": 1440,
        "chrome": {
          "shadowEls": 2,
          "shadowLayers": 2,
          "maxLayers": 1,
          "nonFloatingShadowEls": 2,
          "insetHighlights": 0,
          "textShadow": 0,
          "dropShadow": 0,
          "filterBlur": 0,
          "backdropBlur": 2,
          "controlGradients": 0,
          "loopingAnimations": 26
        },
        "subject": {
          "shadowEls": 0,
          "shadowLayers": 0,
          "maxLayers": 0,
          "nonFloatingShadowEls": 0,
          "insetHighlights": 0,
          "textShadow": 0,
          "dropShadow": 0,
          "filterBlur": 0,
          "backdropBlur": 0,
          "controlGradients": 0,
          "loopingAnimations": 0,
          "gradientFills": 0
        },
        "identityGradients": 1,
        "offenders": [
          {
            "bucket": "chrome",
            "kind": "box-shadow×1",
            "el": "div.glass-dock.horizontal.shape-pill",
            "detail": "color(srgb 0.11 0.098 0.09 / 0.12) 0px 0px 12px 0px"
          },
          {
            "bucket": "chrome",
            "kind": "box-shadow×1",
            "el": "div.glass-dock.horizontal.shape-pill",
            "detail": "color(srgb 0.11 0.098 0.09 / 0.12) 0px 0px 12px 0px"
          },
          {
            "bucket": "chrome",
            "kind": "looping-animation",
            "el": "span.wave-char",
            "detail": "charLift-654d03de"
          },
          {
            "bucket": "chrome",
            "kind": "looping-animation",
            "el": "span.wave-char",
            "detail": "charLift-654d03de"
          },
          {
            "bucket": "chrome",
            "kind": "looping-animation",
            "el": "span.wave-char",
            "detail": "charLift-654d03de"
          },
          {
            "bucket": "chrome",
            "kind": "looping-animation",
            "el": "span.wave-char",
            "detail": "charLift-654d03de"
          },
          {
            "bucket": "chrome",
            "kind": "looping-animation",
            "el": "span.wave-char",
            "detail": "charLift-654d03de"
          },
          {
            "bucket": "chrome",
            "kind": "looping-animation",
            "el": "span.wave-char",
            "detail": "charLift-654d03de"
          },
          {
            "bucket": "chrome",
            "kind": "looping-animation",
            "el": "span.wave-char",
            "detail": "charLift-654d03de"
          },
          {
            "bucket": "chrome",
            "kind": "looping-animation",
            "el": "span.wave-char",
            "detail": "charLift-654d03de"
          },
          {
            "bucket": "chrome",
            "kind": "looping-animation",
            "el": "span.wave-char",
            "detail": "charLift-654d03de"
          },
          {
            "bucket": "chrome",
            "kind": "looping-animation",
            "el": "span.wave-char",
            "detail": "charLift-654d03de"
          },
          {
            "bucket": "chrome",
            "kind": "looping-animation",
            "el": "span.wave-char",
            "detail": "charLift-654d03de"
          },
          {
            "bucket": "chrome",
            "kind": "looping-animation",
            "el": "span.wave-char",
            "detail": "charLift-654d03de"
          },
          {
            "bucket": "chrome",
            "kind": "looping-animation",
            "el": "span.wave-char",
            "detail": "charLift-654d03de"
          },
          {
            "bucket": "chrome",
            "kind": "looping-animation",
            "el": "span.wave-char",
            "detail": "charLift-654d03de"
          },
          {
            "bucket": "chrome",
            "kind": "looping-animation",
            "el": "span.wave-char",
            "detail": "charLift-654d03de"
          },
          {
            "bucket": "chrome",
            "kind": "looping-animation",
            "el": "span.wave-char",
            "detail": "charLift-654d03de"
          },
          {
            "bucket": "chrome",
            "kind": "looping-animation",
            "el": "span.wave-char",
            "detail": "charLift-654d03de"
          },
          {
            "bucket": "chrome",
            "kind": "looping-animation",
            "el": "span.dot",
            "detail": ""
          },
          {
            "bucket": "chrome",
            "kind": "looping-animation",
            "el": "span.dot",
            "detail": ""
          },
          {
            "bucket": "chrome",
            "kind": "looping-animation",
            "el": "span.dot",
            "detail": ""
          },
          {
            "bucket": "chrome",
            "kind": "looping-animation",
            "el": "span.dot",
            "detail": ""
          },
          {
            "bucket": "chrome",
            "kind": "looping-animation",
            "el": "span.dot",
            "detail": ""
          },
          {
            "bucket": "chrome",
            "kind": "looping-animation",
            "el": "span.dot",
            "detail": ""
          },
          {
            "bucket": "chrome",
            "kind": "looping-animation",
            "el": "span.typing-dot",
            "detail": ""
          },
          {
            "bucket": "chrome",
            "kind": "looping-animation",
            "el": "span.typing-dot",
            "detail": ""
          },
          {
            "bucket": "chrome",
            "kind": "looping-animation",
            "el": "span.typing-dot",
            "detail": ""
          }
        ]
      },
      {
        "route": "cube",
        "scheme": "light",
        "width": 1440,
        "chrome": {
          "shadowEls": 17,
          "shadowLayers": 52,
          "maxLayers": 5,
          "nonFloatingShadowEls": 17,
          "insetHighlights": 12,
          "textShadow": 0,
          "dropShadow": 0,
          "filterBlur": 0,
          "backdropBlur": 14,
          "controlGradients": 4,
          "loopingAnimations": 0
        },
        "subject": {
          "shadowEls": 0,
          "shadowLayers": 0,
          "maxLayers": 0,
          "nonFloatingShadowEls": 0,
          "insetHighlights": 0,
          "textShadow": 0,
          "dropShadow": 0,
          "filterBlur": 0,
          "backdropBlur": 0,
          "controlGradients": 0,
          "loopingAnimations": 0,
          "gradientFills": 0
        },
        "identityGradients": 1,
        "offenders": [
          {
            "bucket": "chrome",
            "kind": "box-shadow×1",
            "el": "div.glass-dock.horizontal.shape-pill",
            "detail": "color(srgb 0.11 0.098 0.09 / 0.12) 0px 0px 12px 0px"
          },
          {
            "bucket": "chrome",
            "kind": "box-shadow×3",
            "el": "div.glass-quiet.card.pane-frame",
            "detail": "oklab(0.28 0.0167833 0.0248661 / 0.32) -3px 3px 0px 0px | oklab(0.28 0.0167833 0.0248661 / 0.26) -5px 5px 0px 0px | oklab(0.28 0.0167833 0.0248661 / 0.18) -7px "
          },
          {
            "bucket": "chrome",
            "kind": "box-shadow×4",
            "el": "input#v-49-control.field-control.glass-control-edge",
            "detail": "rgba(255, 255, 255, 0.1) 0px 1px 0px 0px inset | color(srgb 0.11 0.098 0.09 / 0.06) 0px -1px 0px 0px inset | color(srgb 0.11 0.098 0.09 / 0.04) 1px 0px 0px 0px "
          },
          {
            "bucket": "chrome",
            "kind": "box-shadow×4",
            "el": "input#v-50-control.field-control.glass-control-edge",
            "detail": "rgba(255, 255, 255, 0.1) 0px 1px 0px 0px inset | color(srgb 0.11 0.098 0.09 / 0.06) 0px -1px 0px 0px inset | color(srgb 0.11 0.098 0.09 / 0.04) 1px 0px 0px 0px "
          },
          {
            "bucket": "chrome",
            "kind": "box-shadow×4",
            "el": "input#v-51-control.field-control.glass-control-edge",
            "detail": "rgba(255, 255, 255, 0.1) 0px 1px 0px 0px inset | color(srgb 0.11 0.098 0.09 / 0.06) 0px -1px 0px 0px inset | color(srgb 0.11 0.098 0.09 / 0.04) 1px 0px 0px 0px "
          },
          {
            "bucket": "chrome",
            "kind": "box-shadow×3",
            "el": "button#v-52-control.control-surface.glass-control-edge.glass-capsule-hover",
            "detail": "rgba(255, 255, 255, 0.1) 0px 1px 0px 0px inset | color(srgb 0.11 0.098 0.09 / 0.06) 0px -1px 0px 0px inset | color(srgb 0.11 0.098 0.09 / 0.04) 1px 0px 0px 0px "
          },
          {
            "bucket": "chrome",
            "kind": "control-gradient",
            "el": "button#v-52-control.control-surface.glass-control-edge.glass-capsule-hover",
            "detail": "linear-gradient(color(srgb 0.20397 0.148263 0.0829736 / 0.1), color(srgb 0.20397 0.148263 0.0829736 / 0.1)), linear-gradient(color(srgb 0.994 0.96 0.926 / 0.15)"
          },
          {
            "bucket": "chrome",
            "kind": "box-shadow×3",
            "el": "button#v-54-control.control-surface.glass-control-edge.glass-capsule-hover",
            "detail": "rgba(255, 255, 255, 0.1) 0px 1px 0px 0px inset | color(srgb 0.11 0.098 0.09 / 0.06) 0px -1px 0px 0px inset | color(srgb 0.11 0.098 0.09 / 0.04) 1px 0px 0px 0px "
          },
          {
            "bucket": "chrome",
            "kind": "control-gradient",
            "el": "button#v-54-control.control-surface.glass-control-edge.glass-capsule-hover",
            "detail": "linear-gradient(color(srgb 0.20397 0.148263 0.0829736 / 0.1), color(srgb 0.20397 0.148263 0.0829736 / 0.1)), linear-gradient(color(srgb 0.994 0.96 0.926 / 0.15)"
          },
          {
            "bucket": "chrome",
            "kind": "box-shadow×3",
            "el": "button#reka-popover-trigger-v-59.control-surface.glass-control-edge.glass-capsule-hover",
            "detail": "rgba(255, 255, 255, 0.1) 0px 1px 0px 0px inset | color(srgb 0.11 0.098 0.09 / 0.06) 0px -1px 0px 0px inset | color(srgb 0.11 0.098 0.09 / 0.04) 1px 0px 0px 0px "
          },
          {
            "bucket": "chrome",
            "kind": "control-gradient",
            "el": "button#reka-popover-trigger-v-59.control-surface.glass-control-edge.glass-capsule-hover",
            "detail": "linear-gradient(color(srgb 0.20397 0.148263 0.0829736 / 0.1), color(srgb 0.20397 0.148263 0.0829736 / 0.1)), linear-gradient(color(srgb 0.994 0.96 0.926 / 0.15)"
          },
          {
            "bucket": "chrome",
            "kind": "box-shadow×3",
            "el": "button#v-61-control.control-surface.glass-control-edge.glass-capsule-hover",
            "detail": "rgba(255, 255, 255, 0.1) 0px 1px 0px 0px inset | color(srgb 0.11 0.098 0.09 / 0.06) 0px -1px 0px 0px inset | color(srgb 0.11 0.098 0.09 / 0.04) 1px 0px 0px 0px "
          },
          {
            "bucket": "chrome",
            "kind": "control-gradient",
            "el": "button#v-61-control.control-surface.glass-control-edge.glass-capsule-hover",
            "detail": "linear-gradient(color(srgb 0.20397 0.148263 0.0829736 / 0.1), color(srgb 0.20397 0.148263 0.0829736 / 0.1)), linear-gradient(color(srgb 0.994 0.96 0.926 / 0.15)"
          },
          {
            "bucket": "chrome",
            "kind": "box-shadow×5",
            "el": "button.button.tap-squish.focus-ring",
            "detail": "rgba(255, 255, 255, 0.1) 0px 1px 0px 0px inset | color(srgb 0.11 0.098 0.09 / 0.06) 0px -1px 0px 0px inset | color(srgb 0.11 0.098 0.09 / 0.04) 1px 0px 0px 0px "
          },
          {
            "bucket": "chrome",
            "kind": "box-shadow×4",
            "el": "input#v-63-control.number-field__input.field-control.glass-control-edge",
            "detail": "rgba(255, 255, 255, 0.1) 0px 1px 0px 0px inset | color(srgb 0.11 0.098 0.09 / 0.06) 0px -1px 0px 0px inset | color(srgb 0.11 0.098 0.09 / 0.04) 1px 0px 0px 0px "
          },
          {
            "bucket": "chrome",
            "kind": "box-shadow×5",
            "el": "button.button.tap-squish.focus-ring",
            "detail": "rgba(255, 255, 255, 0.1) 0px 1px 0px 0px inset | color(srgb 0.11 0.098 0.09 / 0.06) 0px -1px 0px 0px inset | color(srgb 0.11 0.098 0.09 / 0.04) 1px 0px 0px 0px "
          },
          {
            "bucket": "chrome",
            "kind": "box-shadow×3",
            "el": "span.control-bit__face",
            "detail": "rgba(255, 255, 255, 0.1) 0px 1px 0px 0px inset | color(srgb 0.11 0.098 0.09 / 0.06) 0px -1px 0px 0px inset | color(srgb 0.11 0.098 0.09 / 0.04) 1px 0px 0px 0px "
          },
          {
            "bucket": "chrome",
            "kind": "box-shadow×1",
            "el": "span.switch__thumb",
            "detail": "color(srgb 0.11 0.098 0.09 / 0.08) 0px 4px 16px 0px"
          },
          {
            "bucket": "chrome",
            "kind": "box-shadow×1",
            "el": "span.slider-track.track-well",
            "detail": "oklab(0.28 0.0167833 0.0248661 / 0.16) 0px 1px 0px 0px inset"
          },
          {
            "bucket": "chrome",
            "kind": "box-shadow×4",
            "el": "span.slider-range.glass-liquid-fill",
            "detail": "rgba(255, 255, 255, 0.1) 0px 1px 0px 0px inset | color(srgb 0.11 0.098 0.09 / 0.06) 0px -1px 0px 0px inset | color(srgb 0.11 0.098 0.09 / 0.04) 1px 0px 0px 0px "
          },
          {
            "bucket": "chrome",
            "kind": "box-shadow×1",
            "el": "div.glass-dock.horizontal.shape-pill",
            "detail": "color(srgb 0.11 0.098 0.09 / 0.12) 0px 0px 12px 0px"
          }
        ]
      },
      {
        "route": "amiga",
        "scheme": "light",
        "width": 1440,
        "chrome": {
          "shadowEls": 18,
          "shadowLayers": 53,
          "maxLayers": 5,
          "nonFloatingShadowEls": 18,
          "insetHighlights": 12,
          "textShadow": 0,
          "dropShadow": 0,
          "filterBlur": 0,
          "backdropBlur": 14,
          "controlGradients": 4,
          "loopingAnimations": 0
        },
        "subject": {
          "shadowEls": 0,
          "shadowLayers": 0,
          "maxLayers": 0,
          "nonFloatingShadowEls": 0,
          "insetHighlights": 0,
          "textShadow": 0,
          "dropShadow": 0,
          "filterBlur": 0,
          "backdropBlur": 0,
          "controlGradients": 0,
          "loopingAnimations": 0,
          "gradientFills": 0
        },
        "identityGradients": 1,
        "offenders": [
          {
            "bucket": "chrome",
            "kind": "box-shadow×1",
            "el": "div.glass-dock.horizontal.shape-pill",
            "detail": "color(srgb 0.11 0.098 0.09 / 0.12) 0px 0px 12px 0px"
          },
          {
            "bucket": "chrome",
            "kind": "box-shadow×3",
            "el": "div.glass-quiet.card.pane-frame",
            "detail": "oklab(0.28 0.0167833 0.0248661 / 0.32) -3px 3px 0px 0px | oklab(0.28 0.0167833 0.0248661 / 0.26) -5px 5px 0px 0px | oklab(0.28 0.0167833 0.0248661 / 0.18) -7px "
          },
          {
            "bucket": "chrome",
            "kind": "box-shadow×4",
            "el": "input#v-118-control.field-control.glass-control-edge",
            "detail": "rgba(255, 255, 255, 0.1) 0px 1px 0px 0px inset | color(srgb 0.11 0.098 0.09 / 0.06) 0px -1px 0px 0px inset | color(srgb 0.11 0.098 0.09 / 0.04) 1px 0px 0px 0px "
          },
          {
            "bucket": "chrome",
            "kind": "box-shadow×4",
            "el": "input#v-119-control.field-control.glass-control-edge",
            "detail": "rgba(255, 255, 255, 0.1) 0px 1px 0px 0px inset | color(srgb 0.11 0.098 0.09 / 0.06) 0px -1px 0px 0px inset | color(srgb 0.11 0.098 0.09 / 0.04) 1px 0px 0px 0px "
          },
          {
            "bucket": "chrome",
            "kind": "box-shadow×4",
            "el": "input#v-120-control.field-control.glass-control-edge",
            "detail": "rgba(255, 255, 255, 0.1) 0px 1px 0px 0px inset | color(srgb 0.11 0.098 0.09 / 0.06) 0px -1px 0px 0px inset | color(srgb 0.11 0.098 0.09 / 0.04) 1px 0px 0px 0px "
          },
          {
            "bucket": "chrome",
            "kind": "box-shadow×3",
            "el": "button#v-121-control.control-surface.glass-control-edge.glass-capsule-hover",
            "detail": "rgba(255, 255, 255, 0.1) 0px 1px 0px 0px inset | color(srgb 0.11 0.098 0.09 / 0.06) 0px -1px 0px 0px inset | color(srgb 0.11 0.098 0.09 / 0.04) 1px 0px 0px 0px "
          },
          {
            "bucket": "chrome",
            "kind": "control-gradient",
            "el": "button#v-121-control.control-surface.glass-control-edge.glass-capsule-hover",
            "detail": "linear-gradient(color(srgb 0.20397 0.148263 0.0829736 / 0.1), color(srgb 0.20397 0.148263 0.0829736 / 0.1)), linear-gradient(color(srgb 0.994 0.96 0.926 / 0.15)"
          },
          {
            "bucket": "chrome",
            "kind": "box-shadow×3",
            "el": "button#v-123-control.control-surface.glass-control-edge.glass-capsule-hover",
            "detail": "rgba(255, 255, 255, 0.1) 0px 1px 0px 0px inset | color(srgb 0.11 0.098 0.09 / 0.06) 0px -1px 0px 0px inset | color(srgb 0.11 0.098 0.09 / 0.04) 1px 0px 0px 0px "
          },
          {
            "bucket": "chrome",
            "kind": "control-gradient",
            "el": "button#v-123-control.control-surface.glass-control-edge.glass-capsule-hover",
            "detail": "linear-gradient(color(srgb 0.20397 0.148263 0.0829736 / 0.1), color(srgb 0.20397 0.148263 0.0829736 / 0.1)), linear-gradient(color(srgb 0.994 0.96 0.926 / 0.15)"
          },
          {
            "bucket": "chrome",
            "kind": "box-shadow×3",
            "el": "button#reka-popover-trigger-v-128.control-surface.glass-control-edge.glass-capsule-hover",
            "detail": "rgba(255, 255, 255, 0.1) 0px 1px 0px 0px inset | color(srgb 0.11 0.098 0.09 / 0.06) 0px -1px 0px 0px inset | color(srgb 0.11 0.098 0.09 / 0.04) 1px 0px 0px 0px "
          },
          {
            "bucket": "chrome",
            "kind": "control-gradient",
            "el": "button#reka-popover-trigger-v-128.control-surface.glass-control-edge.glass-capsule-hover",
            "detail": "linear-gradient(color(srgb 0.20397 0.148263 0.0829736 / 0.1), color(srgb 0.20397 0.148263 0.0829736 / 0.1)), linear-gradient(color(srgb 0.994 0.96 0.926 / 0.15)"
          },
          {
            "bucket": "chrome",
            "kind": "box-shadow×3",
            "el": "button#v-130-control.control-surface.glass-control-edge.glass-capsule-hover",
            "detail": "rgba(255, 255, 255, 0.1) 0px 1px 0px 0px inset | color(srgb 0.11 0.098 0.09 / 0.06) 0px -1px 0px 0px inset | color(srgb 0.11 0.098 0.09 / 0.04) 1px 0px 0px 0px "
          },
          {
            "bucket": "chrome",
            "kind": "control-gradient",
            "el": "button#v-130-control.control-surface.glass-control-edge.glass-capsule-hover",
            "detail": "linear-gradient(color(srgb 0.20397 0.148263 0.0829736 / 0.1), color(srgb 0.20397 0.148263 0.0829736 / 0.1)), linear-gradient(color(srgb 0.994 0.96 0.926 / 0.15)"
          },
          {
            "bucket": "chrome",
            "kind": "box-shadow×5",
            "el": "button.button.tap-squish.focus-ring",
            "detail": "rgba(255, 255, 255, 0.1) 0px 1px 0px 0px inset | color(srgb 0.11 0.098 0.09 / 0.06) 0px -1px 0px 0px inset | color(srgb 0.11 0.098 0.09 / 0.04) 1px 0px 0px 0px "
          },
          {
            "bucket": "chrome",
            "kind": "box-shadow×4",
            "el": "input#v-132-control.number-field__input.field-control.glass-control-edge",
            "detail": "rgba(255, 255, 255, 0.1) 0px 1px 0px 0px inset | color(srgb 0.11 0.098 0.09 / 0.06) 0px -1px 0px 0px inset | color(srgb 0.11 0.098 0.09 / 0.04) 1px 0px 0px 0px "
          },
          {
            "bucket": "chrome",
            "kind": "box-shadow×5",
            "el": "button.button.tap-squish.focus-ring",
            "detail": "rgba(255, 255, 255, 0.1) 0px 1px 0px 0px inset | color(srgb 0.11 0.098 0.09 / 0.06) 0px -1px 0px 0px inset | color(srgb 0.11 0.098 0.09 / 0.04) 1px 0px 0px 0px "
          },
          {
            "bucket": "chrome",
            "kind": "box-shadow×1",
            "el": "span.slider-track.track-well",
            "detail": "oklab(0.28 0.0167833 0.0248661 / 0.16) 0px 1px 0px 0px inset"
          },
          {
            "bucket": "chrome",
            "kind": "box-shadow×4",
            "el": "span.slider-range.glass-liquid-fill",
            "detail": "rgba(255, 255, 255, 0.1) 0px 1px 0px 0px inset | color(srgb 0.11 0.098 0.09 / 0.06) 0px -1px 0px 0px inset | color(srgb 0.11 0.098 0.09 / 0.04) 1px 0px 0px 0px "
          },
          {
            "bucket": "chrome",
            "kind": "box-shadow×3",
            "el": "span.control-bit__face",
            "detail": "rgba(255, 255, 255, 0.1) 0px 1px 0px 0px inset | color(srgb 0.11 0.098 0.09 / 0.06) 0px -1px 0px 0px inset | color(srgb 0.11 0.098 0.09 / 0.04) 1px 0px 0px 0px "
          },
          {
            "bucket": "chrome",
            "kind": "box-shadow×1",
            "el": "span.switch__thumb",
            "detail": "color(srgb 0.11 0.098 0.09 / 0.08) 0px 4px 16px 0px"
          },
          {
            "bucket": "chrome",
            "kind": "box-shadow×1",
            "el": "span.slider-track.track-well",
            "detail": "oklab(0.28 0.0167833 0.0248661 / 0.16) 0px 1px 0px 0px inset"
          },
          {
            "bucket": "chrome",
            "kind": "box-shadow×1",
            "el": "div.glass-dock.horizontal.shape-pill",
            "detail": "color(srgb 0.11 0.098 0.09 / 0.12) 0px 0px 12px 0px"
          }
        ]
      },
      {
        "route": "square",
        "scheme": "light",
        "width": 1440,
        "chrome": {
          "shadowEls": 17,
          "shadowLayers": 53,
          "maxLayers": 5,
          "nonFloatingShadowEls": 17,
          "insetHighlights": 12,
          "textShadow": 0,
          "dropShadow": 0,
          "filterBlur": 0,
          "backdropBlur": 14,
          "controlGradients": 4,
          "loopingAnimations": 0
        },
        "subject": {
          "shadowEls": 0,
          "shadowLayers": 0,
          "maxLayers": 0,
          "nonFloatingShadowEls": 0,
          "insetHighlights": 0,
          "textShadow": 0,
          "dropShadow": 0,
          "filterBlur": 0,
          "backdropBlur": 0,
          "controlGradients": 0,
          "loopingAnimations": 0,
          "gradientFills": 0
        },
        "identityGradients": 1,
        "offenders": [
          {
            "bucket": "chrome",
            "kind": "box-shadow×1",
            "el": "div.glass-dock.horizontal.shape-pill",
            "detail": "color(srgb 0.11 0.098 0.09 / 0.12) 0px 0px 12px 0px"
          },
          {
            "bucket": "chrome",
            "kind": "box-shadow×3",
            "el": "div.glass-quiet.card.pane-frame",
            "detail": "oklab(0.28 0.0167833 0.0248661 / 0.32) -3px 3px 0px 0px | oklab(0.28 0.0167833 0.0248661 / 0.26) -5px 5px 0px 0px | oklab(0.28 0.0167833 0.0248661 / 0.18) -7px "
          },
          {
            "bucket": "chrome",
            "kind": "box-shadow×4",
            "el": "input#v-184-control.field-control.glass-control-edge",
            "detail": "rgba(255, 255, 255, 0.1) 0px 1px 0px 0px inset | color(srgb 0.11 0.098 0.09 / 0.06) 0px -1px 0px 0px inset | color(srgb 0.11 0.098 0.09 / 0.04) 1px 0px 0px 0px "
          },
          {
            "bucket": "chrome",
            "kind": "box-shadow×4",
            "el": "input#v-185-control.field-control.glass-control-edge",
            "detail": "rgba(255, 255, 255, 0.1) 0px 1px 0px 0px inset | color(srgb 0.11 0.098 0.09 / 0.06) 0px -1px 0px 0px inset | color(srgb 0.11 0.098 0.09 / 0.04) 1px 0px 0px 0px "
          },
          {
            "bucket": "chrome",
            "kind": "box-shadow×4",
            "el": "input#v-186-control.field-control.glass-control-edge",
            "detail": "rgba(255, 255, 255, 0.1) 0px 1px 0px 0px inset | color(srgb 0.11 0.098 0.09 / 0.06) 0px -1px 0px 0px inset | color(srgb 0.11 0.098 0.09 / 0.04) 1px 0px 0px 0px "
          },
          {
            "bucket": "chrome",
            "kind": "box-shadow×3",
            "el": "button#v-187-control.control-surface.glass-control-edge.glass-capsule-hover",
            "detail": "rgba(255, 255, 255, 0.1) 0px 1px 0px 0px inset | color(srgb 0.11 0.098 0.09 / 0.06) 0px -1px 0px 0px inset | color(srgb 0.11 0.098 0.09 / 0.04) 1px 0px 0px 0px "
          },
          {
            "bucket": "chrome",
            "kind": "control-gradient",
            "el": "button#v-187-control.control-surface.glass-control-edge.glass-capsule-hover",
            "detail": "linear-gradient(color(srgb 0.20397 0.148263 0.0829736 / 0.1), color(srgb 0.20397 0.148263 0.0829736 / 0.1)), linear-gradient(color(srgb 0.994 0.96 0.926 / 0.15)"
          },
          {
            "bucket": "chrome",
            "kind": "box-shadow×3",
            "el": "button#v-189-control.control-surface.glass-control-edge.glass-capsule-hover",
            "detail": "rgba(255, 255, 255, 0.1) 0px 1px 0px 0px inset | color(srgb 0.11 0.098 0.09 / 0.06) 0px -1px 0px 0px inset | color(srgb 0.11 0.098 0.09 / 0.04) 1px 0px 0px 0px "
          },
          {
            "bucket": "chrome",
            "kind": "control-gradient",
            "el": "button#v-189-control.control-surface.glass-control-edge.glass-capsule-hover",
            "detail": "linear-gradient(color(srgb 0.20397 0.148263 0.0829736 / 0.1), color(srgb 0.20397 0.148263 0.0829736 / 0.1)), linear-gradient(color(srgb 0.994 0.96 0.926 / 0.15)"
          },
          {
            "bucket": "chrome",
            "kind": "box-shadow×3",
            "el": "button#reka-popover-trigger-v-194.control-surface.glass-control-edge.glass-capsule-hover",
            "detail": "rgba(255, 255, 255, 0.1) 0px 1px 0px 0px inset | color(srgb 0.11 0.098 0.09 / 0.06) 0px -1px 0px 0px inset | color(srgb 0.11 0.098 0.09 / 0.04) 1px 0px 0px 0px "
          },
          {
            "bucket": "chrome",
            "kind": "control-gradient",
            "el": "button#reka-popover-trigger-v-194.control-surface.glass-control-edge.glass-capsule-hover",
            "detail": "linear-gradient(color(srgb 0.20397 0.148263 0.0829736 / 0.1), color(srgb 0.20397 0.148263 0.0829736 / 0.1)), linear-gradient(color(srgb 0.994 0.96 0.926 / 0.15)"
          },
          {
            "bucket": "chrome",
            "kind": "box-shadow×3",
            "el": "button#v-196-control.control-surface.glass-control-edge.glass-capsule-hover",
            "detail": "rgba(255, 255, 255, 0.1) 0px 1px 0px 0px inset | color(srgb 0.11 0.098 0.09 / 0.06) 0px -1px 0px 0px inset | color(srgb 0.11 0.098 0.09 / 0.04) 1px 0px 0px 0px "
          },
          {
            "bucket": "chrome",
            "kind": "control-gradient",
            "el": "button#v-196-control.control-surface.glass-control-edge.glass-capsule-hover",
            "detail": "linear-gradient(color(srgb 0.20397 0.148263 0.0829736 / 0.1), color(srgb 0.20397 0.148263 0.0829736 / 0.1)), linear-gradient(color(srgb 0.994 0.96 0.926 / 0.15)"
          },
          {
            "bucket": "chrome",
            "kind": "box-shadow×5",
            "el": "button.button.tap-squish.focus-ring",
            "detail": "rgba(255, 255, 255, 0.1) 0px 1px 0px 0px inset | color(srgb 0.11 0.098 0.09 / 0.06) 0px -1px 0px 0px inset | color(srgb 0.11 0.098 0.09 / 0.04) 1px 0px 0px 0px "
          },
          {
            "bucket": "chrome",
            "kind": "box-shadow×4",
            "el": "input#v-198-control.number-field__input.field-control.glass-control-edge",
            "detail": "rgba(255, 255, 255, 0.1) 0px 1px 0px 0px inset | color(srgb 0.11 0.098 0.09 / 0.06) 0px -1px 0px 0px inset | color(srgb 0.11 0.098 0.09 / 0.04) 1px 0px 0px 0px "
          },
          {
            "bucket": "chrome",
            "kind": "box-shadow×5",
            "el": "button.button.tap-squish.focus-ring",
            "detail": "rgba(255, 255, 255, 0.1) 0px 1px 0px 0px inset | color(srgb 0.11 0.098 0.09 / 0.06) 0px -1px 0px 0px inset | color(srgb 0.11 0.098 0.09 / 0.04) 1px 0px 0px 0px "
          },
          {
            "bucket": "chrome",
            "kind": "box-shadow×3",
            "el": "span.control-bit__face",
            "detail": "rgba(255, 255, 255, 0.1) 0px 1px 0px 0px inset | color(srgb 0.11 0.098 0.09 / 0.06) 0px -1px 0px 0px inset | color(srgb 0.11 0.098 0.09 / 0.04) 1px 0px 0px 0px "
          },
          {
            "bucket": "chrome",
            "kind": "box-shadow×1",
            "el": "span.switch__thumb",
            "detail": "color(srgb 0.11 0.098 0.09 / 0.08) 0px 4px 16px 0px"
          },
          {
            "bucket": "chrome",
            "kind": "box-shadow×1",
            "el": "span.slider-track.track-well",
            "detail": "oklab(0.28 0.0167833 0.0248661 / 0.16) 0px 1px 0px 0px inset"
          },
          {
            "bucket": "chrome",
            "kind": "box-shadow×5",
            "el": "div.glass-resting.card.square-stage",
            "detail": "rgba(255, 255, 255, 0.1) 0px 1px 0px 0px inset | color(srgb 0.11 0.098 0.09 / 0.06) 0px -1px 0px 0px inset | color(srgb 0.11 0.098 0.09 / 0.04) 1px 0px 0px 0px "
          },
          {
            "bucket": "chrome",
            "kind": "box-shadow×1",
            "el": "div.glass-dock.horizontal.shape-pill",
            "detail": "color(srgb 0.11 0.098 0.09 / 0.12) 0px 0px 12px 0px"
          }
        ]
      },
      {
        "route": "easing",
        "scheme": "light",
        "width": 1440,
        "chrome": {
          "shadowEls": 40,
          "shadowLayers": 119,
          "maxLayers": 5,
          "nonFloatingShadowEls": 40,
          "insetHighlights": 35,
          "textShadow": 0,
          "dropShadow": 0,
          "filterBlur": 0,
          "backdropBlur": 10,
          "controlGradients": 29,
          "loopingAnimations": 0
        },
        "subject": {
          "shadowEls": 0,
          "shadowLayers": 0,
          "maxLayers": 0,
          "nonFloatingShadowEls": 0,
          "insetHighlights": 0,
          "textShadow": 0,
          "dropShadow": 0,
          "filterBlur": 0,
          "backdropBlur": 0,
          "controlGradients": 0,
          "loopingAnimations": 0,
          "gradientFills": 0
        },
        "identityGradients": 1,
        "offenders": [
          {
            "bucket": "chrome",
            "kind": "box-shadow×1",
            "el": "div.glass-dock.horizontal.shape-pill",
            "detail": "color(srgb 0.11 0.098 0.09 / 0.12) 0px 0px 12px 0px"
          },
          {
            "bucket": "chrome",
            "kind": "box-shadow×3",
            "el": "div.glass-quiet.card.pane-frame",
            "detail": "oklab(0.28 0.0167833 0.0248661 / 0.32) -3px 3px 0px 0px | oklab(0.28 0.0167833 0.0248661 / 0.26) -5px 5px 0px 0px | oklab(0.28 0.0167833 0.0248661 / 0.18) -7px "
          },
          {
            "bucket": "chrome",
            "kind": "box-shadow×4",
            "el": "div.segmented-tabs.segmented-tabs--pill.glass-capsule-track",
            "detail": "rgba(255, 255, 255, 0.1) 0px 1px 0px 0px inset | color(srgb 0.11 0.098 0.09 / 0.06) 0px -1px 0px 0px inset | color(srgb 0.11 0.098 0.09 / 0.04) 1px 0px 0px 0px "
          },
          {
            "bucket": "chrome",
            "kind": "box-shadow×4",
            "el": "div.segmented-indicator.segmented-indicator--js.glass-capsule",
            "detail": "rgba(255, 255, 255, 0.1) 0px 1px 0px 0px inset | color(srgb 0.11 0.098 0.09 / 0.06) 0px -1px 0px 0px inset | color(srgb 0.11 0.098 0.09 / 0.04) 1px 0px 0px 0px "
          },
          {
            "bucket": "chrome",
            "kind": "box-shadow×3",
            "el": "button.control-surface.glass-control-edge.glass-capsule-hover",
            "detail": "rgba(255, 255, 255, 0.1) 0px 1px 0px 0px inset | color(srgb 0.11 0.098 0.09 / 0.06) 0px -1px 0px 0px inset | color(srgb 0.11 0.098 0.09 / 0.04) 1px 0px 0px 0px "
          },
          {
            "bucket": "chrome",
            "kind": "control-gradient",
            "el": "button.control-surface.glass-control-edge.glass-capsule-hover",
            "detail": "linear-gradient(color(srgb 0.20397 0.148263 0.0829736 / 0.1), color(srgb 0.20397 0.148263 0.0829736 / 0.1)), linear-gradient(color(srgb 0.994 0.96 0.926 / 0.15)"
          },
          {
            "bucket": "chrome",
            "kind": "box-shadow×1",
            "el": "span.slider-track.track-well",
            "detail": "oklab(0.28 0.0167833 0.0248661 / 0.16) 0px 1px 0px 0px inset"
          },
          {
            "bucket": "chrome",
            "kind": "box-shadow×4",
            "el": "span.slider-range.glass-liquid-fill",
            "detail": "rgba(255, 255, 255, 0.1) 0px 1px 0px 0px inset | color(srgb 0.11 0.098 0.09 / 0.06) 0px -1px 0px 0px inset | color(srgb 0.11 0.098 0.09 / 0.04) 1px 0px 0px 0px "
          },
          {
            "bucket": "chrome",
            "kind": "box-shadow×1",
            "el": "span.slider-track.track-well",
            "detail": "oklab(0.28 0.0167833 0.0248661 / 0.16) 0px 1px 0px 0px inset"
          },
          {
            "bucket": "chrome",
            "kind": "box-shadow×5",
            "el": "div.glass-resting.card.easing-target",
            "detail": "rgba(255, 255, 255, 0.1) 0px 1px 0px 0px inset | color(srgb 0.11 0.098 0.09 / 0.06) 0px -1px 0px 0px inset | color(srgb 0.11 0.098 0.09 / 0.04) 1px 0px 0px 0px "
          },
          {
            "bucket": "chrome",
            "kind": "box-shadow×4",
            "el": "div.segmented-tabs.segmented-tabs--pill.glass-capsule-track",
            "detail": "rgba(255, 255, 255, 0.1) 0px 1px 0px 0px inset | color(srgb 0.11 0.098 0.09 / 0.06) 0px -1px 0px 0px inset | color(srgb 0.11 0.098 0.09 / 0.04) 1px 0px 0px 0px "
          },
          {
            "bucket": "chrome",
            "kind": "box-shadow×4",
            "el": "div.segmented-indicator.segmented-indicator--js.glass-capsule",
            "detail": "rgba(255, 255, 255, 0.1) 0px 1px 0px 0px inset | color(srgb 0.11 0.098 0.09 / 0.06) 0px -1px 0px 0px inset | color(srgb 0.11 0.098 0.09 / 0.04) 1px 0px 0px 0px "
          },
          {
            "bucket": "chrome",
            "kind": "box-shadow×3",
            "el": "button.toggle-group__item.control-surface.glass-control-edge",
            "detail": "rgba(255, 255, 255, 0.1) 0px 1px 0px 0px inset | color(srgb 0.11 0.098 0.09 / 0.06) 0px -1px 0px 0px inset | color(srgb 0.11 0.098 0.09 / 0.04) 1px 0px 0px 0px "
          },
          {
            "bucket": "chrome",
            "kind": "control-gradient",
            "el": "button.toggle-group__item.control-surface.glass-control-edge",
            "detail": "linear-gradient(color(srgb 0.20397 0.148263 0.0829736 / 0.1), color(srgb 0.20397 0.148263 0.0829736 / 0.1)), linear-gradient(color(srgb 0.994 0.96 0.926 / 0.15)"
          },
          {
            "bucket": "chrome",
            "kind": "box-shadow×3",
            "el": "button.toggle-group__item.control-surface.glass-control-edge",
            "detail": "rgba(255, 255, 255, 0.1) 0px 1px 0px 0px inset | color(srgb 0.11 0.098 0.09 / 0.06) 0px -1px 0px 0px inset | color(srgb 0.11 0.098 0.09 / 0.04) 1px 0px 0px 0px "
          },
          {
            "bucket": "chrome",
            "kind": "control-gradient",
            "el": "button.toggle-group__item.control-surface.glass-control-edge",
            "detail": "linear-gradient(color(srgb 0.20397 0.148263 0.0829736 / 0.1), color(srgb 0.20397 0.148263 0.0829736 / 0.1)), linear-gradient(color(srgb 0.994 0.96 0.926 / 0.15)"
          },
          {
            "bucket": "chrome",
            "kind": "box-shadow×3",
            "el": "button.toggle-group__item.control-surface.glass-control-edge",
            "detail": "rgba(255, 255, 255, 0.1) 0px 1px 0px 0px inset | color(srgb 0.11 0.098 0.09 / 0.06) 0px -1px 0px 0px inset | color(srgb 0.11 0.098 0.09 / 0.04) 1px 0px 0px 0px "
          },
          {
            "bucket": "chrome",
            "kind": "control-gradient",
            "el": "button.toggle-group__item.control-surface.glass-control-edge",
            "detail": "linear-gradient(color(srgb 0.20397 0.148263 0.0829736 / 0.1), color(srgb 0.20397 0.148263 0.0829736 / 0.1)), linear-gradient(color(srgb 0.994 0.96 0.926 / 0.15)"
          },
          {
            "bucket": "chrome",
            "kind": "box-shadow×3",
            "el": "button.toggle-group__item.control-surface.glass-control-edge",
            "detail": "rgba(255, 255, 255, 0.1) 0px 1px 0px 0px inset | color(srgb 0.11 0.098 0.09 / 0.06) 0px -1px 0px 0px inset | color(srgb 0.11 0.098 0.09 / 0.04) 1px 0px 0px 0px "
          },
          {
            "bucket": "chrome",
            "kind": "control-gradient",
            "el": "button.toggle-group__item.control-surface.glass-control-edge",
            "detail": "linear-gradient(color(srgb 0.20397 0.148263 0.0829736 / 0.1), color(srgb 0.20397 0.148263 0.0829736 / 0.1)), linear-gradient(color(srgb 0.994 0.96 0.926 / 0.15)"
          },
          {
            "bucket": "chrome",
            "kind": "box-shadow×3",
            "el": "button.toggle-group__item.control-surface.glass-control-edge",
            "detail": "rgba(255, 255, 255, 0.1) 0px 1px 0px 0px inset | color(srgb 0.11 0.098 0.09 / 0.06) 0px -1px 0px 0px inset | color(srgb 0.11 0.098 0.09 / 0.04) 1px 0px 0px 0px "
          },
          {
            "bucket": "chrome",
            "kind": "control-gradient",
            "el": "button.toggle-group__item.control-surface.glass-control-edge",
            "detail": "linear-gradient(color(srgb 0.20397 0.148263 0.0829736 / 0.1), color(srgb 0.20397 0.148263 0.0829736 / 0.1)), linear-gradient(color(srgb 0.994 0.96 0.926 / 0.15)"
          },
          {
            "bucket": "chrome",
            "kind": "box-shadow×3",
            "el": "button.toggle-group__item.control-surface.glass-control-edge",
            "detail": "rgba(255, 255, 255, 0.1) 0px 1px 0px 0px inset | color(srgb 0.11 0.098 0.09 / 0.06) 0px -1px 0px 0px inset | color(srgb 0.11 0.098 0.09 / 0.04) 1px 0px 0px 0px "
          },
          {
            "bucket": "chrome",
            "kind": "control-gradient",
            "el": "button.toggle-group__item.control-surface.glass-control-edge",
            "detail": "linear-gradient(color(srgb 0.20397 0.148263 0.0829736 / 0.1), color(srgb 0.20397 0.148263 0.0829736 / 0.1)), linear-gradient(color(srgb 0.994 0.96 0.926 / 0.15)"
          },
          {
            "bucket": "chrome",
            "kind": "box-shadow×3",
            "el": "button.toggle-group__item.control-surface.glass-control-edge",
            "detail": "rgba(255, 255, 255, 0.1) 0px 1px 0px 0px inset | color(srgb 0.11 0.098 0.09 / 0.06) 0px -1px 0px 0px inset | color(srgb 0.11 0.098 0.09 / 0.04) 1px 0px 0px 0px "
          },
          {
            "bucket": "chrome",
            "kind": "control-gradient",
            "el": "button.toggle-group__item.control-surface.glass-control-edge",
            "detail": "linear-gradient(color(srgb 0.20397 0.148263 0.0829736 / 0.1), color(srgb 0.20397 0.148263 0.0829736 / 0.1)), linear-gradient(color(srgb 0.994 0.96 0.926 / 0.15)"
          },
          {
            "bucket": "chrome",
            "kind": "box-shadow×3",
            "el": "button.toggle-group__item.control-surface.glass-control-edge",
            "detail": "rgba(255, 255, 255, 0.1) 0px 1px 0px 0px inset | color(srgb 0.11 0.098 0.09 / 0.06) 0px -1px 0px 0px inset | color(srgb 0.11 0.098 0.09 / 0.04) 1px 0px 0px 0px "
          },
          {
            "bucket": "chrome",
            "kind": "control-gradient",
            "el": "button.toggle-group__item.control-surface.glass-control-edge",
            "detail": "linear-gradient(color(srgb 0.20397 0.148263 0.0829736 / 0.1), color(srgb 0.20397 0.148263 0.0829736 / 0.1)), linear-gradient(color(srgb 0.994 0.96 0.926 / 0.15)"
          },
          {
            "bucket": "chrome",
            "kind": "box-shadow×3",
            "el": "button.toggle-group__item.control-surface.glass-control-edge",
            "detail": "rgba(255, 255, 255, 0.1) 0px 1px 0px 0px inset | color(srgb 0.11 0.098 0.09 / 0.06) 0px -1px 0px 0px inset | color(srgb 0.11 0.098 0.09 / 0.04) 1px 0px 0px 0px "
          },
          {
            "bucket": "chrome",
            "kind": "control-gradient",
            "el": "button.toggle-group__item.control-surface.glass-control-edge",
            "detail": "linear-gradient(color(srgb 0.20397 0.148263 0.0829736 / 0.1), color(srgb 0.20397 0.148263 0.0829736 / 0.1)), linear-gradient(color(srgb 0.994 0.96 0.926 / 0.15)"
          },
          {
            "bucket": "chrome",
            "kind": "box-shadow×3",
            "el": "button.toggle-group__item.control-surface.glass-control-edge",
            "detail": "rgba(255, 255, 255, 0.1) 0px 1px 0px 0px inset | color(srgb 0.11 0.098 0.09 / 0.06) 0px -1px 0px 0px inset | color(srgb 0.11 0.098 0.09 / 0.04) 1px 0px 0px 0px "
          },
          {
            "bucket": "chrome",
            "kind": "control-gradient",
            "el": "button.toggle-group__item.control-surface.glass-control-edge",
            "detail": "linear-gradient(color(srgb 0.20397 0.148263 0.0829736 / 0.1), color(srgb 0.20397 0.148263 0.0829736 / 0.1)), linear-gradient(color(srgb 0.994 0.96 0.926 / 0.15)"
          },
          {
            "bucket": "chrome",
            "kind": "box-shadow×3",
            "el": "button.toggle-group__item.control-surface.glass-control-edge",
            "detail": "rgba(255, 255, 255, 0.1) 0px 1px 0px 0px inset | color(srgb 0.11 0.098 0.09 / 0.06) 0px -1px 0px 0px inset | color(srgb 0.11 0.098 0.09 / 0.04) 1px 0px 0px 0px "
          },
          {
            "bucket": "chrome",
            "kind": "control-gradient",
            "el": "button.toggle-group__item.control-surface.glass-control-edge",
            "detail": "linear-gradient(color(srgb 0.20397 0.148263 0.0829736 / 0.1), color(srgb 0.20397 0.148263 0.0829736 / 0.1)), linear-gradient(color(srgb 0.994 0.96 0.926 / 0.15)"
          },
          {
            "bucket": "chrome",
            "kind": "box-shadow×3",
            "el": "button.toggle-group__item.control-surface.glass-control-edge",
            "detail": "rgba(255, 255, 255, 0.1) 0px 1px 0px 0px inset | color(srgb 0.11 0.098 0.09 / 0.06) 0px -1px 0px 0px inset | color(srgb 0.11 0.098 0.09 / 0.04) 1px 0px 0px 0px "
          },
          {
            "bucket": "chrome",
            "kind": "control-gradient",
            "el": "button.toggle-group__item.control-surface.glass-control-edge",
            "detail": "linear-gradient(color(srgb 0.20397 0.148263 0.0829736 / 0.1), color(srgb 0.20397 0.148263 0.0829736 / 0.1)), linear-gradient(color(srgb 0.994 0.96 0.926 / 0.15)"
          },
          {
            "bucket": "chrome",
            "kind": "box-shadow×3",
            "el": "button.toggle-group__item.control-surface.glass-control-edge",
            "detail": "rgba(255, 255, 255, 0.1) 0px 1px 0px 0px inset | color(srgb 0.11 0.098 0.09 / 0.06) 0px -1px 0px 0px inset | color(srgb 0.11 0.098 0.09 / 0.04) 1px 0px 0px 0px "
          },
          {
            "bucket": "chrome",
            "kind": "control-gradient",
            "el": "button.toggle-group__item.control-surface.glass-control-edge",
            "detail": "linear-gradient(color(srgb 0.20397 0.148263 0.0829736 / 0.1), color(srgb 0.20397 0.148263 0.0829736 / 0.1)), linear-gradient(color(srgb 0.994 0.96 0.926 / 0.15)"
          },
          {
            "bucket": "chrome",
            "kind": "box-shadow×3",
            "el": "button.toggle-group__item.control-surface.glass-control-edge",
            "detail": "rgba(255, 255, 255, 0.1) 0px 1px 0px 0px inset | color(srgb 0.11 0.098 0.09 / 0.06) 0px -1px 0px 0px inset | color(srgb 0.11 0.098 0.09 / 0.04) 1px 0px 0px 0px "
          },
          {
            "bucket": "chrome",
            "kind": "control-gradient",
            "el": "button.toggle-group__item.control-surface.glass-control-edge",
            "detail": "linear-gradient(color(srgb 0.20397 0.148263 0.0829736 / 0.1), color(srgb 0.20397 0.148263 0.0829736 / 0.1)), linear-gradient(color(srgb 0.994 0.96 0.926 / 0.15)"
          },
          {
            "bucket": "chrome",
            "kind": "box-shadow×3",
            "el": "button.toggle-group__item.control-surface.glass-control-edge",
            "detail": "rgba(255, 255, 255, 0.1) 0px 1px 0px 0px inset | color(srgb 0.11 0.098 0.09 / 0.06) 0px -1px 0px 0px inset | color(srgb 0.11 0.098 0.09 / 0.04) 1px 0px 0px 0px "
          },
          {
            "bucket": "chrome",
            "kind": "control-gradient",
            "el": "button.toggle-group__item.control-surface.glass-control-edge",
            "detail": "linear-gradient(color(srgb 0.20397 0.148263 0.0829736 / 0.1), color(srgb 0.20397 0.148263 0.0829736 / 0.1)), linear-gradient(color(srgb 0.994 0.96 0.926 / 0.15)"
          },
          {
            "bucket": "chrome",
            "kind": "box-shadow×3",
            "el": "button.toggle-group__item.control-surface.glass-control-edge",
            "detail": "rgba(255, 255, 255, 0.1) 0px 1px 0px 0px inset | color(srgb 0.11 0.098 0.09 / 0.06) 0px -1px 0px 0px inset | color(srgb 0.11 0.098 0.09 / 0.04) 1px 0px 0px 0px "
          },
          {
            "bucket": "chrome",
            "kind": "control-gradient",
            "el": "button.toggle-group__item.control-surface.glass-control-edge",
            "detail": "linear-gradient(color(srgb 0.20397 0.148263 0.0829736 / 0.1), color(srgb 0.20397 0.148263 0.0829736 / 0.1)), linear-gradient(color(srgb 0.994 0.96 0.926 / 0.15)"
          },
          {
            "bucket": "chrome",
            "kind": "box-shadow×3",
            "el": "button.toggle-group__item.control-surface.glass-control-edge",
            "detail": "rgba(255, 255, 255, 0.1) 0px 1px 0px 0px inset | color(srgb 0.11 0.098 0.09 / 0.06) 0px -1px 0px 0px inset | color(srgb 0.11 0.098 0.09 / 0.04) 1px 0px 0px 0px "
          },
          {
            "bucket": "chrome",
            "kind": "control-gradient",
            "el": "button.toggle-group__item.control-surface.glass-control-edge",
            "detail": "linear-gradient(color(srgb 0.20397 0.148263 0.0829736 / 0.1), color(srgb 0.20397 0.148263 0.0829736 / 0.1)), linear-gradient(color(srgb 0.994 0.96 0.926 / 0.15)"
          },
          {
            "bucket": "chrome",
            "kind": "box-shadow×3",
            "el": "button.toggle-group__item.control-surface.glass-control-edge",
            "detail": "rgba(255, 255, 255, 0.1) 0px 1px 0px 0px inset | color(srgb 0.11 0.098 0.09 / 0.06) 0px -1px 0px 0px inset | color(srgb 0.11 0.098 0.09 / 0.04) 1px 0px 0px 0px "
          },
          {
            "bucket": "chrome",
            "kind": "control-gradient",
            "el": "button.toggle-group__item.control-surface.glass-control-edge",
            "detail": "linear-gradient(color(srgb 0.20397 0.148263 0.0829736 / 0.1), color(srgb 0.20397 0.148263 0.0829736 / 0.1)), linear-gradient(color(srgb 0.994 0.96 0.926 / 0.15)"
          },
          {
            "bucket": "chrome",
            "kind": "box-shadow×3",
            "el": "button.toggle-group__item.control-surface.glass-control-edge",
            "detail": "rgba(255, 255, 255, 0.1) 0px 1px 0px 0px inset | color(srgb 0.11 0.098 0.09 / 0.06) 0px -1px 0px 0px inset | color(srgb 0.11 0.098 0.09 / 0.04) 1px 0px 0px 0px "
          },
          {
            "bucket": "chrome",
            "kind": "control-gradient",
            "el": "button.toggle-group__item.control-surface.glass-control-edge",
            "detail": "linear-gradient(color(srgb 0.20397 0.148263 0.0829736 / 0.1), color(srgb 0.20397 0.148263 0.0829736 / 0.1)), linear-gradient(color(srgb 0.994 0.96 0.926 / 0.15)"
          },
          {
            "bucket": "chrome",
            "kind": "box-shadow×3",
            "el": "button.toggle-group__item.control-surface.glass-control-edge",
            "detail": "rgba(255, 255, 255, 0.1) 0px 1px 0px 0px inset | color(srgb 0.11 0.098 0.09 / 0.06) 0px -1px 0px 0px inset | color(srgb 0.11 0.098 0.09 / 0.04) 1px 0px 0px 0px "
          },
          {
            "bucket": "chrome",
            "kind": "control-gradient",
            "el": "button.toggle-group__item.control-surface.glass-control-edge",
            "detail": "linear-gradient(color(srgb 0.20397 0.148263 0.0829736 / 0.1), color(srgb 0.20397 0.148263 0.0829736 / 0.1)), linear-gradient(color(srgb 0.994 0.96 0.926 / 0.15)"
          },
          {
            "bucket": "chrome",
            "kind": "box-shadow×3",
            "el": "button.toggle-group__item.control-surface.glass-control-edge",
            "detail": "rgba(255, 255, 255, 0.1) 0px 1px 0px 0px inset | color(srgb 0.11 0.098 0.09 / 0.06) 0px -1px 0px 0px inset | color(srgb 0.11 0.098 0.09 / 0.04) 1px 0px 0px 0px "
          },
          {
            "bucket": "chrome",
            "kind": "control-gradient",
            "el": "button.toggle-group__item.control-surface.glass-control-edge",
            "detail": "linear-gradient(color(srgb 0.20397 0.148263 0.0829736 / 0.1), color(srgb 0.20397 0.148263 0.0829736 / 0.1)), linear-gradient(color(srgb 0.994 0.96 0.926 / 0.15)"
          },
          {
            "bucket": "chrome",
            "kind": "box-shadow×3",
            "el": "button.toggle-group__item.control-surface.glass-control-edge",
            "detail": "rgba(255, 255, 255, 0.1) 0px 1px 0px 0px inset | color(srgb 0.11 0.098 0.09 / 0.06) 0px -1px 0px 0px inset | color(srgb 0.11 0.098 0.09 / 0.04) 1px 0px 0px 0px "
          },
          {
            "bucket": "chrome",
            "kind": "control-gradient",
            "el": "button.toggle-group__item.control-surface.glass-control-edge",
            "detail": "linear-gradient(color(srgb 0.20397 0.148263 0.0829736 / 0.1), color(srgb 0.20397 0.148263 0.0829736 / 0.1)), linear-gradient(color(srgb 0.994 0.96 0.926 / 0.15)"
          },
          {
            "bucket": "chrome",
            "kind": "box-shadow×3",
            "el": "button.toggle-group__item.control-surface.glass-control-edge",
            "detail": "rgba(255, 255, 255, 0.1) 0px 1px 0px 0px inset | color(srgb 0.11 0.098 0.09 / 0.06) 0px -1px 0px 0px inset | color(srgb 0.11 0.098 0.09 / 0.04) 1px 0px 0px 0px "
          },
          {
            "bucket": "chrome",
            "kind": "control-gradient",
            "el": "button.toggle-group__item.control-surface.glass-control-edge",
            "detail": "linear-gradient(color(srgb 0.20397 0.148263 0.0829736 / 0.1), color(srgb 0.20397 0.148263 0.0829736 / 0.1)), linear-gradient(color(srgb 0.994 0.96 0.926 / 0.15)"
          },
          {
            "bucket": "chrome",
            "kind": "box-shadow×3",
            "el": "button.toggle-group__item.control-surface.glass-control-edge",
            "detail": "rgba(255, 255, 255, 0.1) 0px 1px 0px 0px inset | color(srgb 0.11 0.098 0.09 / 0.06) 0px -1px 0px 0px inset | color(srgb 0.11 0.098 0.09 / 0.04) 1px 0px 0px 0px "
          },
          {
            "bucket": "chrome",
            "kind": "control-gradient",
            "el": "button.toggle-group__item.control-surface.glass-control-edge",
            "detail": "linear-gradient(color(srgb 0.20397 0.148263 0.0829736 / 0.1), color(srgb 0.20397 0.148263 0.0829736 / 0.1)), linear-gradient(color(srgb 0.994 0.96 0.926 / 0.15)"
          }
        ]
      },
      {
        "route": "spring",
        "scheme": "light",
        "width": 1440,
        "chrome": {
          "shadowEls": 9,
          "shadowLayers": 21,
          "maxLayers": 5,
          "nonFloatingShadowEls": 9,
          "insetHighlights": 3,
          "textShadow": 0,
          "dropShadow": 0,
          "filterBlur": 0,
          "backdropBlur": 10,
          "controlGradients": 0,
          "loopingAnimations": 0
        },
        "subject": {
          "shadowEls": 0,
          "shadowLayers": 0,
          "maxLayers": 0,
          "nonFloatingShadowEls": 0,
          "insetHighlights": 0,
          "textShadow": 0,
          "dropShadow": 0,
          "filterBlur": 0,
          "backdropBlur": 0,
          "controlGradients": 1,
          "loopingAnimations": 0,
          "gradientFills": 0
        },
        "identityGradients": 1,
        "offenders": [
          {
            "bucket": "chrome",
            "kind": "box-shadow×1",
            "el": "div.glass-dock.horizontal.shape-pill",
            "detail": "color(srgb 0.11 0.098 0.09 / 0.12) 0px 0px 12px 0px"
          },
          {
            "bucket": "chrome",
            "kind": "box-shadow×3",
            "el": "div.glass-quiet.card.pane-frame",
            "detail": "oklab(0.28 0.0167833 0.0248661 / 0.32) -3px 3px 0px 0px | oklab(0.28 0.0167833 0.0248661 / 0.26) -5px 5px 0px 0px | oklab(0.28 0.0167833 0.0248661 / 0.18) -7px "
          },
          {
            "bucket": "chrome",
            "kind": "box-shadow×1",
            "el": "span.slider-track.track-well",
            "detail": "oklab(0.28 0.0167833 0.0248661 / 0.16) 0px 1px 0px 0px inset"
          },
          {
            "bucket": "chrome",
            "kind": "box-shadow×4",
            "el": "span.slider-range.glass-liquid-fill",
            "detail": "rgba(255, 255, 255, 0.1) 0px 1px 0px 0px inset | color(srgb 0.11 0.098 0.09 / 0.06) 0px -1px 0px 0px inset | color(srgb 0.11 0.098 0.09 / 0.04) 1px 0px 0px 0px "
          },
          {
            "bucket": "chrome",
            "kind": "box-shadow×1",
            "el": "span.slider-track.track-well",
            "detail": "oklab(0.28 0.0167833 0.0248661 / 0.16) 0px 1px 0px 0px inset"
          },
          {
            "bucket": "chrome",
            "kind": "box-shadow×4",
            "el": "span.slider-range.glass-liquid-fill",
            "detail": "rgba(255, 255, 255, 0.1) 0px 1px 0px 0px inset | color(srgb 0.11 0.098 0.09 / 0.06) 0px -1px 0px 0px inset | color(srgb 0.11 0.098 0.09 / 0.04) 1px 0px 0px 0px "
          },
          {
            "bucket": "chrome",
            "kind": "box-shadow×1",
            "el": "span.slider-track.track-well",
            "detail": "oklab(0.28 0.0167833 0.0248661 / 0.16) 0px 1px 0px 0px inset"
          },
          {
            "bucket": "chrome",
            "kind": "box-shadow×5",
            "el": "div.glass-resting.card.spring-target",
            "detail": "rgba(255, 255, 255, 0.1) 0px 1px 0px 0px inset | color(srgb 0.11 0.098 0.09 / 0.06) 0px -1px 0px 0px inset | color(srgb 0.11 0.098 0.09 / 0.04) 1px 0px 0px 0px "
          },
          {
            "bucket": "subject",
            "kind": "control-gradient",
            "el": "div.spring-track.stage-field-x",
            "detail": "repeating-linear-gradient(to right, rgba(0, 0, 0, 0) 0px, rgba(0, 0, 0, 0) calc(25% - 1px), rgb(198, 180, 159) calc(25% - 1px), rgb(198, 180, 159) 25%)"
          },
          {
            "bucket": "chrome",
            "kind": "box-shadow×1",
            "el": "div.glass-dock.horizontal.shape-pill",
            "detail": "color(srgb 0.11 0.098 0.09 / 0.12) 0px 0px 12px 0px"
          }
        ]
      },
      {
        "route": "sequence",
        "scheme": "light",
        "width": 1440,
        "chrome": {
          "shadowEls": 4,
          "shadowLayers": 10,
          "maxLayers": 5,
          "nonFloatingShadowEls": 4,
          "insetHighlights": 1,
          "textShadow": 0,
          "dropShadow": 0,
          "filterBlur": 0,
          "backdropBlur": 4,
          "controlGradients": 0,
          "loopingAnimations": 0
        },
        "subject": {
          "shadowEls": 0,
          "shadowLayers": 0,
          "maxLayers": 0,
          "nonFloatingShadowEls": 0,
          "insetHighlights": 0,
          "textShadow": 0,
          "dropShadow": 0,
          "filterBlur": 0,
          "backdropBlur": 0,
          "controlGradients": 0,
          "loopingAnimations": 0,
          "gradientFills": 0
        },
        "identityGradients": 1,
        "offenders": [
          {
            "bucket": "chrome",
            "kind": "box-shadow×1",
            "el": "div.glass-dock.horizontal.shape-pill",
            "detail": "color(srgb 0.11 0.098 0.09 / 0.12) 0px 0px 12px 0px"
          },
          {
            "bucket": "chrome",
            "kind": "box-shadow×3",
            "el": "div.glass-quiet.card.pane-frame",
            "detail": "oklab(0.28 0.0167833 0.0248661 / 0.32) -3px 3px 0px 0px | oklab(0.28 0.0167833 0.0248661 / 0.26) -5px 5px 0px 0px | oklab(0.28 0.0167833 0.0248661 / 0.18) -7px "
          },
          {
            "bucket": "chrome",
            "kind": "box-shadow×5",
            "el": "div.glass-resting.card.seq-target",
            "detail": "rgba(255, 255, 255, 0.1) 0px 1px 0px 0px inset | color(srgb 0.11 0.098 0.09 / 0.06) 0px -1px 0px 0px inset | color(srgb 0.11 0.098 0.09 / 0.04) 1px 0px 0px 0px "
          },
          {
            "bucket": "chrome",
            "kind": "box-shadow×1",
            "el": "div.glass-dock.horizontal.shape-pill",
            "detail": "color(srgb 0.11 0.098 0.09 / 0.12) 0px 0px 12px 0px"
          }
        ]
      },
      {
        "route": "home",
        "scheme": "dark",
        "width": 1440,
        "chrome": {
          "shadowEls": 2,
          "shadowLayers": 2,
          "maxLayers": 1,
          "nonFloatingShadowEls": 2,
          "insetHighlights": 0,
          "textShadow": 0,
          "dropShadow": 0,
          "filterBlur": 0,
          "backdropBlur": 2,
          "controlGradients": 0,
          "loopingAnimations": 26
        },
        "subject": {
          "shadowEls": 0,
          "shadowLayers": 0,
          "maxLayers": 0,
          "nonFloatingShadowEls": 0,
          "insetHighlights": 0,
          "textShadow": 0,
          "dropShadow": 0,
          "filterBlur": 0,
          "backdropBlur": 0,
          "controlGradients": 0,
          "loopingAnimations": 0,
          "gradientFills": 0
        },
        "identityGradients": 1,
        "offenders": [
          {
            "bucket": "chrome",
            "kind": "box-shadow×1",
            "el": "div.glass-dock.horizontal.shape-pill",
            "detail": "color(srgb 0.914 0.9 0.886 / 0.12) 0px 0px 12px 0px"
          },
          {
            "bucket": "chrome",
            "kind": "box-shadow×1",
            "el": "div.glass-dock.horizontal.shape-pill",
            "detail": "color(srgb 0.914 0.9 0.886 / 0.12) 0px 0px 12px 0px"
          },
          {
            "bucket": "chrome",
            "kind": "looping-animation",
            "el": "span.wave-char",
            "detail": "charLift-654d03de"
          },
          {
            "bucket": "chrome",
            "kind": "looping-animation",
            "el": "span.wave-char",
            "detail": "charLift-654d03de"
          },
          {
            "bucket": "chrome",
            "kind": "looping-animation",
            "el": "span.wave-char",
            "detail": "charLift-654d03de"
          },
          {
            "bucket": "chrome",
            "kind": "looping-animation",
            "el": "span.wave-char",
            "detail": "charLift-654d03de"
          },
          {
            "bucket": "chrome",
            "kind": "looping-animation",
            "el": "span.wave-char",
            "detail": "charLift-654d03de"
          },
          {
            "bucket": "chrome",
            "kind": "looping-animation",
            "el": "span.wave-char",
            "detail": "charLift-654d03de"
          },
          {
            "bucket": "chrome",
            "kind": "looping-animation",
            "el": "span.wave-char",
            "detail": "charLift-654d03de"
          },
          {
            "bucket": "chrome",
            "kind": "looping-animation",
            "el": "span.wave-char",
            "detail": "charLift-654d03de"
          },
          {
            "bucket": "chrome",
            "kind": "looping-animation",
            "el": "span.wave-char",
            "detail": "charLift-654d03de"
          },
          {
            "bucket": "chrome",
            "kind": "looping-animation",
            "el": "span.wave-char",
            "detail": "charLift-654d03de"
          },
          {
            "bucket": "chrome",
            "kind": "looping-animation",
            "el": "span.wave-char",
            "detail": "charLift-654d03de"
          },
          {
            "bucket": "chrome",
            "kind": "looping-animation",
            "el": "span.wave-char",
            "detail": "charLift-654d03de"
          },
          {
            "bucket": "chrome",
            "kind": "looping-animation",
            "el": "span.wave-char",
            "detail": "charLift-654d03de"
          },
          {
            "bucket": "chrome",
            "kind": "looping-animation",
            "el": "span.wave-char",
            "detail": "charLift-654d03de"
          },
          {
            "bucket": "chrome",
            "kind": "looping-animation",
            "el": "span.wave-char",
            "detail": "charLift-654d03de"
          },
          {
            "bucket": "chrome",
            "kind": "looping-animation",
            "el": "span.wave-char",
            "detail": "charLift-654d03de"
          },
          {
            "bucket": "chrome",
            "kind": "looping-animation",
            "el": "span.wave-char",
            "detail": "charLift-654d03de"
          },
          {
            "bucket": "chrome",
            "kind": "looping-animation",
            "el": "span.dot",
            "detail": ""
          },
          {
            "bucket": "chrome",
            "kind": "looping-animation",
            "el": "span.dot",
            "detail": ""
          },
          {
            "bucket": "chrome",
            "kind": "looping-animation",
            "el": "span.dot",
            "detail": ""
          },
          {
            "bucket": "chrome",
            "kind": "looping-animation",
            "el": "span.dot",
            "detail": ""
          },
          {
            "bucket": "chrome",
            "kind": "looping-animation",
            "el": "span.dot",
            "detail": ""
          },
          {
            "bucket": "chrome",
            "kind": "looping-animation",
            "el": "span.dot",
            "detail": ""
          },
          {
            "bucket": "chrome",
            "kind": "looping-animation",
            "el": "span.typing-dot",
            "detail": ""
          },
          {
            "bucket": "chrome",
            "kind": "looping-animation",
            "el": "span.typing-dot",
            "detail": ""
          },
          {
            "bucket": "chrome",
            "kind": "looping-animation",
            "el": "span.typing-dot",
            "detail": ""
          }
        ]
      },
      {
        "route": "cube",
        "scheme": "dark",
        "width": 1440,
        "chrome": {
          "shadowEls": 17,
          "shadowLayers": 52,
          "maxLayers": 5,
          "nonFloatingShadowEls": 17,
          "insetHighlights": 36,
          "textShadow": 0,
          "dropShadow": 0,
          "filterBlur": 0,
          "backdropBlur": 14,
          "controlGradients": 4,
          "loopingAnimations": 0
        },
        "subject": {
          "shadowEls": 0,
          "shadowLayers": 0,
          "maxLayers": 0,
          "nonFloatingShadowEls": 0,
          "insetHighlights": 0,
          "textShadow": 0,
          "dropShadow": 0,
          "filterBlur": 0,
          "backdropBlur": 0,
          "controlGradients": 0,
          "loopingAnimations": 0,
          "gradientFills": 0
        },
        "identityGradients": 1,
        "offenders": [
          {
            "bucket": "chrome",
            "kind": "box-shadow×1",
            "el": "div.glass-dock.horizontal.shape-pill",
            "detail": "color(srgb 0.914 0.9 0.886 / 0.12) 0px 0px 12px 0px"
          },
          {
            "bucket": "chrome",
            "kind": "box-shadow×3",
            "el": "div.glass-quiet.card.pane-frame",
            "detail": "oklab(0.34 0.0115033 0.0277069 / 0.46) -3px 3px 0px 0px | oklab(0.34 0.0115033 0.0277069 / 0.38) -5px 5px 0px 0px | oklab(0.34 0.0115033 0.0277069 / 0.26) -7px "
          },
          {
            "bucket": "chrome",
            "kind": "box-shadow×4",
            "el": "input#v-49-control.field-control.glass-control-edge",
            "detail": "rgba(255, 255, 255, 0.08) 0px 1px 0px 0px inset | color(srgb 0.914 0.9 0.886 / 0.06) 0px -1px 0px 0px inset | color(srgb 0.914 0.9 0.886 / 0.04) 1px 0px 0px 0px"
          },
          {
            "bucket": "chrome",
            "kind": "box-shadow×4",
            "el": "input#v-50-control.field-control.glass-control-edge",
            "detail": "rgba(255, 255, 255, 0.08) 0px 1px 0px 0px inset | color(srgb 0.914 0.9 0.886 / 0.06) 0px -1px 0px 0px inset | color(srgb 0.914 0.9 0.886 / 0.04) 1px 0px 0px 0px"
          },
          {
            "bucket": "chrome",
            "kind": "box-shadow×4",
            "el": "input#v-51-control.field-control.glass-control-edge",
            "detail": "rgba(255, 255, 255, 0.08) 0px 1px 0px 0px inset | color(srgb 0.914 0.9 0.886 / 0.06) 0px -1px 0px 0px inset | color(srgb 0.914 0.9 0.886 / 0.04) 1px 0px 0px 0px"
          },
          {
            "bucket": "chrome",
            "kind": "box-shadow×3",
            "el": "button#v-52-control.control-surface.glass-control-edge.glass-capsule-hover",
            "detail": "rgba(255, 255, 255, 0.08) 0px 1px 0px 0px inset | color(srgb 0.914 0.9 0.886 / 0.06) 0px -1px 0px 0px inset | color(srgb 0.914 0.9 0.886 / 0.04) 1px 0px 0px 0px"
          },
          {
            "bucket": "chrome",
            "kind": "control-gradient",
            "el": "button#v-52-control.control-surface.glass-control-edge.glass-capsule-hover",
            "detail": "linear-gradient(color(srgb 0.0927547 0.0503523 0.00879371 / 0.14), color(srgb 0.0927547 0.0503523 0.00879371 / 0.14)), linear-gradient(color(srgb 0.2074 0.16501"
          },
          {
            "bucket": "chrome",
            "kind": "box-shadow×3",
            "el": "button#v-54-control.control-surface.glass-control-edge.glass-capsule-hover",
            "detail": "rgba(255, 255, 255, 0.08) 0px 1px 0px 0px inset | color(srgb 0.914 0.9 0.886 / 0.06) 0px -1px 0px 0px inset | color(srgb 0.914 0.9 0.886 / 0.04) 1px 0px 0px 0px"
          },
          {
            "bucket": "chrome",
            "kind": "control-gradient",
            "el": "button#v-54-control.control-surface.glass-control-edge.glass-capsule-hover",
            "detail": "linear-gradient(color(srgb 0.0927547 0.0503523 0.00879371 / 0.14), color(srgb 0.0927547 0.0503523 0.00879371 / 0.14)), linear-gradient(color(srgb 0.2074 0.16501"
          },
          {
            "bucket": "chrome",
            "kind": "box-shadow×3",
            "el": "button#reka-popover-trigger-v-59.control-surface.glass-control-edge.glass-capsule-hover",
            "detail": "rgba(255, 255, 255, 0.08) 0px 1px 0px 0px inset | color(srgb 0.914 0.9 0.886 / 0.06) 0px -1px 0px 0px inset | color(srgb 0.914 0.9 0.886 / 0.04) 1px 0px 0px 0px"
          },
          {
            "bucket": "chrome",
            "kind": "control-gradient",
            "el": "button#reka-popover-trigger-v-59.control-surface.glass-control-edge.glass-capsule-hover",
            "detail": "linear-gradient(color(srgb 0.0927547 0.0503523 0.00879371 / 0.14), color(srgb 0.0927547 0.0503523 0.00879371 / 0.14)), linear-gradient(color(srgb 0.2074 0.16501"
          },
          {
            "bucket": "chrome",
            "kind": "box-shadow×3",
            "el": "button#v-61-control.control-surface.glass-control-edge.glass-capsule-hover",
            "detail": "rgba(255, 255, 255, 0.08) 0px 1px 0px 0px inset | color(srgb 0.914 0.9 0.886 / 0.06) 0px -1px 0px 0px inset | color(srgb 0.914 0.9 0.886 / 0.04) 1px 0px 0px 0px"
          },
          {
            "bucket": "chrome",
            "kind": "control-gradient",
            "el": "button#v-61-control.control-surface.glass-control-edge.glass-capsule-hover",
            "detail": "linear-gradient(color(srgb 0.0927547 0.0503523 0.00879371 / 0.14), color(srgb 0.0927547 0.0503523 0.00879371 / 0.14)), linear-gradient(color(srgb 0.2074 0.16501"
          },
          {
            "bucket": "chrome",
            "kind": "box-shadow×5",
            "el": "button.button.tap-squish.focus-ring",
            "detail": "rgba(255, 255, 255, 0.08) 0px 1px 0px 0px inset | color(srgb 0.914 0.9 0.886 / 0.06) 0px -1px 0px 0px inset | color(srgb 0.914 0.9 0.886 / 0.04) 1px 0px 0px 0px"
          },
          {
            "bucket": "chrome",
            "kind": "box-shadow×4",
            "el": "input#v-63-control.number-field__input.field-control.glass-control-edge",
            "detail": "rgba(255, 255, 255, 0.08) 0px 1px 0px 0px inset | color(srgb 0.914 0.9 0.886 / 0.06) 0px -1px 0px 0px inset | color(srgb 0.914 0.9 0.886 / 0.04) 1px 0px 0px 0px"
          },
          {
            "bucket": "chrome",
            "kind": "box-shadow×5",
            "el": "button.button.tap-squish.focus-ring",
            "detail": "rgba(255, 255, 255, 0.08) 0px 1px 0px 0px inset | color(srgb 0.914 0.9 0.886 / 0.06) 0px -1px 0px 0px inset | color(srgb 0.914 0.9 0.886 / 0.04) 1px 0px 0px 0px"
          },
          {
            "bucket": "chrome",
            "kind": "box-shadow×3",
            "el": "span.control-bit__face",
            "detail": "rgba(255, 255, 255, 0.08) 0px 1px 0px 0px inset | color(srgb 0.914 0.9 0.886 / 0.06) 0px -1px 0px 0px inset | color(srgb 0.914 0.9 0.886 / 0.04) 1px 0px 0px 0px"
          },
          {
            "bucket": "chrome",
            "kind": "box-shadow×1",
            "el": "span.switch__thumb",
            "detail": "color(srgb 0.914 0.9 0.886 / 0.08) 0px 4px 16px 0px"
          },
          {
            "bucket": "chrome",
            "kind": "box-shadow×1",
            "el": "span.slider-track.track-well",
            "detail": "oklab(0.34 0.0115033 0.0277069 / 0.16) 0px 1px 0px 0px inset"
          },
          {
            "bucket": "chrome",
            "kind": "box-shadow×4",
            "el": "span.slider-range.glass-liquid-fill",
            "detail": "rgba(255, 255, 255, 0.08) 0px 1px 0px 0px inset | color(srgb 0.914 0.9 0.886 / 0.06) 0px -1px 0px 0px inset | color(srgb 0.914 0.9 0.886 / 0.04) 1px 0px 0px 0px"
          },
          {
            "bucket": "chrome",
            "kind": "box-shadow×1",
            "el": "div.glass-dock.horizontal.shape-pill",
            "detail": "color(srgb 0.914 0.9 0.886 / 0.12) 0px 0px 12px 0px"
          }
        ]
      },
      {
        "route": "amiga",
        "scheme": "dark",
        "width": 1440,
        "chrome": {
          "shadowEls": 18,
          "shadowLayers": 53,
          "maxLayers": 5,
          "nonFloatingShadowEls": 18,
          "insetHighlights": 36,
          "textShadow": 0,
          "dropShadow": 0,
          "filterBlur": 0,
          "backdropBlur": 14,
          "controlGradients": 4,
          "loopingAnimations": 0
        },
        "subject": {
          "shadowEls": 0,
          "shadowLayers": 0,
          "maxLayers": 0,
          "nonFloatingShadowEls": 0,
          "insetHighlights": 0,
          "textShadow": 0,
          "dropShadow": 0,
          "filterBlur": 0,
          "backdropBlur": 0,
          "controlGradients": 0,
          "loopingAnimations": 0,
          "gradientFills": 0
        },
        "identityGradients": 1,
        "offenders": [
          {
            "bucket": "chrome",
            "kind": "box-shadow×1",
            "el": "div.glass-dock.horizontal.shape-pill",
            "detail": "color(srgb 0.914 0.9 0.886 / 0.12) 0px 0px 12px 0px"
          },
          {
            "bucket": "chrome",
            "kind": "box-shadow×3",
            "el": "div.glass-quiet.card.pane-frame",
            "detail": "oklab(0.34 0.0115033 0.0277069 / 0.46) -3px 3px 0px 0px | oklab(0.34 0.0115033 0.0277069 / 0.38) -5px 5px 0px 0px | oklab(0.34 0.0115033 0.0277069 / 0.26) -7px "
          },
          {
            "bucket": "chrome",
            "kind": "box-shadow×4",
            "el": "input#v-118-control.field-control.glass-control-edge",
            "detail": "rgba(255, 255, 255, 0.08) 0px 1px 0px 0px inset | color(srgb 0.914 0.9 0.886 / 0.06) 0px -1px 0px 0px inset | color(srgb 0.914 0.9 0.886 / 0.04) 1px 0px 0px 0px"
          },
          {
            "bucket": "chrome",
            "kind": "box-shadow×4",
            "el": "input#v-119-control.field-control.glass-control-edge",
            "detail": "rgba(255, 255, 255, 0.08) 0px 1px 0px 0px inset | color(srgb 0.914 0.9 0.886 / 0.06) 0px -1px 0px 0px inset | color(srgb 0.914 0.9 0.886 / 0.04) 1px 0px 0px 0px"
          },
          {
            "bucket": "chrome",
            "kind": "box-shadow×4",
            "el": "input#v-120-control.field-control.glass-control-edge",
            "detail": "rgba(255, 255, 255, 0.08) 0px 1px 0px 0px inset | color(srgb 0.914 0.9 0.886 / 0.06) 0px -1px 0px 0px inset | color(srgb 0.914 0.9 0.886 / 0.04) 1px 0px 0px 0px"
          },
          {
            "bucket": "chrome",
            "kind": "box-shadow×3",
            "el": "button#v-121-control.control-surface.glass-control-edge.glass-capsule-hover",
            "detail": "rgba(255, 255, 255, 0.08) 0px 1px 0px 0px inset | color(srgb 0.914 0.9 0.886 / 0.06) 0px -1px 0px 0px inset | color(srgb 0.914 0.9 0.886 / 0.04) 1px 0px 0px 0px"
          },
          {
            "bucket": "chrome",
            "kind": "control-gradient",
            "el": "button#v-121-control.control-surface.glass-control-edge.glass-capsule-hover",
            "detail": "linear-gradient(color(srgb 0.0927547 0.0503523 0.00879371 / 0.14), color(srgb 0.0927547 0.0503523 0.00879371 / 0.14)), linear-gradient(color(srgb 0.2074 0.16501"
          },
          {
            "bucket": "chrome",
            "kind": "box-shadow×3",
            "el": "button#v-123-control.control-surface.glass-control-edge.glass-capsule-hover",
            "detail": "rgba(255, 255, 255, 0.08) 0px 1px 0px 0px inset | color(srgb 0.914 0.9 0.886 / 0.06) 0px -1px 0px 0px inset | color(srgb 0.914 0.9 0.886 / 0.04) 1px 0px 0px 0px"
          },
          {
            "bucket": "chrome",
            "kind": "control-gradient",
            "el": "button#v-123-control.control-surface.glass-control-edge.glass-capsule-hover",
            "detail": "linear-gradient(color(srgb 0.0927547 0.0503523 0.00879371 / 0.14), color(srgb 0.0927547 0.0503523 0.00879371 / 0.14)), linear-gradient(color(srgb 0.2074 0.16501"
          },
          {
            "bucket": "chrome",
            "kind": "box-shadow×3",
            "el": "button#reka-popover-trigger-v-128.control-surface.glass-control-edge.glass-capsule-hover",
            "detail": "rgba(255, 255, 255, 0.08) 0px 1px 0px 0px inset | color(srgb 0.914 0.9 0.886 / 0.06) 0px -1px 0px 0px inset | color(srgb 0.914 0.9 0.886 / 0.04) 1px 0px 0px 0px"
          },
          {
            "bucket": "chrome",
            "kind": "control-gradient",
            "el": "button#reka-popover-trigger-v-128.control-surface.glass-control-edge.glass-capsule-hover",
            "detail": "linear-gradient(color(srgb 0.0927547 0.0503523 0.00879371 / 0.14), color(srgb 0.0927547 0.0503523 0.00879371 / 0.14)), linear-gradient(color(srgb 0.2074 0.16501"
          },
          {
            "bucket": "chrome",
            "kind": "box-shadow×3",
            "el": "button#v-130-control.control-surface.glass-control-edge.glass-capsule-hover",
            "detail": "rgba(255, 255, 255, 0.08) 0px 1px 0px 0px inset | color(srgb 0.914 0.9 0.886 / 0.06) 0px -1px 0px 0px inset | color(srgb 0.914 0.9 0.886 / 0.04) 1px 0px 0px 0px"
          },
          {
            "bucket": "chrome",
            "kind": "control-gradient",
            "el": "button#v-130-control.control-surface.glass-control-edge.glass-capsule-hover",
            "detail": "linear-gradient(color(srgb 0.0927547 0.0503523 0.00879371 / 0.14), color(srgb 0.0927547 0.0503523 0.00879371 / 0.14)), linear-gradient(color(srgb 0.2074 0.16501"
          },
          {
            "bucket": "chrome",
            "kind": "box-shadow×5",
            "el": "button.button.tap-squish.focus-ring",
            "detail": "rgba(255, 255, 255, 0.08) 0px 1px 0px 0px inset | color(srgb 0.914 0.9 0.886 / 0.06) 0px -1px 0px 0px inset | color(srgb 0.914 0.9 0.886 / 0.04) 1px 0px 0px 0px"
          },
          {
            "bucket": "chrome",
            "kind": "box-shadow×4",
            "el": "input#v-132-control.number-field__input.field-control.glass-control-edge",
            "detail": "rgba(255, 255, 255, 0.08) 0px 1px 0px 0px inset | color(srgb 0.914 0.9 0.886 / 0.06) 0px -1px 0px 0px inset | color(srgb 0.914 0.9 0.886 / 0.04) 1px 0px 0px 0px"
          },
          {
            "bucket": "chrome",
            "kind": "box-shadow×5",
            "el": "button.button.tap-squish.focus-ring",
            "detail": "rgba(255, 255, 255, 0.08) 0px 1px 0px 0px inset | color(srgb 0.914 0.9 0.886 / 0.06) 0px -1px 0px 0px inset | color(srgb 0.914 0.9 0.886 / 0.04) 1px 0px 0px 0px"
          },
          {
            "bucket": "chrome",
            "kind": "box-shadow×1",
            "el": "span.slider-track.track-well",
            "detail": "oklab(0.34 0.0115033 0.0277069 / 0.16) 0px 1px 0px 0px inset"
          },
          {
            "bucket": "chrome",
            "kind": "box-shadow×4",
            "el": "span.slider-range.glass-liquid-fill",
            "detail": "rgba(255, 255, 255, 0.08) 0px 1px 0px 0px inset | color(srgb 0.914 0.9 0.886 / 0.06) 0px -1px 0px 0px inset | color(srgb 0.914 0.9 0.886 / 0.04) 1px 0px 0px 0px"
          },
          {
            "bucket": "chrome",
            "kind": "box-shadow×3",
            "el": "span.control-bit__face",
            "detail": "rgba(255, 255, 255, 0.08) 0px 1px 0px 0px inset | color(srgb 0.914 0.9 0.886 / 0.06) 0px -1px 0px 0px inset | color(srgb 0.914 0.9 0.886 / 0.04) 1px 0px 0px 0px"
          },
          {
            "bucket": "chrome",
            "kind": "box-shadow×1",
            "el": "span.switch__thumb",
            "detail": "color(srgb 0.914 0.9 0.886 / 0.08) 0px 4px 16px 0px"
          },
          {
            "bucket": "chrome",
            "kind": "box-shadow×1",
            "el": "span.slider-track.track-well",
            "detail": "oklab(0.34 0.0115033 0.0277069 / 0.16) 0px 1px 0px 0px inset"
          },
          {
            "bucket": "chrome",
            "kind": "box-shadow×1",
            "el": "div.glass-dock.horizontal.shape-pill",
            "detail": "color(srgb 0.914 0.9 0.886 / 0.12) 0px 0px 12px 0px"
          }
        ]
      },
      {
        "route": "square",
        "scheme": "dark",
        "width": 1440,
        "chrome": {
          "shadowEls": 17,
          "shadowLayers": 53,
          "maxLayers": 5,
          "nonFloatingShadowEls": 17,
          "insetHighlights": 36,
          "textShadow": 0,
          "dropShadow": 0,
          "filterBlur": 0,
          "backdropBlur": 14,
          "controlGradients": 4,
          "loopingAnimations": 0
        },
        "subject": {
          "shadowEls": 0,
          "shadowLayers": 0,
          "maxLayers": 0,
          "nonFloatingShadowEls": 0,
          "insetHighlights": 0,
          "textShadow": 0,
          "dropShadow": 0,
          "filterBlur": 0,
          "backdropBlur": 0,
          "controlGradients": 0,
          "loopingAnimations": 0,
          "gradientFills": 0
        },
        "identityGradients": 1,
        "offenders": [
          {
            "bucket": "chrome",
            "kind": "box-shadow×1",
            "el": "div.glass-dock.horizontal.shape-pill",
            "detail": "color(srgb 0.914 0.9 0.886 / 0.12) 0px 0px 12px 0px"
          },
          {
            "bucket": "chrome",
            "kind": "box-shadow×3",
            "el": "div.glass-quiet.card.pane-frame",
            "detail": "oklab(0.34 0.0115033 0.0277069 / 0.46) -3px 3px 0px 0px | oklab(0.34 0.0115033 0.0277069 / 0.38) -5px 5px 0px 0px | oklab(0.34 0.0115033 0.0277069 / 0.26) -7px "
          },
          {
            "bucket": "chrome",
            "kind": "box-shadow×4",
            "el": "input#v-184-control.field-control.glass-control-edge",
            "detail": "rgba(255, 255, 255, 0.08) 0px 1px 0px 0px inset | color(srgb 0.914 0.9 0.886 / 0.06) 0px -1px 0px 0px inset | color(srgb 0.914 0.9 0.886 / 0.04) 1px 0px 0px 0px"
          },
          {
            "bucket": "chrome",
            "kind": "box-shadow×4",
            "el": "input#v-185-control.field-control.glass-control-edge",
            "detail": "rgba(255, 255, 255, 0.08) 0px 1px 0px 0px inset | color(srgb 0.914 0.9 0.886 / 0.06) 0px -1px 0px 0px inset | color(srgb 0.914 0.9 0.886 / 0.04) 1px 0px 0px 0px"
          },
          {
            "bucket": "chrome",
            "kind": "box-shadow×4",
            "el": "input#v-186-control.field-control.glass-control-edge",
            "detail": "rgba(255, 255, 255, 0.08) 0px 1px 0px 0px inset | color(srgb 0.914 0.9 0.886 / 0.06) 0px -1px 0px 0px inset | color(srgb 0.914 0.9 0.886 / 0.04) 1px 0px 0px 0px"
          },
          {
            "bucket": "chrome",
            "kind": "box-shadow×3",
            "el": "button#v-187-control.control-surface.glass-control-edge.glass-capsule-hover",
            "detail": "rgba(255, 255, 255, 0.08) 0px 1px 0px 0px inset | color(srgb 0.914 0.9 0.886 / 0.06) 0px -1px 0px 0px inset | color(srgb 0.914 0.9 0.886 / 0.04) 1px 0px 0px 0px"
          },
          {
            "bucket": "chrome",
            "kind": "control-gradient",
            "el": "button#v-187-control.control-surface.glass-control-edge.glass-capsule-hover",
            "detail": "linear-gradient(color(srgb 0.0927547 0.0503523 0.00879371 / 0.14), color(srgb 0.0927547 0.0503523 0.00879371 / 0.14)), linear-gradient(color(srgb 0.2074 0.16501"
          },
          {
            "bucket": "chrome",
            "kind": "box-shadow×3",
            "el": "button#v-189-control.control-surface.glass-control-edge.glass-capsule-hover",
            "detail": "rgba(255, 255, 255, 0.08) 0px 1px 0px 0px inset | color(srgb 0.914 0.9 0.886 / 0.06) 0px -1px 0px 0px inset | color(srgb 0.914 0.9 0.886 / 0.04) 1px 0px 0px 0px"
          },
          {
            "bucket": "chrome",
            "kind": "control-gradient",
            "el": "button#v-189-control.control-surface.glass-control-edge.glass-capsule-hover",
            "detail": "linear-gradient(color(srgb 0.0927547 0.0503523 0.00879371 / 0.14), color(srgb 0.0927547 0.0503523 0.00879371 / 0.14)), linear-gradient(color(srgb 0.2074 0.16501"
          },
          {
            "bucket": "chrome",
            "kind": "box-shadow×3",
            "el": "button#reka-popover-trigger-v-194.control-surface.glass-control-edge.glass-capsule-hover",
            "detail": "rgba(255, 255, 255, 0.08) 0px 1px 0px 0px inset | color(srgb 0.914 0.9 0.886 / 0.06) 0px -1px 0px 0px inset | color(srgb 0.914 0.9 0.886 / 0.04) 1px 0px 0px 0px"
          },
          {
            "bucket": "chrome",
            "kind": "control-gradient",
            "el": "button#reka-popover-trigger-v-194.control-surface.glass-control-edge.glass-capsule-hover",
            "detail": "linear-gradient(color(srgb 0.0927547 0.0503523 0.00879371 / 0.14), color(srgb 0.0927547 0.0503523 0.00879371 / 0.14)), linear-gradient(color(srgb 0.2074 0.16501"
          },
          {
            "bucket": "chrome",
            "kind": "box-shadow×3",
            "el": "button#v-196-control.control-surface.glass-control-edge.glass-capsule-hover",
            "detail": "rgba(255, 255, 255, 0.08) 0px 1px 0px 0px inset | color(srgb 0.914 0.9 0.886 / 0.06) 0px -1px 0px 0px inset | color(srgb 0.914 0.9 0.886 / 0.04) 1px 0px 0px 0px"
          },
          {
            "bucket": "chrome",
            "kind": "control-gradient",
            "el": "button#v-196-control.control-surface.glass-control-edge.glass-capsule-hover",
            "detail": "linear-gradient(color(srgb 0.0927547 0.0503523 0.00879371 / 0.14), color(srgb 0.0927547 0.0503523 0.00879371 / 0.14)), linear-gradient(color(srgb 0.2074 0.16501"
          },
          {
            "bucket": "chrome",
            "kind": "box-shadow×5",
            "el": "button.button.tap-squish.focus-ring",
            "detail": "rgba(255, 255, 255, 0.08) 0px 1px 0px 0px inset | color(srgb 0.914 0.9 0.886 / 0.06) 0px -1px 0px 0px inset | color(srgb 0.914 0.9 0.886 / 0.04) 1px 0px 0px 0px"
          },
          {
            "bucket": "chrome",
            "kind": "box-shadow×4",
            "el": "input#v-198-control.number-field__input.field-control.glass-control-edge",
            "detail": "rgba(255, 255, 255, 0.08) 0px 1px 0px 0px inset | color(srgb 0.914 0.9 0.886 / 0.06) 0px -1px 0px 0px inset | color(srgb 0.914 0.9 0.886 / 0.04) 1px 0px 0px 0px"
          },
          {
            "bucket": "chrome",
            "kind": "box-shadow×5",
            "el": "button.button.tap-squish.focus-ring",
            "detail": "rgba(255, 255, 255, 0.08) 0px 1px 0px 0px inset | color(srgb 0.914 0.9 0.886 / 0.06) 0px -1px 0px 0px inset | color(srgb 0.914 0.9 0.886 / 0.04) 1px 0px 0px 0px"
          },
          {
            "bucket": "chrome",
            "kind": "box-shadow×3",
            "el": "span.control-bit__face",
            "detail": "rgba(255, 255, 255, 0.08) 0px 1px 0px 0px inset | color(srgb 0.914 0.9 0.886 / 0.06) 0px -1px 0px 0px inset | color(srgb 0.914 0.9 0.886 / 0.04) 1px 0px 0px 0px"
          },
          {
            "bucket": "chrome",
            "kind": "box-shadow×1",
            "el": "span.switch__thumb",
            "detail": "color(srgb 0.914 0.9 0.886 / 0.08) 0px 4px 16px 0px"
          },
          {
            "bucket": "chrome",
            "kind": "box-shadow×1",
            "el": "span.slider-track.track-well",
            "detail": "oklab(0.34 0.0115033 0.0277069 / 0.16) 0px 1px 0px 0px inset"
          },
          {
            "bucket": "chrome",
            "kind": "box-shadow×5",
            "el": "div.glass-resting.card.square-stage",
            "detail": "rgba(255, 255, 255, 0.08) 0px 1px 0px 0px inset | color(srgb 0.914 0.9 0.886 / 0.06) 0px -1px 0px 0px inset | color(srgb 0.914 0.9 0.886 / 0.04) 1px 0px 0px 0px"
          },
          {
            "bucket": "chrome",
            "kind": "box-shadow×1",
            "el": "div.glass-dock.horizontal.shape-pill",
            "detail": "color(srgb 0.914 0.9 0.886 / 0.12) 0px 0px 12px 0px"
          }
        ]
      },
      {
        "route": "easing",
        "scheme": "dark",
        "width": 1440,
        "chrome": {
          "shadowEls": 40,
          "shadowLayers": 119,
          "maxLayers": 5,
          "nonFloatingShadowEls": 40,
          "insetHighlights": 109,
          "textShadow": 0,
          "dropShadow": 0,
          "filterBlur": 0,
          "backdropBlur": 10,
          "controlGradients": 29,
          "loopingAnimations": 0
        },
        "subject": {
          "shadowEls": 0,
          "shadowLayers": 0,
          "maxLayers": 0,
          "nonFloatingShadowEls": 0,
          "insetHighlights": 0,
          "textShadow": 0,
          "dropShadow": 0,
          "filterBlur": 0,
          "backdropBlur": 0,
          "controlGradients": 0,
          "loopingAnimations": 0,
          "gradientFills": 0
        },
        "identityGradients": 1,
        "offenders": [
          {
            "bucket": "chrome",
            "kind": "box-shadow×1",
            "el": "div.glass-dock.horizontal.shape-pill",
            "detail": "color(srgb 0.914 0.9 0.886 / 0.12) 0px 0px 12px 0px"
          },
          {
            "bucket": "chrome",
            "kind": "box-shadow×3",
            "el": "div.glass-quiet.card.pane-frame",
            "detail": "oklab(0.34 0.0115033 0.0277069 / 0.46) -3px 3px 0px 0px | oklab(0.34 0.0115033 0.0277069 / 0.38) -5px 5px 0px 0px | oklab(0.34 0.0115033 0.0277069 / 0.26) -7px "
          },
          {
            "bucket": "chrome",
            "kind": "box-shadow×4",
            "el": "div.segmented-tabs.segmented-tabs--pill.glass-capsule-track",
            "detail": "rgba(255, 255, 255, 0.08) 0px 1px 0px 0px inset | color(srgb 0.914 0.9 0.886 / 0.06) 0px -1px 0px 0px inset | color(srgb 0.914 0.9 0.886 / 0.04) 1px 0px 0px 0px"
          },
          {
            "bucket": "chrome",
            "kind": "box-shadow×4",
            "el": "div.segmented-indicator.segmented-indicator--js.glass-capsule",
            "detail": "rgba(255, 255, 255, 0.08) 0px 1px 0px 0px inset | color(srgb 0.914 0.9 0.886 / 0.06) 0px -1px 0px 0px inset | color(srgb 0.914 0.9 0.886 / 0.04) 1px 0px 0px 0px"
          },
          {
            "bucket": "chrome",
            "kind": "box-shadow×3",
            "el": "button.control-surface.glass-control-edge.glass-capsule-hover",
            "detail": "rgba(255, 255, 255, 0.08) 0px 1px 0px 0px inset | color(srgb 0.914 0.9 0.886 / 0.06) 0px -1px 0px 0px inset | color(srgb 0.914 0.9 0.886 / 0.04) 1px 0px 0px 0px"
          },
          {
            "bucket": "chrome",
            "kind": "control-gradient",
            "el": "button.control-surface.glass-control-edge.glass-capsule-hover",
            "detail": "linear-gradient(color(srgb 0.0927547 0.0503523 0.00879371 / 0.14), color(srgb 0.0927547 0.0503523 0.00879371 / 0.14)), linear-gradient(color(srgb 0.2074 0.16501"
          },
          {
            "bucket": "chrome",
            "kind": "box-shadow×1",
            "el": "span.slider-track.track-well",
            "detail": "oklab(0.34 0.0115033 0.0277069 / 0.16) 0px 1px 0px 0px inset"
          },
          {
            "bucket": "chrome",
            "kind": "box-shadow×4",
            "el": "span.slider-range.glass-liquid-fill",
            "detail": "rgba(255, 255, 255, 0.08) 0px 1px 0px 0px inset | color(srgb 0.914 0.9 0.886 / 0.06) 0px -1px 0px 0px inset | color(srgb 0.914 0.9 0.886 / 0.04) 1px 0px 0px 0px"
          },
          {
            "bucket": "chrome",
            "kind": "box-shadow×1",
            "el": "span.slider-track.track-well",
            "detail": "oklab(0.34 0.0115033 0.0277069 / 0.16) 0px 1px 0px 0px inset"
          },
          {
            "bucket": "chrome",
            "kind": "box-shadow×5",
            "el": "div.glass-resting.card.easing-target",
            "detail": "rgba(255, 255, 255, 0.08) 0px 1px 0px 0px inset | color(srgb 0.914 0.9 0.886 / 0.06) 0px -1px 0px 0px inset | color(srgb 0.914 0.9 0.886 / 0.04) 1px 0px 0px 0px"
          },
          {
            "bucket": "chrome",
            "kind": "box-shadow×4",
            "el": "div.segmented-tabs.segmented-tabs--pill.glass-capsule-track",
            "detail": "rgba(255, 255, 255, 0.08) 0px 1px 0px 0px inset | color(srgb 0.914 0.9 0.886 / 0.06) 0px -1px 0px 0px inset | color(srgb 0.914 0.9 0.886 / 0.04) 1px 0px 0px 0px"
          },
          {
            "bucket": "chrome",
            "kind": "box-shadow×4",
            "el": "div.segmented-indicator.segmented-indicator--js.glass-capsule",
            "detail": "rgba(255, 255, 255, 0.08) 0px 1px 0px 0px inset | color(srgb 0.914 0.9 0.886 / 0.06) 0px -1px 0px 0px inset | color(srgb 0.914 0.9 0.886 / 0.04) 1px 0px 0px 0px"
          },
          {
            "bucket": "chrome",
            "kind": "box-shadow×3",
            "el": "button.toggle-group__item.control-surface.glass-control-edge",
            "detail": "rgba(255, 255, 255, 0.08) 0px 1px 0px 0px inset | color(srgb 0.914 0.9 0.886 / 0.06) 0px -1px 0px 0px inset | color(srgb 0.914 0.9 0.886 / 0.04) 1px 0px 0px 0px"
          },
          {
            "bucket": "chrome",
            "kind": "control-gradient",
            "el": "button.toggle-group__item.control-surface.glass-control-edge",
            "detail": "linear-gradient(color(srgb 0.0927547 0.0503523 0.00879371 / 0.14), color(srgb 0.0927547 0.0503523 0.00879371 / 0.14)), linear-gradient(color(srgb 0.2074 0.16501"
          },
          {
            "bucket": "chrome",
            "kind": "box-shadow×3",
            "el": "button.toggle-group__item.control-surface.glass-control-edge",
            "detail": "rgba(255, 255, 255, 0.08) 0px 1px 0px 0px inset | color(srgb 0.914 0.9 0.886 / 0.06) 0px -1px 0px 0px inset | color(srgb 0.914 0.9 0.886 / 0.04) 1px 0px 0px 0px"
          },
          {
            "bucket": "chrome",
            "kind": "control-gradient",
            "el": "button.toggle-group__item.control-surface.glass-control-edge",
            "detail": "linear-gradient(color(srgb 0.0927547 0.0503523 0.00879371 / 0.14), color(srgb 0.0927547 0.0503523 0.00879371 / 0.14)), linear-gradient(color(srgb 0.2074 0.16501"
          },
          {
            "bucket": "chrome",
            "kind": "box-shadow×3",
            "el": "button.toggle-group__item.control-surface.glass-control-edge",
            "detail": "rgba(255, 255, 255, 0.08) 0px 1px 0px 0px inset | color(srgb 0.914 0.9 0.886 / 0.06) 0px -1px 0px 0px inset | color(srgb 0.914 0.9 0.886 / 0.04) 1px 0px 0px 0px"
          },
          {
            "bucket": "chrome",
            "kind": "control-gradient",
            "el": "button.toggle-group__item.control-surface.glass-control-edge",
            "detail": "linear-gradient(color(srgb 0.0927547 0.0503523 0.00879371 / 0.14), color(srgb 0.0927547 0.0503523 0.00879371 / 0.14)), linear-gradient(color(srgb 0.2074 0.16501"
          },
          {
            "bucket": "chrome",
            "kind": "box-shadow×3",
            "el": "button.toggle-group__item.control-surface.glass-control-edge",
            "detail": "rgba(255, 255, 255, 0.08) 0px 1px 0px 0px inset | color(srgb 0.914 0.9 0.886 / 0.06) 0px -1px 0px 0px inset | color(srgb 0.914 0.9 0.886 / 0.04) 1px 0px 0px 0px"
          },
          {
            "bucket": "chrome",
            "kind": "control-gradient",
            "el": "button.toggle-group__item.control-surface.glass-control-edge",
            "detail": "linear-gradient(color(srgb 0.0927547 0.0503523 0.00879371 / 0.14), color(srgb 0.0927547 0.0503523 0.00879371 / 0.14)), linear-gradient(color(srgb 0.2074 0.16501"
          },
          {
            "bucket": "chrome",
            "kind": "box-shadow×3",
            "el": "button.toggle-group__item.control-surface.glass-control-edge",
            "detail": "rgba(255, 255, 255, 0.08) 0px 1px 0px 0px inset | color(srgb 0.914 0.9 0.886 / 0.06) 0px -1px 0px 0px inset | color(srgb 0.914 0.9 0.886 / 0.04) 1px 0px 0px 0px"
          },
          {
            "bucket": "chrome",
            "kind": "control-gradient",
            "el": "button.toggle-group__item.control-surface.glass-control-edge",
            "detail": "linear-gradient(color(srgb 0.0927547 0.0503523 0.00879371 / 0.14), color(srgb 0.0927547 0.0503523 0.00879371 / 0.14)), linear-gradient(color(srgb 0.2074 0.16501"
          },
          {
            "bucket": "chrome",
            "kind": "box-shadow×3",
            "el": "button.toggle-group__item.control-surface.glass-control-edge",
            "detail": "rgba(255, 255, 255, 0.08) 0px 1px 0px 0px inset | color(srgb 0.914 0.9 0.886 / 0.06) 0px -1px 0px 0px inset | color(srgb 0.914 0.9 0.886 / 0.04) 1px 0px 0px 0px"
          },
          {
            "bucket": "chrome",
            "kind": "control-gradient",
            "el": "button.toggle-group__item.control-surface.glass-control-edge",
            "detail": "linear-gradient(color(srgb 0.0927547 0.0503523 0.00879371 / 0.14), color(srgb 0.0927547 0.0503523 0.00879371 / 0.14)), linear-gradient(color(srgb 0.2074 0.16501"
          },
          {
            "bucket": "chrome",
            "kind": "box-shadow×3",
            "el": "button.toggle-group__item.control-surface.glass-control-edge",
            "detail": "rgba(255, 255, 255, 0.08) 0px 1px 0px 0px inset | color(srgb 0.914 0.9 0.886 / 0.06) 0px -1px 0px 0px inset | color(srgb 0.914 0.9 0.886 / 0.04) 1px 0px 0px 0px"
          },
          {
            "bucket": "chrome",
            "kind": "control-gradient",
            "el": "button.toggle-group__item.control-surface.glass-control-edge",
            "detail": "linear-gradient(color(srgb 0.0927547 0.0503523 0.00879371 / 0.14), color(srgb 0.0927547 0.0503523 0.00879371 / 0.14)), linear-gradient(color(srgb 0.2074 0.16501"
          },
          {
            "bucket": "chrome",
            "kind": "box-shadow×3",
            "el": "button.toggle-group__item.control-surface.glass-control-edge",
            "detail": "rgba(255, 255, 255, 0.08) 0px 1px 0px 0px inset | color(srgb 0.914 0.9 0.886 / 0.06) 0px -1px 0px 0px inset | color(srgb 0.914 0.9 0.886 / 0.04) 1px 0px 0px 0px"
          },
          {
            "bucket": "chrome",
            "kind": "control-gradient",
            "el": "button.toggle-group__item.control-surface.glass-control-edge",
            "detail": "linear-gradient(color(srgb 0.0927547 0.0503523 0.00879371 / 0.14), color(srgb 0.0927547 0.0503523 0.00879371 / 0.14)), linear-gradient(color(srgb 0.2074 0.16501"
          },
          {
            "bucket": "chrome",
            "kind": "box-shadow×3",
            "el": "button.toggle-group__item.control-surface.glass-control-edge",
            "detail": "rgba(255, 255, 255, 0.08) 0px 1px 0px 0px inset | color(srgb 0.914 0.9 0.886 / 0.06) 0px -1px 0px 0px inset | color(srgb 0.914 0.9 0.886 / 0.04) 1px 0px 0px 0px"
          },
          {
            "bucket": "chrome",
            "kind": "control-gradient",
            "el": "button.toggle-group__item.control-surface.glass-control-edge",
            "detail": "linear-gradient(color(srgb 0.0927547 0.0503523 0.00879371 / 0.14), color(srgb 0.0927547 0.0503523 0.00879371 / 0.14)), linear-gradient(color(srgb 0.2074 0.16501"
          },
          {
            "bucket": "chrome",
            "kind": "box-shadow×3",
            "el": "button.toggle-group__item.control-surface.glass-control-edge",
            "detail": "rgba(255, 255, 255, 0.08) 0px 1px 0px 0px inset | color(srgb 0.914 0.9 0.886 / 0.06) 0px -1px 0px 0px inset | color(srgb 0.914 0.9 0.886 / 0.04) 1px 0px 0px 0px"
          },
          {
            "bucket": "chrome",
            "kind": "control-gradient",
            "el": "button.toggle-group__item.control-surface.glass-control-edge",
            "detail": "linear-gradient(color(srgb 0.0927547 0.0503523 0.00879371 / 0.14), color(srgb 0.0927547 0.0503523 0.00879371 / 0.14)), linear-gradient(color(srgb 0.2074 0.16501"
          },
          {
            "bucket": "chrome",
            "kind": "box-shadow×3",
            "el": "button.toggle-group__item.control-surface.glass-control-edge",
            "detail": "rgba(255, 255, 255, 0.08) 0px 1px 0px 0px inset | color(srgb 0.914 0.9 0.886 / 0.06) 0px -1px 0px 0px inset | color(srgb 0.914 0.9 0.886 / 0.04) 1px 0px 0px 0px"
          },
          {
            "bucket": "chrome",
            "kind": "control-gradient",
            "el": "button.toggle-group__item.control-surface.glass-control-edge",
            "detail": "linear-gradient(color(srgb 0.0927547 0.0503523 0.00879371 / 0.14), color(srgb 0.0927547 0.0503523 0.00879371 / 0.14)), linear-gradient(color(srgb 0.2074 0.16501"
          },
          {
            "bucket": "chrome",
            "kind": "box-shadow×3",
            "el": "button.toggle-group__item.control-surface.glass-control-edge",
            "detail": "rgba(255, 255, 255, 0.08) 0px 1px 0px 0px inset | color(srgb 0.914 0.9 0.886 / 0.06) 0px -1px 0px 0px inset | color(srgb 0.914 0.9 0.886 / 0.04) 1px 0px 0px 0px"
          },
          {
            "bucket": "chrome",
            "kind": "control-gradient",
            "el": "button.toggle-group__item.control-surface.glass-control-edge",
            "detail": "linear-gradient(color(srgb 0.0927547 0.0503523 0.00879371 / 0.14), color(srgb 0.0927547 0.0503523 0.00879371 / 0.14)), linear-gradient(color(srgb 0.2074 0.16501"
          },
          {
            "bucket": "chrome",
            "kind": "box-shadow×3",
            "el": "button.toggle-group__item.control-surface.glass-control-edge",
            "detail": "rgba(255, 255, 255, 0.08) 0px 1px 0px 0px inset | color(srgb 0.914 0.9 0.886 / 0.06) 0px -1px 0px 0px inset | color(srgb 0.914 0.9 0.886 / 0.04) 1px 0px 0px 0px"
          },
          {
            "bucket": "chrome",
            "kind": "control-gradient",
            "el": "button.toggle-group__item.control-surface.glass-control-edge",
            "detail": "linear-gradient(color(srgb 0.0927547 0.0503523 0.00879371 / 0.14), color(srgb 0.0927547 0.0503523 0.00879371 / 0.14)), linear-gradient(color(srgb 0.2074 0.16501"
          },
          {
            "bucket": "chrome",
            "kind": "box-shadow×3",
            "el": "button.toggle-group__item.control-surface.glass-control-edge",
            "detail": "rgba(255, 255, 255, 0.08) 0px 1px 0px 0px inset | color(srgb 0.914 0.9 0.886 / 0.06) 0px -1px 0px 0px inset | color(srgb 0.914 0.9 0.886 / 0.04) 1px 0px 0px 0px"
          },
          {
            "bucket": "chrome",
            "kind": "control-gradient",
            "el": "button.toggle-group__item.control-surface.glass-control-edge",
            "detail": "linear-gradient(color(srgb 0.0927547 0.0503523 0.00879371 / 0.14), color(srgb 0.0927547 0.0503523 0.00879371 / 0.14)), linear-gradient(color(srgb 0.2074 0.16501"
          },
          {
            "bucket": "chrome",
            "kind": "box-shadow×3",
            "el": "button.toggle-group__item.control-surface.glass-control-edge",
            "detail": "rgba(255, 255, 255, 0.08) 0px 1px 0px 0px inset | color(srgb 0.914 0.9 0.886 / 0.06) 0px -1px 0px 0px inset | color(srgb 0.914 0.9 0.886 / 0.04) 1px 0px 0px 0px"
          },
          {
            "bucket": "chrome",
            "kind": "control-gradient",
            "el": "button.toggle-group__item.control-surface.glass-control-edge",
            "detail": "linear-gradient(color(srgb 0.0927547 0.0503523 0.00879371 / 0.14), color(srgb 0.0927547 0.0503523 0.00879371 / 0.14)), linear-gradient(color(srgb 0.2074 0.16501"
          },
          {
            "bucket": "chrome",
            "kind": "box-shadow×3",
            "el": "button.toggle-group__item.control-surface.glass-control-edge",
            "detail": "rgba(255, 255, 255, 0.08) 0px 1px 0px 0px inset | color(srgb 0.914 0.9 0.886 / 0.06) 0px -1px 0px 0px inset | color(srgb 0.914 0.9 0.886 / 0.04) 1px 0px 0px 0px"
          },
          {
            "bucket": "chrome",
            "kind": "control-gradient",
            "el": "button.toggle-group__item.control-surface.glass-control-edge",
            "detail": "linear-gradient(color(srgb 0.0927547 0.0503523 0.00879371 / 0.14), color(srgb 0.0927547 0.0503523 0.00879371 / 0.14)), linear-gradient(color(srgb 0.2074 0.16501"
          },
          {
            "bucket": "chrome",
            "kind": "box-shadow×3",
            "el": "button.toggle-group__item.control-surface.glass-control-edge",
            "detail": "rgba(255, 255, 255, 0.08) 0px 1px 0px 0px inset | color(srgb 0.914 0.9 0.886 / 0.06) 0px -1px 0px 0px inset | color(srgb 0.914 0.9 0.886 / 0.04) 1px 0px 0px 0px"
          },
          {
            "bucket": "chrome",
            "kind": "control-gradient",
            "el": "button.toggle-group__item.control-surface.glass-control-edge",
            "detail": "linear-gradient(color(srgb 0.0927547 0.0503523 0.00879371 / 0.14), color(srgb 0.0927547 0.0503523 0.00879371 / 0.14)), linear-gradient(color(srgb 0.2074 0.16501"
          },
          {
            "bucket": "chrome",
            "kind": "box-shadow×3",
            "el": "button.toggle-group__item.control-surface.glass-control-edge",
            "detail": "rgba(255, 255, 255, 0.08) 0px 1px 0px 0px inset | color(srgb 0.914 0.9 0.886 / 0.06) 0px -1px 0px 0px inset | color(srgb 0.914 0.9 0.886 / 0.04) 1px 0px 0px 0px"
          },
          {
            "bucket": "chrome",
            "kind": "control-gradient",
            "el": "button.toggle-group__item.control-surface.glass-control-edge",
            "detail": "linear-gradient(color(srgb 0.0927547 0.0503523 0.00879371 / 0.14), color(srgb 0.0927547 0.0503523 0.00879371 / 0.14)), linear-gradient(color(srgb 0.2074 0.16501"
          },
          {
            "bucket": "chrome",
            "kind": "box-shadow×3",
            "el": "button.toggle-group__item.control-surface.glass-control-edge",
            "detail": "rgba(255, 255, 255, 0.08) 0px 1px 0px 0px inset | color(srgb 0.914 0.9 0.886 / 0.06) 0px -1px 0px 0px inset | color(srgb 0.914 0.9 0.886 / 0.04) 1px 0px 0px 0px"
          },
          {
            "bucket": "chrome",
            "kind": "control-gradient",
            "el": "button.toggle-group__item.control-surface.glass-control-edge",
            "detail": "linear-gradient(color(srgb 0.0927547 0.0503523 0.00879371 / 0.14), color(srgb 0.0927547 0.0503523 0.00879371 / 0.14)), linear-gradient(color(srgb 0.2074 0.16501"
          },
          {
            "bucket": "chrome",
            "kind": "box-shadow×3",
            "el": "button.toggle-group__item.control-surface.glass-control-edge",
            "detail": "rgba(255, 255, 255, 0.08) 0px 1px 0px 0px inset | color(srgb 0.914 0.9 0.886 / 0.06) 0px -1px 0px 0px inset | color(srgb 0.914 0.9 0.886 / 0.04) 1px 0px 0px 0px"
          },
          {
            "bucket": "chrome",
            "kind": "control-gradient",
            "el": "button.toggle-group__item.control-surface.glass-control-edge",
            "detail": "linear-gradient(color(srgb 0.0927547 0.0503523 0.00879371 / 0.14), color(srgb 0.0927547 0.0503523 0.00879371 / 0.14)), linear-gradient(color(srgb 0.2074 0.16501"
          },
          {
            "bucket": "chrome",
            "kind": "box-shadow×3",
            "el": "button.toggle-group__item.control-surface.glass-control-edge",
            "detail": "rgba(255, 255, 255, 0.08) 0px 1px 0px 0px inset | color(srgb 0.914 0.9 0.886 / 0.06) 0px -1px 0px 0px inset | color(srgb 0.914 0.9 0.886 / 0.04) 1px 0px 0px 0px"
          },
          {
            "bucket": "chrome",
            "kind": "control-gradient",
            "el": "button.toggle-group__item.control-surface.glass-control-edge",
            "detail": "linear-gradient(color(srgb 0.0927547 0.0503523 0.00879371 / 0.14), color(srgb 0.0927547 0.0503523 0.00879371 / 0.14)), linear-gradient(color(srgb 0.2074 0.16501"
          },
          {
            "bucket": "chrome",
            "kind": "box-shadow×3",
            "el": "button.toggle-group__item.control-surface.glass-control-edge",
            "detail": "rgba(255, 255, 255, 0.08) 0px 1px 0px 0px inset | color(srgb 0.914 0.9 0.886 / 0.06) 0px -1px 0px 0px inset | color(srgb 0.914 0.9 0.886 / 0.04) 1px 0px 0px 0px"
          },
          {
            "bucket": "chrome",
            "kind": "control-gradient",
            "el": "button.toggle-group__item.control-surface.glass-control-edge",
            "detail": "linear-gradient(color(srgb 0.0927547 0.0503523 0.00879371 / 0.14), color(srgb 0.0927547 0.0503523 0.00879371 / 0.14)), linear-gradient(color(srgb 0.2074 0.16501"
          },
          {
            "bucket": "chrome",
            "kind": "box-shadow×3",
            "el": "button.toggle-group__item.control-surface.glass-control-edge",
            "detail": "rgba(255, 255, 255, 0.08) 0px 1px 0px 0px inset | color(srgb 0.914 0.9 0.886 / 0.06) 0px -1px 0px 0px inset | color(srgb 0.914 0.9 0.886 / 0.04) 1px 0px 0px 0px"
          },
          {
            "bucket": "chrome",
            "kind": "control-gradient",
            "el": "button.toggle-group__item.control-surface.glass-control-edge",
            "detail": "linear-gradient(color(srgb 0.0927547 0.0503523 0.00879371 / 0.14), color(srgb 0.0927547 0.0503523 0.00879371 / 0.14)), linear-gradient(color(srgb 0.2074 0.16501"
          },
          {
            "bucket": "chrome",
            "kind": "box-shadow×3",
            "el": "button.toggle-group__item.control-surface.glass-control-edge",
            "detail": "rgba(255, 255, 255, 0.08) 0px 1px 0px 0px inset | color(srgb 0.914 0.9 0.886 / 0.06) 0px -1px 0px 0px inset | color(srgb 0.914 0.9 0.886 / 0.04) 1px 0px 0px 0px"
          },
          {
            "bucket": "chrome",
            "kind": "control-gradient",
            "el": "button.toggle-group__item.control-surface.glass-control-edge",
            "detail": "linear-gradient(color(srgb 0.0927547 0.0503523 0.00879371 / 0.14), color(srgb 0.0927547 0.0503523 0.00879371 / 0.14)), linear-gradient(color(srgb 0.2074 0.16501"
          }
        ]
      },
      {
        "route": "spring",
        "scheme": "dark",
        "width": 1440,
        "chrome": {
          "shadowEls": 9,
          "shadowLayers": 21,
          "maxLayers": 5,
          "nonFloatingShadowEls": 9,
          "insetHighlights": 9,
          "textShadow": 0,
          "dropShadow": 0,
          "filterBlur": 0,
          "backdropBlur": 10,
          "controlGradients": 0,
          "loopingAnimations": 0
        },
        "subject": {
          "shadowEls": 0,
          "shadowLayers": 0,
          "maxLayers": 0,
          "nonFloatingShadowEls": 0,
          "insetHighlights": 0,
          "textShadow": 0,
          "dropShadow": 0,
          "filterBlur": 0,
          "backdropBlur": 0,
          "controlGradients": 1,
          "loopingAnimations": 0,
          "gradientFills": 0
        },
        "identityGradients": 1,
        "offenders": [
          {
            "bucket": "chrome",
            "kind": "box-shadow×1",
            "el": "div.glass-dock.horizontal.shape-pill",
            "detail": "color(srgb 0.914 0.9 0.886 / 0.12) 0px 0px 12px 0px"
          },
          {
            "bucket": "chrome",
            "kind": "box-shadow×3",
            "el": "div.glass-quiet.card.pane-frame",
            "detail": "oklab(0.34 0.0115033 0.0277069 / 0.46) -3px 3px 0px 0px | oklab(0.34 0.0115033 0.0277069 / 0.38) -5px 5px 0px 0px | oklab(0.34 0.0115033 0.0277069 / 0.26) -7px "
          },
          {
            "bucket": "chrome",
            "kind": "box-shadow×1",
            "el": "span.slider-track.track-well",
            "detail": "oklab(0.34 0.0115033 0.0277069 / 0.16) 0px 1px 0px 0px inset"
          },
          {
            "bucket": "chrome",
            "kind": "box-shadow×4",
            "el": "span.slider-range.glass-liquid-fill",
            "detail": "rgba(255, 255, 255, 0.08) 0px 1px 0px 0px inset | color(srgb 0.914 0.9 0.886 / 0.06) 0px -1px 0px 0px inset | color(srgb 0.914 0.9 0.886 / 0.04) 1px 0px 0px 0px"
          },
          {
            "bucket": "chrome",
            "kind": "box-shadow×1",
            "el": "span.slider-track.track-well",
            "detail": "oklab(0.34 0.0115033 0.0277069 / 0.16) 0px 1px 0px 0px inset"
          },
          {
            "bucket": "chrome",
            "kind": "box-shadow×4",
            "el": "span.slider-range.glass-liquid-fill",
            "detail": "rgba(255, 255, 255, 0.08) 0px 1px 0px 0px inset | color(srgb 0.914 0.9 0.886 / 0.06) 0px -1px 0px 0px inset | color(srgb 0.914 0.9 0.886 / 0.04) 1px 0px 0px 0px"
          },
          {
            "bucket": "chrome",
            "kind": "box-shadow×1",
            "el": "span.slider-track.track-well",
            "detail": "oklab(0.34 0.0115033 0.0277069 / 0.16) 0px 1px 0px 0px inset"
          },
          {
            "bucket": "chrome",
            "kind": "box-shadow×5",
            "el": "div.glass-resting.card.spring-target",
            "detail": "rgba(255, 255, 255, 0.08) 0px 1px 0px 0px inset | color(srgb 0.914 0.9 0.886 / 0.06) 0px -1px 0px 0px inset | color(srgb 0.914 0.9 0.886 / 0.04) 1px 0px 0px 0px"
          },
          {
            "bucket": "subject",
            "kind": "control-gradient",
            "el": "div.spring-track.stage-field-x",
            "detail": "repeating-linear-gradient(to right, rgba(0, 0, 0, 0) 0px, rgba(0, 0, 0, 0) calc(25% - 1px), rgb(101, 87, 73) calc(25% - 1px), rgb(101, 87, 73) 25%)"
          },
          {
            "bucket": "chrome",
            "kind": "box-shadow×1",
            "el": "div.glass-dock.horizontal.shape-pill",
            "detail": "color(srgb 0.914 0.9 0.886 / 0.12) 0px 0px 12px 0px"
          }
        ]
      },
      {
        "route": "sequence",
        "scheme": "dark",
        "width": 1440,
        "chrome": {
          "shadowEls": 4,
          "shadowLayers": 10,
          "maxLayers": 5,
          "nonFloatingShadowEls": 4,
          "insetHighlights": 3,
          "textShadow": 0,
          "dropShadow": 0,
          "filterBlur": 0,
          "backdropBlur": 4,
          "controlGradients": 0,
          "loopingAnimations": 0
        },
        "subject": {
          "shadowEls": 0,
          "shadowLayers": 0,
          "maxLayers": 0,
          "nonFloatingShadowEls": 0,
          "insetHighlights": 0,
          "textShadow": 0,
          "dropShadow": 0,
          "filterBlur": 0,
          "backdropBlur": 0,
          "controlGradients": 0,
          "loopingAnimations": 0,
          "gradientFills": 0
        },
        "identityGradients": 1,
        "offenders": [
          {
            "bucket": "chrome",
            "kind": "box-shadow×1",
            "el": "div.glass-dock.horizontal.shape-pill",
            "detail": "color(srgb 0.914 0.9 0.886 / 0.12) 0px 0px 12px 0px"
          },
          {
            "bucket": "chrome",
            "kind": "box-shadow×3",
            "el": "div.glass-quiet.card.pane-frame",
            "detail": "oklab(0.34 0.0115033 0.0277069 / 0.46) -3px 3px 0px 0px | oklab(0.34 0.0115033 0.0277069 / 0.38) -5px 5px 0px 0px | oklab(0.34 0.0115033 0.0277069 / 0.26) -7px "
          },
          {
            "bucket": "chrome",
            "kind": "box-shadow×5",
            "el": "div.glass-resting.card.seq-target",
            "detail": "rgba(255, 255, 255, 0.08) 0px 1px 0px 0px inset | color(srgb 0.914 0.9 0.886 / 0.06) 0px -1px 0px 0px inset | color(srgb 0.914 0.9 0.886 / 0.04) 1px 0px 0px 0px"
          },
          {
            "bucket": "chrome",
            "kind": "box-shadow×1",
            "el": "div.glass-dock.horizontal.shape-pill",
            "detail": "color(srgb 0.914 0.9 0.886 / 0.12) 0px 0px 12px 0px"
          }
        ]
      },
      {
        "route": "home",
        "scheme": "light",
        "width": 390,
        "chrome": {
          "shadowEls": 2,
          "shadowLayers": 2,
          "maxLayers": 1,
          "nonFloatingShadowEls": 2,
          "insetHighlights": 0,
          "textShadow": 0,
          "dropShadow": 0,
          "filterBlur": 0,
          "backdropBlur": 2,
          "controlGradients": 0,
          "loopingAnimations": 26
        },
        "subject": {
          "shadowEls": 0,
          "shadowLayers": 0,
          "maxLayers": 0,
          "nonFloatingShadowEls": 0,
          "insetHighlights": 0,
          "textShadow": 0,
          "dropShadow": 0,
          "filterBlur": 0,
          "backdropBlur": 0,
          "controlGradients": 0,
          "loopingAnimations": 0,
          "gradientFills": 0
        },
        "identityGradients": 1,
        "offenders": [
          {
            "bucket": "chrome",
            "kind": "box-shadow×1",
            "el": "div.glass-dock.horizontal.shape-pill",
            "detail": "color(srgb 0.11 0.098 0.09 / 0.12) 0px 0px 12px 0px"
          },
          {
            "bucket": "chrome",
            "kind": "box-shadow×1",
            "el": "div.glass-dock.horizontal.shape-pill",
            "detail": "color(srgb 0.11 0.098 0.09 / 0.12) 0px 0px 12px 0px"
          },
          {
            "bucket": "chrome",
            "kind": "looping-animation",
            "el": "span.wave-char",
            "detail": "charLift-654d03de"
          },
          {
            "bucket": "chrome",
            "kind": "looping-animation",
            "el": "span.wave-char",
            "detail": "charLift-654d03de"
          },
          {
            "bucket": "chrome",
            "kind": "looping-animation",
            "el": "span.wave-char",
            "detail": "charLift-654d03de"
          },
          {
            "bucket": "chrome",
            "kind": "looping-animation",
            "el": "span.wave-char",
            "detail": "charLift-654d03de"
          },
          {
            "bucket": "chrome",
            "kind": "looping-animation",
            "el": "span.wave-char",
            "detail": "charLift-654d03de"
          },
          {
            "bucket": "chrome",
            "kind": "looping-animation",
            "el": "span.wave-char",
            "detail": "charLift-654d03de"
          },
          {
            "bucket": "chrome",
            "kind": "looping-animation",
            "el": "span.wave-char",
            "detail": "charLift-654d03de"
          },
          {
            "bucket": "chrome",
            "kind": "looping-animation",
            "el": "span.wave-char",
            "detail": "charLift-654d03de"
          },
          {
            "bucket": "chrome",
            "kind": "looping-animation",
            "el": "span.wave-char",
            "detail": "charLift-654d03de"
          },
          {
            "bucket": "chrome",
            "kind": "looping-animation",
            "el": "span.wave-char",
            "detail": "charLift-654d03de"
          },
          {
            "bucket": "chrome",
            "kind": "looping-animation",
            "el": "span.wave-char",
            "detail": "charLift-654d03de"
          },
          {
            "bucket": "chrome",
            "kind": "looping-animation",
            "el": "span.wave-char",
            "detail": "charLift-654d03de"
          },
          {
            "bucket": "chrome",
            "kind": "looping-animation",
            "el": "span.wave-char",
            "detail": "charLift-654d03de"
          },
          {
            "bucket": "chrome",
            "kind": "looping-animation",
            "el": "span.wave-char",
            "detail": "charLift-654d03de"
          },
          {
            "bucket": "chrome",
            "kind": "looping-animation",
            "el": "span.wave-char",
            "detail": "charLift-654d03de"
          },
          {
            "bucket": "chrome",
            "kind": "looping-animation",
            "el": "span.wave-char",
            "detail": "charLift-654d03de"
          },
          {
            "bucket": "chrome",
            "kind": "looping-animation",
            "el": "span.wave-char",
            "detail": "charLift-654d03de"
          },
          {
            "bucket": "chrome",
            "kind": "looping-animation",
            "el": "span.dot",
            "detail": ""
          },
          {
            "bucket": "chrome",
            "kind": "looping-animation",
            "el": "span.dot",
            "detail": ""
          },
          {
            "bucket": "chrome",
            "kind": "looping-animation",
            "el": "span.dot",
            "detail": ""
          },
          {
            "bucket": "chrome",
            "kind": "looping-animation",
            "el": "span.dot",
            "detail": ""
          },
          {
            "bucket": "chrome",
            "kind": "looping-animation",
            "el": "span.dot",
            "detail": ""
          },
          {
            "bucket": "chrome",
            "kind": "looping-animation",
            "el": "span.dot",
            "detail": ""
          },
          {
            "bucket": "chrome",
            "kind": "looping-animation",
            "el": "span.typing-dot",
            "detail": ""
          },
          {
            "bucket": "chrome",
            "kind": "looping-animation",
            "el": "span.typing-dot",
            "detail": ""
          },
          {
            "bucket": "chrome",
            "kind": "looping-animation",
            "el": "span.typing-dot",
            "detail": ""
          }
        ]
      },
      {
        "route": "cube",
        "scheme": "light",
        "width": 390,
        "chrome": {
          "shadowEls": 17,
          "shadowLayers": 55,
          "maxLayers": 6,
          "nonFloatingShadowEls": 2,
          "insetHighlights": 13,
          "textShadow": 0,
          "dropShadow": 0,
          "filterBlur": 0,
          "backdropBlur": 15,
          "controlGradients": 4,
          "loopingAnimations": 0
        },
        "subject": {
          "shadowEls": 0,
          "shadowLayers": 0,
          "maxLayers": 0,
          "nonFloatingShadowEls": 0,
          "insetHighlights": 0,
          "textShadow": 0,
          "dropShadow": 0,
          "filterBlur": 0,
          "backdropBlur": 0,
          "controlGradients": 0,
          "loopingAnimations": 0,
          "gradientFills": 0
        },
        "identityGradients": 1,
        "offenders": [
          {
            "bucket": "chrome",
            "kind": "box-shadow×1",
            "el": "div.glass-dock.horizontal.shape-pill",
            "detail": "color(srgb 0.11 0.098 0.09 / 0.12) 0px 0px 12px 0px"
          },
          {
            "bucket": "chrome",
            "kind": "box-shadow×1",
            "el": "div.glass-dock.horizontal.shape-pill",
            "detail": "color(srgb 0.11 0.098 0.09 / 0.12) 0px 0px 12px 0px"
          },
          {
            "bucket": "chrome",
            "kind": "box-shadow×6 (floating)",
            "el": "div.border-t.glass-floating.controls-drawer-content",
            "detail": "rgba(255, 255, 255, 0.1) 0px 1px 0px 0px inset | color(srgb 0.11 0.098 0.09 / 0.06) 0px -1px 0px 0px inset | color(srgb 0.11 0.098 0.09 / 0.04) 1px 0px 0px 0px "
          },
          {
            "bucket": "chrome",
            "kind": "box-shadow×4 (floating)",
            "el": "input#v-51-control.field-control.glass-control-edge",
            "detail": "rgba(255, 255, 255, 0.1) 0px 1px 0px 0px inset | color(srgb 0.11 0.098 0.09 / 0.06) 0px -1px 0px 0px inset | color(srgb 0.11 0.098 0.09 / 0.04) 1px 0px 0px 0px "
          },
          {
            "bucket": "chrome",
            "kind": "box-shadow×4 (floating)",
            "el": "input#v-52-control.field-control.glass-control-edge",
            "detail": "rgba(255, 255, 255, 0.1) 0px 1px 0px 0px inset | color(srgb 0.11 0.098 0.09 / 0.06) 0px -1px 0px 0px inset | color(srgb 0.11 0.098 0.09 / 0.04) 1px 0px 0px 0px "
          },
          {
            "bucket": "chrome",
            "kind": "box-shadow×4 (floating)",
            "el": "input#v-53-control.field-control.glass-control-edge",
            "detail": "rgba(255, 255, 255, 0.1) 0px 1px 0px 0px inset | color(srgb 0.11 0.098 0.09 / 0.06) 0px -1px 0px 0px inset | color(srgb 0.11 0.098 0.09 / 0.04) 1px 0px 0px 0px "
          },
          {
            "bucket": "chrome",
            "kind": "box-shadow×3 (floating)",
            "el": "button#v-54-control.control-surface.glass-control-edge.glass-capsule-hover",
            "detail": "rgba(255, 255, 255, 0.1) 0px 1px 0px 0px inset | color(srgb 0.11 0.098 0.09 / 0.06) 0px -1px 0px 0px inset | color(srgb 0.11 0.098 0.09 / 0.04) 1px 0px 0px 0px "
          },
          {
            "bucket": "chrome",
            "kind": "control-gradient",
            "el": "button#v-54-control.control-surface.glass-control-edge.glass-capsule-hover",
            "detail": "linear-gradient(color(srgb 0.20397 0.148263 0.0829736 / 0.1), color(srgb 0.20397 0.148263 0.0829736 / 0.1)), linear-gradient(color(srgb 0.994 0.96 0.926 / 0.15)"
          },
          {
            "bucket": "chrome",
            "kind": "box-shadow×3 (floating)",
            "el": "button#v-56-control.control-surface.glass-control-edge.glass-capsule-hover",
            "detail": "rgba(255, 255, 255, 0.1) 0px 1px 0px 0px inset | color(srgb 0.11 0.098 0.09 / 0.06) 0px -1px 0px 0px inset | color(srgb 0.11 0.098 0.09 / 0.04) 1px 0px 0px 0px "
          },
          {
            "bucket": "chrome",
            "kind": "control-gradient",
            "el": "button#v-56-control.control-surface.glass-control-edge.glass-capsule-hover",
            "detail": "linear-gradient(color(srgb 0.20397 0.148263 0.0829736 / 0.1), color(srgb 0.20397 0.148263 0.0829736 / 0.1)), linear-gradient(color(srgb 0.994 0.96 0.926 / 0.15)"
          },
          {
            "bucket": "chrome",
            "kind": "box-shadow×3 (floating)",
            "el": "button#reka-popover-trigger-v-61.control-surface.glass-control-edge.glass-capsule-hover",
            "detail": "rgba(255, 255, 255, 0.1) 0px 1px 0px 0px inset | color(srgb 0.11 0.098 0.09 / 0.06) 0px -1px 0px 0px inset | color(srgb 0.11 0.098 0.09 / 0.04) 1px 0px 0px 0px "
          },
          {
            "bucket": "chrome",
            "kind": "control-gradient",
            "el": "button#reka-popover-trigger-v-61.control-surface.glass-control-edge.glass-capsule-hover",
            "detail": "linear-gradient(color(srgb 0.20397 0.148263 0.0829736 / 0.1), color(srgb 0.20397 0.148263 0.0829736 / 0.1)), linear-gradient(color(srgb 0.994 0.96 0.926 / 0.15)"
          },
          {
            "bucket": "chrome",
            "kind": "box-shadow×3 (floating)",
            "el": "button#v-63-control.control-surface.glass-control-edge.glass-capsule-hover",
            "detail": "rgba(255, 255, 255, 0.1) 0px 1px 0px 0px inset | color(srgb 0.11 0.098 0.09 / 0.06) 0px -1px 0px 0px inset | color(srgb 0.11 0.098 0.09 / 0.04) 1px 0px 0px 0px "
          },
          {
            "bucket": "chrome",
            "kind": "control-gradient",
            "el": "button#v-63-control.control-surface.glass-control-edge.glass-capsule-hover",
            "detail": "linear-gradient(color(srgb 0.20397 0.148263 0.0829736 / 0.1), color(srgb 0.20397 0.148263 0.0829736 / 0.1)), linear-gradient(color(srgb 0.994 0.96 0.926 / 0.15)"
          },
          {
            "bucket": "chrome",
            "kind": "box-shadow×5 (floating)",
            "el": "button.button.tap-squish.focus-ring",
            "detail": "rgba(255, 255, 255, 0.1) 0px 1px 0px 0px inset | color(srgb 0.11 0.098 0.09 / 0.06) 0px -1px 0px 0px inset | color(srgb 0.11 0.098 0.09 / 0.04) 1px 0px 0px 0px "
          },
          {
            "bucket": "chrome",
            "kind": "box-shadow×4 (floating)",
            "el": "input#v-65-control.number-field__input.field-control.glass-control-edge",
            "detail": "rgba(255, 255, 255, 0.1) 0px 1px 0px 0px inset | color(srgb 0.11 0.098 0.09 / 0.06) 0px -1px 0px 0px inset | color(srgb 0.11 0.098 0.09 / 0.04) 1px 0px 0px 0px "
          },
          {
            "bucket": "chrome",
            "kind": "box-shadow×5 (floating)",
            "el": "button.button.tap-squish.focus-ring",
            "detail": "rgba(255, 255, 255, 0.1) 0px 1px 0px 0px inset | color(srgb 0.11 0.098 0.09 / 0.06) 0px -1px 0px 0px inset | color(srgb 0.11 0.098 0.09 / 0.04) 1px 0px 0px 0px "
          },
          {
            "bucket": "chrome",
            "kind": "box-shadow×3 (floating)",
            "el": "span.control-bit__face",
            "detail": "rgba(255, 255, 255, 0.1) 0px 1px 0px 0px inset | color(srgb 0.11 0.098 0.09 / 0.06) 0px -1px 0px 0px inset | color(srgb 0.11 0.098 0.09 / 0.04) 1px 0px 0px 0px "
          },
          {
            "bucket": "chrome",
            "kind": "box-shadow×4 (floating)",
            "el": "span.slider-range.glass-liquid-fill",
            "detail": "rgba(255, 255, 255, 0.1) 0px 1px 0px 0px inset | color(srgb 0.11 0.098 0.09 / 0.06) 0px -1px 0px 0px inset | color(srgb 0.11 0.098 0.09 / 0.04) 1px 0px 0px 0px "
          }
        ]
      },
      {
        "route": "amiga",
        "scheme": "light",
        "width": 390,
        "chrome": {
          "shadowEls": 18,
          "shadowLayers": 56,
          "maxLayers": 6,
          "nonFloatingShadowEls": 2,
          "insetHighlights": 13,
          "textShadow": 0,
          "dropShadow": 0,
          "filterBlur": 0,
          "backdropBlur": 15,
          "controlGradients": 4,
          "loopingAnimations": 0
        },
        "subject": {
          "shadowEls": 0,
          "shadowLayers": 0,
          "maxLayers": 0,
          "nonFloatingShadowEls": 0,
          "insetHighlights": 0,
          "textShadow": 0,
          "dropShadow": 0,
          "filterBlur": 0,
          "backdropBlur": 0,
          "controlGradients": 0,
          "loopingAnimations": 0,
          "gradientFills": 0
        },
        "identityGradients": 1,
        "offenders": [
          {
            "bucket": "chrome",
            "kind": "box-shadow×1",
            "el": "div.glass-dock.horizontal.shape-pill",
            "detail": "color(srgb 0.11 0.098 0.09 / 0.12) 0px 0px 12px 0px"
          },
          {
            "bucket": "chrome",
            "kind": "box-shadow×1",
            "el": "div.glass-dock.horizontal.shape-pill",
            "detail": "color(srgb 0.11 0.098 0.09 / 0.12) 0px 0px 12px 0px"
          },
          {
            "bucket": "chrome",
            "kind": "box-shadow×6 (floating)",
            "el": "div.border-t.glass-floating.controls-drawer-content",
            "detail": "rgba(255, 255, 255, 0.1) 0px 1px 0px 0px inset | color(srgb 0.11 0.098 0.09 / 0.06) 0px -1px 0px 0px inset | color(srgb 0.11 0.098 0.09 / 0.04) 1px 0px 0px 0px "
          },
          {
            "bucket": "chrome",
            "kind": "box-shadow×4 (floating)",
            "el": "input#v-122-control.field-control.glass-control-edge",
            "detail": "rgba(255, 255, 255, 0.1) 0px 1px 0px 0px inset | color(srgb 0.11 0.098 0.09 / 0.06) 0px -1px 0px 0px inset | color(srgb 0.11 0.098 0.09 / 0.04) 1px 0px 0px 0px "
          },
          {
            "bucket": "chrome",
            "kind": "box-shadow×4 (floating)",
            "el": "input#v-123-control.field-control.glass-control-edge",
            "detail": "rgba(255, 255, 255, 0.1) 0px 1px 0px 0px inset | color(srgb 0.11 0.098 0.09 / 0.06) 0px -1px 0px 0px inset | color(srgb 0.11 0.098 0.09 / 0.04) 1px 0px 0px 0px "
          },
          {
            "bucket": "chrome",
            "kind": "box-shadow×4 (floating)",
            "el": "input#v-124-control.field-control.glass-control-edge",
            "detail": "rgba(255, 255, 255, 0.1) 0px 1px 0px 0px inset | color(srgb 0.11 0.098 0.09 / 0.06) 0px -1px 0px 0px inset | color(srgb 0.11 0.098 0.09 / 0.04) 1px 0px 0px 0px "
          },
          {
            "bucket": "chrome",
            "kind": "box-shadow×3 (floating)",
            "el": "button#v-125-control.control-surface.glass-control-edge.glass-capsule-hover",
            "detail": "rgba(255, 255, 255, 0.1) 0px 1px 0px 0px inset | color(srgb 0.11 0.098 0.09 / 0.06) 0px -1px 0px 0px inset | color(srgb 0.11 0.098 0.09 / 0.04) 1px 0px 0px 0px "
          },
          {
            "bucket": "chrome",
            "kind": "control-gradient",
            "el": "button#v-125-control.control-surface.glass-control-edge.glass-capsule-hover",
            "detail": "linear-gradient(color(srgb 0.20397 0.148263 0.0829736 / 0.1), color(srgb 0.20397 0.148263 0.0829736 / 0.1)), linear-gradient(color(srgb 0.994 0.96 0.926 / 0.15)"
          },
          {
            "bucket": "chrome",
            "kind": "box-shadow×3 (floating)",
            "el": "button#v-127-control.control-surface.glass-control-edge.glass-capsule-hover",
            "detail": "rgba(255, 255, 255, 0.1) 0px 1px 0px 0px inset | color(srgb 0.11 0.098 0.09 / 0.06) 0px -1px 0px 0px inset | color(srgb 0.11 0.098 0.09 / 0.04) 1px 0px 0px 0px "
          },
          {
            "bucket": "chrome",
            "kind": "control-gradient",
            "el": "button#v-127-control.control-surface.glass-control-edge.glass-capsule-hover",
            "detail": "linear-gradient(color(srgb 0.20397 0.148263 0.0829736 / 0.1), color(srgb 0.20397 0.148263 0.0829736 / 0.1)), linear-gradient(color(srgb 0.994 0.96 0.926 / 0.15)"
          },
          {
            "bucket": "chrome",
            "kind": "box-shadow×3 (floating)",
            "el": "button#reka-popover-trigger-v-132.control-surface.glass-control-edge.glass-capsule-hover",
            "detail": "rgba(255, 255, 255, 0.1) 0px 1px 0px 0px inset | color(srgb 0.11 0.098 0.09 / 0.06) 0px -1px 0px 0px inset | color(srgb 0.11 0.098 0.09 / 0.04) 1px 0px 0px 0px "
          },
          {
            "bucket": "chrome",
            "kind": "control-gradient",
            "el": "button#reka-popover-trigger-v-132.control-surface.glass-control-edge.glass-capsule-hover",
            "detail": "linear-gradient(color(srgb 0.20397 0.148263 0.0829736 / 0.1), color(srgb 0.20397 0.148263 0.0829736 / 0.1)), linear-gradient(color(srgb 0.994 0.96 0.926 / 0.15)"
          },
          {
            "bucket": "chrome",
            "kind": "box-shadow×3 (floating)",
            "el": "button#v-134-control.control-surface.glass-control-edge.glass-capsule-hover",
            "detail": "rgba(255, 255, 255, 0.1) 0px 1px 0px 0px inset | color(srgb 0.11 0.098 0.09 / 0.06) 0px -1px 0px 0px inset | color(srgb 0.11 0.098 0.09 / 0.04) 1px 0px 0px 0px "
          },
          {
            "bucket": "chrome",
            "kind": "control-gradient",
            "el": "button#v-134-control.control-surface.glass-control-edge.glass-capsule-hover",
            "detail": "linear-gradient(color(srgb 0.20397 0.148263 0.0829736 / 0.1), color(srgb 0.20397 0.148263 0.0829736 / 0.1)), linear-gradient(color(srgb 0.994 0.96 0.926 / 0.15)"
          },
          {
            "bucket": "chrome",
            "kind": "box-shadow×5 (floating)",
            "el": "button.button.tap-squish.focus-ring",
            "detail": "rgba(255, 255, 255, 0.1) 0px 1px 0px 0px inset | color(srgb 0.11 0.098 0.09 / 0.06) 0px -1px 0px 0px inset | color(srgb 0.11 0.098 0.09 / 0.04) 1px 0px 0px 0px "
          },
          {
            "bucket": "chrome",
            "kind": "box-shadow×4 (floating)",
            "el": "input#v-136-control.number-field__input.field-control.glass-control-edge",
            "detail": "rgba(255, 255, 255, 0.1) 0px 1px 0px 0px inset | color(srgb 0.11 0.098 0.09 / 0.06) 0px -1px 0px 0px inset | color(srgb 0.11 0.098 0.09 / 0.04) 1px 0px 0px 0px "
          },
          {
            "bucket": "chrome",
            "kind": "box-shadow×5 (floating)",
            "el": "button.button.tap-squish.focus-ring",
            "detail": "rgba(255, 255, 255, 0.1) 0px 1px 0px 0px inset | color(srgb 0.11 0.098 0.09 / 0.06) 0px -1px 0px 0px inset | color(srgb 0.11 0.098 0.09 / 0.04) 1px 0px 0px 0px "
          },
          {
            "bucket": "chrome",
            "kind": "box-shadow×4 (floating)",
            "el": "span.slider-range.glass-liquid-fill",
            "detail": "rgba(255, 255, 255, 0.1) 0px 1px 0px 0px inset | color(srgb 0.11 0.098 0.09 / 0.06) 0px -1px 0px 0px inset | color(srgb 0.11 0.098 0.09 / 0.04) 1px 0px 0px 0px "
          },
          {
            "bucket": "chrome",
            "kind": "box-shadow×3 (floating)",
            "el": "span.control-bit__face",
            "detail": "rgba(255, 255, 255, 0.1) 0px 1px 0px 0px inset | color(srgb 0.11 0.098 0.09 / 0.06) 0px -1px 0px 0px inset | color(srgb 0.11 0.098 0.09 / 0.04) 1px 0px 0px 0px "
          }
        ]
      },
      {
        "route": "square",
        "scheme": "light",
        "width": 390,
        "chrome": {
          "shadowEls": 17,
          "shadowLayers": 56,
          "maxLayers": 6,
          "nonFloatingShadowEls": 3,
          "insetHighlights": 13,
          "textShadow": 0,
          "dropShadow": 0,
          "filterBlur": 0,
          "backdropBlur": 15,
          "controlGradients": 4,
          "loopingAnimations": 0
        },
        "subject": {
          "shadowEls": 0,
          "shadowLayers": 0,
          "maxLayers": 0,
          "nonFloatingShadowEls": 0,
          "insetHighlights": 0,
          "textShadow": 0,
          "dropShadow": 0,
          "filterBlur": 0,
          "backdropBlur": 0,
          "controlGradients": 0,
          "loopingAnimations": 0,
          "gradientFills": 0
        },
        "identityGradients": 1,
        "offenders": [
          {
            "bucket": "chrome",
            "kind": "box-shadow×1",
            "el": "div.glass-dock.horizontal.shape-pill",
            "detail": "color(srgb 0.11 0.098 0.09 / 0.12) 0px 0px 12px 0px"
          },
          {
            "bucket": "chrome",
            "kind": "box-shadow×5",
            "el": "div.glass-resting.card.square-stage",
            "detail": "rgba(255, 255, 255, 0.1) 0px 1px 0px 0px inset | color(srgb 0.11 0.098 0.09 / 0.06) 0px -1px 0px 0px inset | color(srgb 0.11 0.098 0.09 / 0.04) 1px 0px 0px 0px "
          },
          {
            "bucket": "chrome",
            "kind": "box-shadow×1",
            "el": "div.glass-dock.horizontal.shape-pill",
            "detail": "color(srgb 0.11 0.098 0.09 / 0.12) 0px 0px 12px 0px"
          },
          {
            "bucket": "chrome",
            "kind": "box-shadow×6 (floating)",
            "el": "div.border-t.glass-floating.controls-drawer-content",
            "detail": "rgba(255, 255, 255, 0.1) 0px 1px 0px 0px inset | color(srgb 0.11 0.098 0.09 / 0.06) 0px -1px 0px 0px inset | color(srgb 0.11 0.098 0.09 / 0.04) 1px 0px 0px 0px "
          },
          {
            "bucket": "chrome",
            "kind": "box-shadow×4 (floating)",
            "el": "input#v-190-control.field-control.glass-control-edge",
            "detail": "rgba(255, 255, 255, 0.1) 0px 1px 0px 0px inset | color(srgb 0.11 0.098 0.09 / 0.06) 0px -1px 0px 0px inset | color(srgb 0.11 0.098 0.09 / 0.04) 1px 0px 0px 0px "
          },
          {
            "bucket": "chrome",
            "kind": "box-shadow×4 (floating)",
            "el": "input#v-191-control.field-control.glass-control-edge",
            "detail": "rgba(255, 255, 255, 0.1) 0px 1px 0px 0px inset | color(srgb 0.11 0.098 0.09 / 0.06) 0px -1px 0px 0px inset | color(srgb 0.11 0.098 0.09 / 0.04) 1px 0px 0px 0px "
          },
          {
            "bucket": "chrome",
            "kind": "box-shadow×4 (floating)",
            "el": "input#v-192-control.field-control.glass-control-edge",
            "detail": "rgba(255, 255, 255, 0.1) 0px 1px 0px 0px inset | color(srgb 0.11 0.098 0.09 / 0.06) 0px -1px 0px 0px inset | color(srgb 0.11 0.098 0.09 / 0.04) 1px 0px 0px 0px "
          },
          {
            "bucket": "chrome",
            "kind": "box-shadow×3 (floating)",
            "el": "button#v-193-control.control-surface.glass-control-edge.glass-capsule-hover",
            "detail": "rgba(255, 255, 255, 0.1) 0px 1px 0px 0px inset | color(srgb 0.11 0.098 0.09 / 0.06) 0px -1px 0px 0px inset | color(srgb 0.11 0.098 0.09 / 0.04) 1px 0px 0px 0px "
          },
          {
            "bucket": "chrome",
            "kind": "control-gradient",
            "el": "button#v-193-control.control-surface.glass-control-edge.glass-capsule-hover",
            "detail": "linear-gradient(color(srgb 0.20397 0.148263 0.0829736 / 0.1), color(srgb 0.20397 0.148263 0.0829736 / 0.1)), linear-gradient(color(srgb 0.994 0.96 0.926 / 0.15)"
          },
          {
            "bucket": "chrome",
            "kind": "box-shadow×3 (floating)",
            "el": "button#v-195-control.control-surface.glass-control-edge.glass-capsule-hover",
            "detail": "rgba(255, 255, 255, 0.1) 0px 1px 0px 0px inset | color(srgb 0.11 0.098 0.09 / 0.06) 0px -1px 0px 0px inset | color(srgb 0.11 0.098 0.09 / 0.04) 1px 0px 0px 0px "
          },
          {
            "bucket": "chrome",
            "kind": "control-gradient",
            "el": "button#v-195-control.control-surface.glass-control-edge.glass-capsule-hover",
            "detail": "linear-gradient(color(srgb 0.20397 0.148263 0.0829736 / 0.1), color(srgb 0.20397 0.148263 0.0829736 / 0.1)), linear-gradient(color(srgb 0.994 0.96 0.926 / 0.15)"
          },
          {
            "bucket": "chrome",
            "kind": "box-shadow×3 (floating)",
            "el": "button#reka-popover-trigger-v-200.control-surface.glass-control-edge.glass-capsule-hover",
            "detail": "rgba(255, 255, 255, 0.1) 0px 1px 0px 0px inset | color(srgb 0.11 0.098 0.09 / 0.06) 0px -1px 0px 0px inset | color(srgb 0.11 0.098 0.09 / 0.04) 1px 0px 0px 0px "
          },
          {
            "bucket": "chrome",
            "kind": "control-gradient",
            "el": "button#reka-popover-trigger-v-200.control-surface.glass-control-edge.glass-capsule-hover",
            "detail": "linear-gradient(color(srgb 0.20397 0.148263 0.0829736 / 0.1), color(srgb 0.20397 0.148263 0.0829736 / 0.1)), linear-gradient(color(srgb 0.994 0.96 0.926 / 0.15)"
          },
          {
            "bucket": "chrome",
            "kind": "box-shadow×3 (floating)",
            "el": "button#v-202-control.control-surface.glass-control-edge.glass-capsule-hover",
            "detail": "rgba(255, 255, 255, 0.1) 0px 1px 0px 0px inset | color(srgb 0.11 0.098 0.09 / 0.06) 0px -1px 0px 0px inset | color(srgb 0.11 0.098 0.09 / 0.04) 1px 0px 0px 0px "
          },
          {
            "bucket": "chrome",
            "kind": "control-gradient",
            "el": "button#v-202-control.control-surface.glass-control-edge.glass-capsule-hover",
            "detail": "linear-gradient(color(srgb 0.20397 0.148263 0.0829736 / 0.1), color(srgb 0.20397 0.148263 0.0829736 / 0.1)), linear-gradient(color(srgb 0.994 0.96 0.926 / 0.15)"
          },
          {
            "bucket": "chrome",
            "kind": "box-shadow×5 (floating)",
            "el": "button.button.tap-squish.focus-ring",
            "detail": "rgba(255, 255, 255, 0.1) 0px 1px 0px 0px inset | color(srgb 0.11 0.098 0.09 / 0.06) 0px -1px 0px 0px inset | color(srgb 0.11 0.098 0.09 / 0.04) 1px 0px 0px 0px "
          },
          {
            "bucket": "chrome",
            "kind": "box-shadow×4 (floating)",
            "el": "input#v-204-control.number-field__input.field-control.glass-control-edge",
            "detail": "rgba(255, 255, 255, 0.1) 0px 1px 0px 0px inset | color(srgb 0.11 0.098 0.09 / 0.06) 0px -1px 0px 0px inset | color(srgb 0.11 0.098 0.09 / 0.04) 1px 0px 0px 0px "
          },
          {
            "bucket": "chrome",
            "kind": "box-shadow×5 (floating)",
            "el": "button.button.tap-squish.focus-ring",
            "detail": "rgba(255, 255, 255, 0.1) 0px 1px 0px 0px inset | color(srgb 0.11 0.098 0.09 / 0.06) 0px -1px 0px 0px inset | color(srgb 0.11 0.098 0.09 / 0.04) 1px 0px 0px 0px "
          },
          {
            "bucket": "chrome",
            "kind": "box-shadow×3 (floating)",
            "el": "span.control-bit__face",
            "detail": "rgba(255, 255, 255, 0.1) 0px 1px 0px 0px inset | color(srgb 0.11 0.098 0.09 / 0.06) 0px -1px 0px 0px inset | color(srgb 0.11 0.098 0.09 / 0.04) 1px 0px 0px 0px "
          }
        ]
      },
      {
        "route": "easing",
        "scheme": "light",
        "width": 390,
        "chrome": {
          "shadowEls": 40,
          "shadowLayers": 122,
          "maxLayers": 6,
          "nonFloatingShadowEls": 33,
          "insetHighlights": 36,
          "textShadow": 0,
          "dropShadow": 0,
          "filterBlur": 0,
          "backdropBlur": 11,
          "controlGradients": 29,
          "loopingAnimations": 0
        },
        "subject": {
          "shadowEls": 0,
          "shadowLayers": 0,
          "maxLayers": 0,
          "nonFloatingShadowEls": 0,
          "insetHighlights": 0,
          "textShadow": 0,
          "dropShadow": 0,
          "filterBlur": 0,
          "backdropBlur": 0,
          "controlGradients": 0,
          "loopingAnimations": 0,
          "gradientFills": 0
        },
        "identityGradients": 1,
        "offenders": [
          {
            "bucket": "chrome",
            "kind": "box-shadow×1",
            "el": "div.glass-dock.horizontal.shape-pill",
            "detail": "color(srgb 0.11 0.098 0.09 / 0.12) 0px 0px 12px 0px"
          },
          {
            "bucket": "chrome",
            "kind": "box-shadow×5",
            "el": "div.glass-resting.card.easing-target",
            "detail": "rgba(255, 255, 255, 0.1) 0px 1px 0px 0px inset | color(srgb 0.11 0.098 0.09 / 0.06) 0px -1px 0px 0px inset | color(srgb 0.11 0.098 0.09 / 0.04) 1px 0px 0px 0px "
          },
          {
            "bucket": "chrome",
            "kind": "box-shadow×4",
            "el": "div.segmented-tabs.segmented-tabs--pill.glass-capsule-track",
            "detail": "rgba(255, 255, 255, 0.1) 0px 1px 0px 0px inset | color(srgb 0.11 0.098 0.09 / 0.06) 0px -1px 0px 0px inset | color(srgb 0.11 0.098 0.09 / 0.04) 1px 0px 0px 0px "
          },
          {
            "bucket": "chrome",
            "kind": "box-shadow×4",
            "el": "div.segmented-indicator.segmented-indicator--js.glass-capsule",
            "detail": "rgba(255, 255, 255, 0.1) 0px 1px 0px 0px inset | color(srgb 0.11 0.098 0.09 / 0.06) 0px -1px 0px 0px inset | color(srgb 0.11 0.098 0.09 / 0.04) 1px 0px 0px 0px "
          },
          {
            "bucket": "chrome",
            "kind": "box-shadow×3",
            "el": "button.toggle-group__item.control-surface.glass-control-edge",
            "detail": "rgba(255, 255, 255, 0.1) 0px 1px 0px 0px inset | color(srgb 0.11 0.098 0.09 / 0.06) 0px -1px 0px 0px inset | color(srgb 0.11 0.098 0.09 / 0.04) 1px 0px 0px 0px "
          },
          {
            "bucket": "chrome",
            "kind": "control-gradient",
            "el": "button.toggle-group__item.control-surface.glass-control-edge",
            "detail": "linear-gradient(color(srgb 0.20397 0.148263 0.0829736 / 0.1), color(srgb 0.20397 0.148263 0.0829736 / 0.1)), linear-gradient(color(srgb 0.994 0.96 0.926 / 0.15)"
          },
          {
            "bucket": "chrome",
            "kind": "box-shadow×3",
            "el": "button.toggle-group__item.control-surface.glass-control-edge",
            "detail": "rgba(255, 255, 255, 0.1) 0px 1px 0px 0px inset | color(srgb 0.11 0.098 0.09 / 0.06) 0px -1px 0px 0px inset | color(srgb 0.11 0.098 0.09 / 0.04) 1px 0px 0px 0px "
          },
          {
            "bucket": "chrome",
            "kind": "control-gradient",
            "el": "button.toggle-group__item.control-surface.glass-control-edge",
            "detail": "linear-gradient(color(srgb 0.20397 0.148263 0.0829736 / 0.1), color(srgb 0.20397 0.148263 0.0829736 / 0.1)), linear-gradient(color(srgb 0.994 0.96 0.926 / 0.15)"
          },
          {
            "bucket": "chrome",
            "kind": "box-shadow×3",
            "el": "button.toggle-group__item.control-surface.glass-control-edge",
            "detail": "rgba(255, 255, 255, 0.1) 0px 1px 0px 0px inset | color(srgb 0.11 0.098 0.09 / 0.06) 0px -1px 0px 0px inset | color(srgb 0.11 0.098 0.09 / 0.04) 1px 0px 0px 0px "
          },
          {
            "bucket": "chrome",
            "kind": "control-gradient",
            "el": "button.toggle-group__item.control-surface.glass-control-edge",
            "detail": "linear-gradient(color(srgb 0.20397 0.148263 0.0829736 / 0.1), color(srgb 0.20397 0.148263 0.0829736 / 0.1)), linear-gradient(color(srgb 0.994 0.96 0.926 / 0.15)"
          },
          {
            "bucket": "chrome",
            "kind": "box-shadow×3",
            "el": "button.toggle-group__item.control-surface.glass-control-edge",
            "detail": "rgba(255, 255, 255, 0.1) 0px 1px 0px 0px inset | color(srgb 0.11 0.098 0.09 / 0.06) 0px -1px 0px 0px inset | color(srgb 0.11 0.098 0.09 / 0.04) 1px 0px 0px 0px "
          },
          {
            "bucket": "chrome",
            "kind": "control-gradient",
            "el": "button.toggle-group__item.control-surface.glass-control-edge",
            "detail": "linear-gradient(color(srgb 0.20397 0.148263 0.0829736 / 0.1), color(srgb 0.20397 0.148263 0.0829736 / 0.1)), linear-gradient(color(srgb 0.994 0.96 0.926 / 0.15)"
          },
          {
            "bucket": "chrome",
            "kind": "box-shadow×3",
            "el": "button.toggle-group__item.control-surface.glass-control-edge",
            "detail": "rgba(255, 255, 255, 0.1) 0px 1px 0px 0px inset | color(srgb 0.11 0.098 0.09 / 0.06) 0px -1px 0px 0px inset | color(srgb 0.11 0.098 0.09 / 0.04) 1px 0px 0px 0px "
          },
          {
            "bucket": "chrome",
            "kind": "control-gradient",
            "el": "button.toggle-group__item.control-surface.glass-control-edge",
            "detail": "linear-gradient(color(srgb 0.20397 0.148263 0.0829736 / 0.1), color(srgb 0.20397 0.148263 0.0829736 / 0.1)), linear-gradient(color(srgb 0.994 0.96 0.926 / 0.15)"
          },
          {
            "bucket": "chrome",
            "kind": "box-shadow×3",
            "el": "button.toggle-group__item.control-surface.glass-control-edge",
            "detail": "rgba(255, 255, 255, 0.1) 0px 1px 0px 0px inset | color(srgb 0.11 0.098 0.09 / 0.06) 0px -1px 0px 0px inset | color(srgb 0.11 0.098 0.09 / 0.04) 1px 0px 0px 0px "
          },
          {
            "bucket": "chrome",
            "kind": "control-gradient",
            "el": "button.toggle-group__item.control-surface.glass-control-edge",
            "detail": "linear-gradient(color(srgb 0.20397 0.148263 0.0829736 / 0.1), color(srgb 0.20397 0.148263 0.0829736 / 0.1)), linear-gradient(color(srgb 0.994 0.96 0.926 / 0.15)"
          },
          {
            "bucket": "chrome",
            "kind": "box-shadow×3",
            "el": "button.toggle-group__item.control-surface.glass-control-edge",
            "detail": "rgba(255, 255, 255, 0.1) 0px 1px 0px 0px inset | color(srgb 0.11 0.098 0.09 / 0.06) 0px -1px 0px 0px inset | color(srgb 0.11 0.098 0.09 / 0.04) 1px 0px 0px 0px "
          },
          {
            "bucket": "chrome",
            "kind": "control-gradient",
            "el": "button.toggle-group__item.control-surface.glass-control-edge",
            "detail": "linear-gradient(color(srgb 0.20397 0.148263 0.0829736 / 0.1), color(srgb 0.20397 0.148263 0.0829736 / 0.1)), linear-gradient(color(srgb 0.994 0.96 0.926 / 0.15)"
          },
          {
            "bucket": "chrome",
            "kind": "box-shadow×3",
            "el": "button.toggle-group__item.control-surface.glass-control-edge",
            "detail": "rgba(255, 255, 255, 0.1) 0px 1px 0px 0px inset | color(srgb 0.11 0.098 0.09 / 0.06) 0px -1px 0px 0px inset | color(srgb 0.11 0.098 0.09 / 0.04) 1px 0px 0px 0px "
          },
          {
            "bucket": "chrome",
            "kind": "control-gradient",
            "el": "button.toggle-group__item.control-surface.glass-control-edge",
            "detail": "linear-gradient(color(srgb 0.20397 0.148263 0.0829736 / 0.1), color(srgb 0.20397 0.148263 0.0829736 / 0.1)), linear-gradient(color(srgb 0.994 0.96 0.926 / 0.15)"
          },
          {
            "bucket": "chrome",
            "kind": "box-shadow×3",
            "el": "button.toggle-group__item.control-surface.glass-control-edge",
            "detail": "rgba(255, 255, 255, 0.1) 0px 1px 0px 0px inset | color(srgb 0.11 0.098 0.09 / 0.06) 0px -1px 0px 0px inset | color(srgb 0.11 0.098 0.09 / 0.04) 1px 0px 0px 0px "
          },
          {
            "bucket": "chrome",
            "kind": "control-gradient",
            "el": "button.toggle-group__item.control-surface.glass-control-edge",
            "detail": "linear-gradient(color(srgb 0.20397 0.148263 0.0829736 / 0.1), color(srgb 0.20397 0.148263 0.0829736 / 0.1)), linear-gradient(color(srgb 0.994 0.96 0.926 / 0.15)"
          },
          {
            "bucket": "chrome",
            "kind": "box-shadow×3",
            "el": "button.toggle-group__item.control-surface.glass-control-edge",
            "detail": "rgba(255, 255, 255, 0.1) 0px 1px 0px 0px inset | color(srgb 0.11 0.098 0.09 / 0.06) 0px -1px 0px 0px inset | color(srgb 0.11 0.098 0.09 / 0.04) 1px 0px 0px 0px "
          },
          {
            "bucket": "chrome",
            "kind": "control-gradient",
            "el": "button.toggle-group__item.control-surface.glass-control-edge",
            "detail": "linear-gradient(color(srgb 0.20397 0.148263 0.0829736 / 0.1), color(srgb 0.20397 0.148263 0.0829736 / 0.1)), linear-gradient(color(srgb 0.994 0.96 0.926 / 0.15)"
          },
          {
            "bucket": "chrome",
            "kind": "box-shadow×3",
            "el": "button.toggle-group__item.control-surface.glass-control-edge",
            "detail": "rgba(255, 255, 255, 0.1) 0px 1px 0px 0px inset | color(srgb 0.11 0.098 0.09 / 0.06) 0px -1px 0px 0px inset | color(srgb 0.11 0.098 0.09 / 0.04) 1px 0px 0px 0px "
          },
          {
            "bucket": "chrome",
            "kind": "control-gradient",
            "el": "button.toggle-group__item.control-surface.glass-control-edge",
            "detail": "linear-gradient(color(srgb 0.20397 0.148263 0.0829736 / 0.1), color(srgb 0.20397 0.148263 0.0829736 / 0.1)), linear-gradient(color(srgb 0.994 0.96 0.926 / 0.15)"
          },
          {
            "bucket": "chrome",
            "kind": "box-shadow×3",
            "el": "button.toggle-group__item.control-surface.glass-control-edge",
            "detail": "rgba(255, 255, 255, 0.1) 0px 1px 0px 0px inset | color(srgb 0.11 0.098 0.09 / 0.06) 0px -1px 0px 0px inset | color(srgb 0.11 0.098 0.09 / 0.04) 1px 0px 0px 0px "
          },
          {
            "bucket": "chrome",
            "kind": "control-gradient",
            "el": "button.toggle-group__item.control-surface.glass-control-edge",
            "detail": "linear-gradient(color(srgb 0.20397 0.148263 0.0829736 / 0.1), color(srgb 0.20397 0.148263 0.0829736 / 0.1)), linear-gradient(color(srgb 0.994 0.96 0.926 / 0.15)"
          },
          {
            "bucket": "chrome",
            "kind": "box-shadow×3",
            "el": "button.toggle-group__item.control-surface.glass-control-edge",
            "detail": "rgba(255, 255, 255, 0.1) 0px 1px 0px 0px inset | color(srgb 0.11 0.098 0.09 / 0.06) 0px -1px 0px 0px inset | color(srgb 0.11 0.098 0.09 / 0.04) 1px 0px 0px 0px "
          },
          {
            "bucket": "chrome",
            "kind": "control-gradient",
            "el": "button.toggle-group__item.control-surface.glass-control-edge",
            "detail": "linear-gradient(color(srgb 0.20397 0.148263 0.0829736 / 0.1), color(srgb 0.20397 0.148263 0.0829736 / 0.1)), linear-gradient(color(srgb 0.994 0.96 0.926 / 0.15)"
          },
          {
            "bucket": "chrome",
            "kind": "box-shadow×3",
            "el": "button.toggle-group__item.control-surface.glass-control-edge",
            "detail": "rgba(255, 255, 255, 0.1) 0px 1px 0px 0px inset | color(srgb 0.11 0.098 0.09 / 0.06) 0px -1px 0px 0px inset | color(srgb 0.11 0.098 0.09 / 0.04) 1px 0px 0px 0px "
          },
          {
            "bucket": "chrome",
            "kind": "control-gradient",
            "el": "button.toggle-group__item.control-surface.glass-control-edge",
            "detail": "linear-gradient(color(srgb 0.20397 0.148263 0.0829736 / 0.1), color(srgb 0.20397 0.148263 0.0829736 / 0.1)), linear-gradient(color(srgb 0.994 0.96 0.926 / 0.15)"
          },
          {
            "bucket": "chrome",
            "kind": "box-shadow×3",
            "el": "button.toggle-group__item.control-surface.glass-control-edge",
            "detail": "rgba(255, 255, 255, 0.1) 0px 1px 0px 0px inset | color(srgb 0.11 0.098 0.09 / 0.06) 0px -1px 0px 0px inset | color(srgb 0.11 0.098 0.09 / 0.04) 1px 0px 0px 0px "
          },
          {
            "bucket": "chrome",
            "kind": "control-gradient",
            "el": "button.toggle-group__item.control-surface.glass-control-edge",
            "detail": "linear-gradient(color(srgb 0.20397 0.148263 0.0829736 / 0.1), color(srgb 0.20397 0.148263 0.0829736 / 0.1)), linear-gradient(color(srgb 0.994 0.96 0.926 / 0.15)"
          },
          {
            "bucket": "chrome",
            "kind": "box-shadow×3",
            "el": "button.toggle-group__item.control-surface.glass-control-edge",
            "detail": "rgba(255, 255, 255, 0.1) 0px 1px 0px 0px inset | color(srgb 0.11 0.098 0.09 / 0.06) 0px -1px 0px 0px inset | color(srgb 0.11 0.098 0.09 / 0.04) 1px 0px 0px 0px "
          },
          {
            "bucket": "chrome",
            "kind": "control-gradient",
            "el": "button.toggle-group__item.control-surface.glass-control-edge",
            "detail": "linear-gradient(color(srgb 0.20397 0.148263 0.0829736 / 0.1), color(srgb 0.20397 0.148263 0.0829736 / 0.1)), linear-gradient(color(srgb 0.994 0.96 0.926 / 0.15)"
          },
          {
            "bucket": "chrome",
            "kind": "box-shadow×3",
            "el": "button.toggle-group__item.control-surface.glass-control-edge",
            "detail": "rgba(255, 255, 255, 0.1) 0px 1px 0px 0px inset | color(srgb 0.11 0.098 0.09 / 0.06) 0px -1px 0px 0px inset | color(srgb 0.11 0.098 0.09 / 0.04) 1px 0px 0px 0px "
          },
          {
            "bucket": "chrome",
            "kind": "control-gradient",
            "el": "button.toggle-group__item.control-surface.glass-control-edge",
            "detail": "linear-gradient(color(srgb 0.20397 0.148263 0.0829736 / 0.1), color(srgb 0.20397 0.148263 0.0829736 / 0.1)), linear-gradient(color(srgb 0.994 0.96 0.926 / 0.15)"
          },
          {
            "bucket": "chrome",
            "kind": "box-shadow×3",
            "el": "button.toggle-group__item.control-surface.glass-control-edge",
            "detail": "rgba(255, 255, 255, 0.1) 0px 1px 0px 0px inset | color(srgb 0.11 0.098 0.09 / 0.06) 0px -1px 0px 0px inset | color(srgb 0.11 0.098 0.09 / 0.04) 1px 0px 0px 0px "
          },
          {
            "bucket": "chrome",
            "kind": "control-gradient",
            "el": "button.toggle-group__item.control-surface.glass-control-edge",
            "detail": "linear-gradient(color(srgb 0.20397 0.148263 0.0829736 / 0.1), color(srgb 0.20397 0.148263 0.0829736 / 0.1)), linear-gradient(color(srgb 0.994 0.96 0.926 / 0.15)"
          },
          {
            "bucket": "chrome",
            "kind": "box-shadow×3",
            "el": "button.toggle-group__item.control-surface.glass-control-edge",
            "detail": "rgba(255, 255, 255, 0.1) 0px 1px 0px 0px inset | color(srgb 0.11 0.098 0.09 / 0.06) 0px -1px 0px 0px inset | color(srgb 0.11 0.098 0.09 / 0.04) 1px 0px 0px 0px "
          },
          {
            "bucket": "chrome",
            "kind": "control-gradient",
            "el": "button.toggle-group__item.control-surface.glass-control-edge",
            "detail": "linear-gradient(color(srgb 0.20397 0.148263 0.0829736 / 0.1), color(srgb 0.20397 0.148263 0.0829736 / 0.1)), linear-gradient(color(srgb 0.994 0.96 0.926 / 0.15)"
          },
          {
            "bucket": "chrome",
            "kind": "box-shadow×3",
            "el": "button.toggle-group__item.control-surface.glass-control-edge",
            "detail": "rgba(255, 255, 255, 0.1) 0px 1px 0px 0px inset | color(srgb 0.11 0.098 0.09 / 0.06) 0px -1px 0px 0px inset | color(srgb 0.11 0.098 0.09 / 0.04) 1px 0px 0px 0px "
          },
          {
            "bucket": "chrome",
            "kind": "control-gradient",
            "el": "button.toggle-group__item.control-surface.glass-control-edge",
            "detail": "linear-gradient(color(srgb 0.20397 0.148263 0.0829736 / 0.1), color(srgb 0.20397 0.148263 0.0829736 / 0.1)), linear-gradient(color(srgb 0.994 0.96 0.926 / 0.15)"
          },
          {
            "bucket": "chrome",
            "kind": "box-shadow×3",
            "el": "button.toggle-group__item.control-surface.glass-control-edge",
            "detail": "rgba(255, 255, 255, 0.1) 0px 1px 0px 0px inset | color(srgb 0.11 0.098 0.09 / 0.06) 0px -1px 0px 0px inset | color(srgb 0.11 0.098 0.09 / 0.04) 1px 0px 0px 0px "
          },
          {
            "bucket": "chrome",
            "kind": "control-gradient",
            "el": "button.toggle-group__item.control-surface.glass-control-edge",
            "detail": "linear-gradient(color(srgb 0.20397 0.148263 0.0829736 / 0.1), color(srgb 0.20397 0.148263 0.0829736 / 0.1)), linear-gradient(color(srgb 0.994 0.96 0.926 / 0.15)"
          },
          {
            "bucket": "chrome",
            "kind": "box-shadow×3",
            "el": "button.toggle-group__item.control-surface.glass-control-edge",
            "detail": "rgba(255, 255, 255, 0.1) 0px 1px 0px 0px inset | color(srgb 0.11 0.098 0.09 / 0.06) 0px -1px 0px 0px inset | color(srgb 0.11 0.098 0.09 / 0.04) 1px 0px 0px 0px "
          },
          {
            "bucket": "chrome",
            "kind": "control-gradient",
            "el": "button.toggle-group__item.control-surface.glass-control-edge",
            "detail": "linear-gradient(color(srgb 0.20397 0.148263 0.0829736 / 0.1), color(srgb 0.20397 0.148263 0.0829736 / 0.1)), linear-gradient(color(srgb 0.994 0.96 0.926 / 0.15)"
          },
          {
            "bucket": "chrome",
            "kind": "box-shadow×3",
            "el": "button.toggle-group__item.control-surface.glass-control-edge",
            "detail": "rgba(255, 255, 255, 0.1) 0px 1px 0px 0px inset | color(srgb 0.11 0.098 0.09 / 0.06) 0px -1px 0px 0px inset | color(srgb 0.11 0.098 0.09 / 0.04) 1px 0px 0px 0px "
          },
          {
            "bucket": "chrome",
            "kind": "control-gradient",
            "el": "button.toggle-group__item.control-surface.glass-control-edge",
            "detail": "linear-gradient(color(srgb 0.20397 0.148263 0.0829736 / 0.1), color(srgb 0.20397 0.148263 0.0829736 / 0.1)), linear-gradient(color(srgb 0.994 0.96 0.926 / 0.15)"
          },
          {
            "bucket": "chrome",
            "kind": "box-shadow×3",
            "el": "button.toggle-group__item.control-surface.glass-control-edge",
            "detail": "rgba(255, 255, 255, 0.1) 0px 1px 0px 0px inset | color(srgb 0.11 0.098 0.09 / 0.06) 0px -1px 0px 0px inset | color(srgb 0.11 0.098 0.09 / 0.04) 1px 0px 0px 0px "
          },
          {
            "bucket": "chrome",
            "kind": "control-gradient",
            "el": "button.toggle-group__item.control-surface.glass-control-edge",
            "detail": "linear-gradient(color(srgb 0.20397 0.148263 0.0829736 / 0.1), color(srgb 0.20397 0.148263 0.0829736 / 0.1)), linear-gradient(color(srgb 0.994 0.96 0.926 / 0.15)"
          },
          {
            "bucket": "chrome",
            "kind": "box-shadow×3",
            "el": "button.toggle-group__item.control-surface.glass-control-edge",
            "detail": "rgba(255, 255, 255, 0.1) 0px 1px 0px 0px inset | color(srgb 0.11 0.098 0.09 / 0.06) 0px -1px 0px 0px inset | color(srgb 0.11 0.098 0.09 / 0.04) 1px 0px 0px 0px "
          },
          {
            "bucket": "chrome",
            "kind": "control-gradient",
            "el": "button.toggle-group__item.control-surface.glass-control-edge",
            "detail": "linear-gradient(color(srgb 0.20397 0.148263 0.0829736 / 0.1), color(srgb 0.20397 0.148263 0.0829736 / 0.1)), linear-gradient(color(srgb 0.994 0.96 0.926 / 0.15)"
          },
          {
            "bucket": "chrome",
            "kind": "box-shadow×3",
            "el": "button.toggle-group__item.control-surface.glass-control-edge",
            "detail": "rgba(255, 255, 255, 0.1) 0px 1px 0px 0px inset | color(srgb 0.11 0.098 0.09 / 0.06) 0px -1px 0px 0px inset | color(srgb 0.11 0.098 0.09 / 0.04) 1px 0px 0px 0px "
          },
          {
            "bucket": "chrome",
            "kind": "control-gradient",
            "el": "button.toggle-group__item.control-surface.glass-control-edge",
            "detail": "linear-gradient(color(srgb 0.20397 0.148263 0.0829736 / 0.1), color(srgb 0.20397 0.148263 0.0829736 / 0.1)), linear-gradient(color(srgb 0.994 0.96 0.926 / 0.15)"
          },
          {
            "bucket": "chrome",
            "kind": "box-shadow×3",
            "el": "button.toggle-group__item.control-surface.glass-control-edge",
            "detail": "rgba(255, 255, 255, 0.1) 0px 1px 0px 0px inset | color(srgb 0.11 0.098 0.09 / 0.06) 0px -1px 0px 0px inset | color(srgb 0.11 0.098 0.09 / 0.04) 1px 0px 0px 0px "
          },
          {
            "bucket": "chrome",
            "kind": "control-gradient",
            "el": "button.toggle-group__item.control-surface.glass-control-edge",
            "detail": "linear-gradient(color(srgb 0.20397 0.148263 0.0829736 / 0.1), color(srgb 0.20397 0.148263 0.0829736 / 0.1)), linear-gradient(color(srgb 0.994 0.96 0.926 / 0.15)"
          },
          {
            "bucket": "chrome",
            "kind": "box-shadow×3",
            "el": "button.toggle-group__item.control-surface.glass-control-edge",
            "detail": "rgba(255, 255, 255, 0.1) 0px 1px 0px 0px inset | color(srgb 0.11 0.098 0.09 / 0.06) 0px -1px 0px 0px inset | color(srgb 0.11 0.098 0.09 / 0.04) 1px 0px 0px 0px "
          },
          {
            "bucket": "chrome",
            "kind": "control-gradient",
            "el": "button.toggle-group__item.control-surface.glass-control-edge",
            "detail": "linear-gradient(color(srgb 0.20397 0.148263 0.0829736 / 0.1), color(srgb 0.20397 0.148263 0.0829736 / 0.1)), linear-gradient(color(srgb 0.994 0.96 0.926 / 0.15)"
          }
        ]
      },
      {
        "route": "spring",
        "scheme": "light",
        "width": 390,
        "chrome": {
          "shadowEls": 9,
          "shadowLayers": 24,
          "maxLayers": 6,
          "nonFloatingShadowEls": 3,
          "insetHighlights": 4,
          "textShadow": 0,
          "dropShadow": 0,
          "filterBlur": 0,
          "backdropBlur": 11,
          "controlGradients": 0,
          "loopingAnimations": 0
        },
        "subject": {
          "shadowEls": 0,
          "shadowLayers": 0,
          "maxLayers": 0,
          "nonFloatingShadowEls": 0,
          "insetHighlights": 0,
          "textShadow": 0,
          "dropShadow": 0,
          "filterBlur": 0,
          "backdropBlur": 0,
          "controlGradients": 1,
          "loopingAnimations": 0,
          "gradientFills": 0
        },
        "identityGradients": 1,
        "offenders": [
          {
            "bucket": "chrome",
            "kind": "box-shadow×1",
            "el": "div.glass-dock.horizontal.shape-pill",
            "detail": "color(srgb 0.11 0.098 0.09 / 0.12) 0px 0px 12px 0px"
          },
          {
            "bucket": "chrome",
            "kind": "box-shadow×5",
            "el": "div.glass-resting.card.spring-target",
            "detail": "rgba(255, 255, 255, 0.1) 0px 1px 0px 0px inset | color(srgb 0.11 0.098 0.09 / 0.06) 0px -1px 0px 0px inset | color(srgb 0.11 0.098 0.09 / 0.04) 1px 0px 0px 0px "
          },
          {
            "bucket": "subject",
            "kind": "control-gradient",
            "el": "div.spring-track.stage-field-x",
            "detail": "repeating-linear-gradient(to right, rgba(0, 0, 0, 0) 0px, rgba(0, 0, 0, 0) calc(25% - 1px), rgb(198, 180, 159) calc(25% - 1px), rgb(198, 180, 159) 25%)"
          },
          {
            "bucket": "chrome",
            "kind": "box-shadow×1",
            "el": "div.glass-dock.horizontal.shape-pill",
            "detail": "color(srgb 0.11 0.098 0.09 / 0.12) 0px 0px 12px 0px"
          },
          {
            "bucket": "chrome",
            "kind": "box-shadow×6 (floating)",
            "el": "div.border-t.glass-floating.controls-drawer-content",
            "detail": "rgba(255, 255, 255, 0.1) 0px 1px 0px 0px inset | color(srgb 0.11 0.098 0.09 / 0.06) 0px -1px 0px 0px inset | color(srgb 0.11 0.098 0.09 / 0.04) 1px 0px 0px 0px "
          },
          {
            "bucket": "chrome",
            "kind": "box-shadow×4 (floating)",
            "el": "span.slider-range.glass-liquid-fill",
            "detail": "rgba(255, 255, 255, 0.1) 0px 1px 0px 0px inset | color(srgb 0.11 0.098 0.09 / 0.06) 0px -1px 0px 0px inset | color(srgb 0.11 0.098 0.09 / 0.04) 1px 0px 0px 0px "
          },
          {
            "bucket": "chrome",
            "kind": "box-shadow×4 (floating)",
            "el": "span.slider-range.glass-liquid-fill",
            "detail": "rgba(255, 255, 255, 0.1) 0px 1px 0px 0px inset | color(srgb 0.11 0.098 0.09 / 0.06) 0px -1px 0px 0px inset | color(srgb 0.11 0.098 0.09 / 0.04) 1px 0px 0px 0px "
          }
        ]
      },
      {
        "route": "sequence",
        "scheme": "light",
        "width": 390,
        "chrome": {
          "shadowEls": 4,
          "shadowLayers": 13,
          "maxLayers": 6,
          "nonFloatingShadowEls": 3,
          "insetHighlights": 2,
          "textShadow": 0,
          "dropShadow": 0,
          "filterBlur": 0,
          "backdropBlur": 5,
          "controlGradients": 0,
          "loopingAnimations": 0
        },
        "subject": {
          "shadowEls": 0,
          "shadowLayers": 0,
          "maxLayers": 0,
          "nonFloatingShadowEls": 0,
          "insetHighlights": 0,
          "textShadow": 0,
          "dropShadow": 0,
          "filterBlur": 0,
          "backdropBlur": 0,
          "controlGradients": 0,
          "loopingAnimations": 0,
          "gradientFills": 0
        },
        "identityGradients": 1,
        "offenders": [
          {
            "bucket": "chrome",
            "kind": "box-shadow×1",
            "el": "div.glass-dock.horizontal.shape-pill",
            "detail": "color(srgb 0.11 0.098 0.09 / 0.12) 0px 0px 12px 0px"
          },
          {
            "bucket": "chrome",
            "kind": "box-shadow×5",
            "el": "div.glass-resting.card.seq-target",
            "detail": "rgba(255, 255, 255, 0.1) 0px 1px 0px 0px inset | color(srgb 0.11 0.098 0.09 / 0.06) 0px -1px 0px 0px inset | color(srgb 0.11 0.098 0.09 / 0.04) 1px 0px 0px 0px "
          },
          {
            "bucket": "chrome",
            "kind": "box-shadow×1",
            "el": "div.glass-dock.horizontal.shape-pill",
            "detail": "color(srgb 0.11 0.098 0.09 / 0.12) 0px 0px 12px 0px"
          },
          {
            "bucket": "chrome",
            "kind": "box-shadow×6 (floating)",
            "el": "div.border-t.glass-floating.controls-drawer-content",
            "detail": "rgba(255, 255, 255, 0.1) 0px 1px 0px 0px inset | color(srgb 0.11 0.098 0.09 / 0.06) 0px -1px 0px 0px inset | color(srgb 0.11 0.098 0.09 / 0.04) 1px 0px 0px 0px "
          }
        ]
      },
      {
        "route": "home",
        "scheme": "dark",
        "width": 390,
        "chrome": {
          "shadowEls": 2,
          "shadowLayers": 2,
          "maxLayers": 1,
          "nonFloatingShadowEls": 2,
          "insetHighlights": 0,
          "textShadow": 0,
          "dropShadow": 0,
          "filterBlur": 0,
          "backdropBlur": 2,
          "controlGradients": 0,
          "loopingAnimations": 26
        },
        "subject": {
          "shadowEls": 0,
          "shadowLayers": 0,
          "maxLayers": 0,
          "nonFloatingShadowEls": 0,
          "insetHighlights": 0,
          "textShadow": 0,
          "dropShadow": 0,
          "filterBlur": 0,
          "backdropBlur": 0,
          "controlGradients": 0,
          "loopingAnimations": 0,
          "gradientFills": 0
        },
        "identityGradients": 1,
        "offenders": [
          {
            "bucket": "chrome",
            "kind": "box-shadow×1",
            "el": "div.glass-dock.horizontal.shape-pill",
            "detail": "color(srgb 0.914 0.9 0.886 / 0.12) 0px 0px 12px 0px"
          },
          {
            "bucket": "chrome",
            "kind": "box-shadow×1",
            "el": "div.glass-dock.horizontal.shape-pill",
            "detail": "color(srgb 0.914 0.9 0.886 / 0.12) 0px 0px 12px 0px"
          },
          {
            "bucket": "chrome",
            "kind": "looping-animation",
            "el": "span.wave-char",
            "detail": "charLift-654d03de"
          },
          {
            "bucket": "chrome",
            "kind": "looping-animation",
            "el": "span.wave-char",
            "detail": "charLift-654d03de"
          },
          {
            "bucket": "chrome",
            "kind": "looping-animation",
            "el": "span.wave-char",
            "detail": "charLift-654d03de"
          },
          {
            "bucket": "chrome",
            "kind": "looping-animation",
            "el": "span.wave-char",
            "detail": "charLift-654d03de"
          },
          {
            "bucket": "chrome",
            "kind": "looping-animation",
            "el": "span.wave-char",
            "detail": "charLift-654d03de"
          },
          {
            "bucket": "chrome",
            "kind": "looping-animation",
            "el": "span.wave-char",
            "detail": "charLift-654d03de"
          },
          {
            "bucket": "chrome",
            "kind": "looping-animation",
            "el": "span.wave-char",
            "detail": "charLift-654d03de"
          },
          {
            "bucket": "chrome",
            "kind": "looping-animation",
            "el": "span.wave-char",
            "detail": "charLift-654d03de"
          },
          {
            "bucket": "chrome",
            "kind": "looping-animation",
            "el": "span.wave-char",
            "detail": "charLift-654d03de"
          },
          {
            "bucket": "chrome",
            "kind": "looping-animation",
            "el": "span.wave-char",
            "detail": "charLift-654d03de"
          },
          {
            "bucket": "chrome",
            "kind": "looping-animation",
            "el": "span.wave-char",
            "detail": "charLift-654d03de"
          },
          {
            "bucket": "chrome",
            "kind": "looping-animation",
            "el": "span.wave-char",
            "detail": "charLift-654d03de"
          },
          {
            "bucket": "chrome",
            "kind": "looping-animation",
            "el": "span.wave-char",
            "detail": "charLift-654d03de"
          },
          {
            "bucket": "chrome",
            "kind": "looping-animation",
            "el": "span.wave-char",
            "detail": "charLift-654d03de"
          },
          {
            "bucket": "chrome",
            "kind": "looping-animation",
            "el": "span.wave-char",
            "detail": "charLift-654d03de"
          },
          {
            "bucket": "chrome",
            "kind": "looping-animation",
            "el": "span.wave-char",
            "detail": "charLift-654d03de"
          },
          {
            "bucket": "chrome",
            "kind": "looping-animation",
            "el": "span.wave-char",
            "detail": "charLift-654d03de"
          },
          {
            "bucket": "chrome",
            "kind": "looping-animation",
            "el": "span.dot",
            "detail": ""
          },
          {
            "bucket": "chrome",
            "kind": "looping-animation",
            "el": "span.dot",
            "detail": ""
          },
          {
            "bucket": "chrome",
            "kind": "looping-animation",
            "el": "span.dot",
            "detail": ""
          },
          {
            "bucket": "chrome",
            "kind": "looping-animation",
            "el": "span.dot",
            "detail": ""
          },
          {
            "bucket": "chrome",
            "kind": "looping-animation",
            "el": "span.dot",
            "detail": ""
          },
          {
            "bucket": "chrome",
            "kind": "looping-animation",
            "el": "span.dot",
            "detail": ""
          },
          {
            "bucket": "chrome",
            "kind": "looping-animation",
            "el": "span.typing-dot",
            "detail": ""
          },
          {
            "bucket": "chrome",
            "kind": "looping-animation",
            "el": "span.typing-dot",
            "detail": ""
          },
          {
            "bucket": "chrome",
            "kind": "looping-animation",
            "el": "span.typing-dot",
            "detail": ""
          }
        ]
      },
      {
        "route": "cube",
        "scheme": "dark",
        "width": 390,
        "chrome": {
          "shadowEls": 17,
          "shadowLayers": 55,
          "maxLayers": 6,
          "nonFloatingShadowEls": 2,
          "insetHighlights": 39,
          "textShadow": 0,
          "dropShadow": 0,
          "filterBlur": 0,
          "backdropBlur": 15,
          "controlGradients": 4,
          "loopingAnimations": 0
        },
        "subject": {
          "shadowEls": 0,
          "shadowLayers": 0,
          "maxLayers": 0,
          "nonFloatingShadowEls": 0,
          "insetHighlights": 0,
          "textShadow": 0,
          "dropShadow": 0,
          "filterBlur": 0,
          "backdropBlur": 0,
          "controlGradients": 0,
          "loopingAnimations": 0,
          "gradientFills": 0
        },
        "identityGradients": 1,
        "offenders": [
          {
            "bucket": "chrome",
            "kind": "box-shadow×1",
            "el": "div.glass-dock.horizontal.shape-pill",
            "detail": "color(srgb 0.914 0.9 0.886 / 0.12) 0px 0px 12px 0px"
          },
          {
            "bucket": "chrome",
            "kind": "box-shadow×1",
            "el": "div.glass-dock.horizontal.shape-pill",
            "detail": "color(srgb 0.914 0.9 0.886 / 0.12) 0px 0px 12px 0px"
          },
          {
            "bucket": "chrome",
            "kind": "box-shadow×6 (floating)",
            "el": "div.border-t.glass-floating.controls-drawer-content",
            "detail": "rgba(255, 255, 255, 0.08) 0px 1px 0px 0px inset | color(srgb 0.914 0.9 0.886 / 0.06) 0px -1px 0px 0px inset | color(srgb 0.914 0.9 0.886 / 0.04) 1px 0px 0px 0px"
          },
          {
            "bucket": "chrome",
            "kind": "box-shadow×4 (floating)",
            "el": "input#v-51-control.field-control.glass-control-edge",
            "detail": "rgba(255, 255, 255, 0.08) 0px 1px 0px 0px inset | color(srgb 0.914 0.9 0.886 / 0.06) 0px -1px 0px 0px inset | color(srgb 0.914 0.9 0.886 / 0.04) 1px 0px 0px 0px"
          },
          {
            "bucket": "chrome",
            "kind": "box-shadow×4 (floating)",
            "el": "input#v-52-control.field-control.glass-control-edge",
            "detail": "rgba(255, 255, 255, 0.08) 0px 1px 0px 0px inset | color(srgb 0.914 0.9 0.886 / 0.06) 0px -1px 0px 0px inset | color(srgb 0.914 0.9 0.886 / 0.04) 1px 0px 0px 0px"
          },
          {
            "bucket": "chrome",
            "kind": "box-shadow×4 (floating)",
            "el": "input#v-53-control.field-control.glass-control-edge",
            "detail": "rgba(255, 255, 255, 0.08) 0px 1px 0px 0px inset | color(srgb 0.914 0.9 0.886 / 0.06) 0px -1px 0px 0px inset | color(srgb 0.914 0.9 0.886 / 0.04) 1px 0px 0px 0px"
          },
          {
            "bucket": "chrome",
            "kind": "box-shadow×3 (floating)",
            "el": "button#v-54-control.control-surface.glass-control-edge.glass-capsule-hover",
            "detail": "rgba(255, 255, 255, 0.08) 0px 1px 0px 0px inset | color(srgb 0.914 0.9 0.886 / 0.06) 0px -1px 0px 0px inset | color(srgb 0.914 0.9 0.886 / 0.04) 1px 0px 0px 0px"
          },
          {
            "bucket": "chrome",
            "kind": "control-gradient",
            "el": "button#v-54-control.control-surface.glass-control-edge.glass-capsule-hover",
            "detail": "linear-gradient(color(srgb 0.0927547 0.0503523 0.00879371 / 0.14), color(srgb 0.0927547 0.0503523 0.00879371 / 0.14)), linear-gradient(color(srgb 0.2074 0.16501"
          },
          {
            "bucket": "chrome",
            "kind": "box-shadow×3 (floating)",
            "el": "button#v-56-control.control-surface.glass-control-edge.glass-capsule-hover",
            "detail": "rgba(255, 255, 255, 0.08) 0px 1px 0px 0px inset | color(srgb 0.914 0.9 0.886 / 0.06) 0px -1px 0px 0px inset | color(srgb 0.914 0.9 0.886 / 0.04) 1px 0px 0px 0px"
          },
          {
            "bucket": "chrome",
            "kind": "control-gradient",
            "el": "button#v-56-control.control-surface.glass-control-edge.glass-capsule-hover",
            "detail": "linear-gradient(color(srgb 0.0927547 0.0503523 0.00879371 / 0.14), color(srgb 0.0927547 0.0503523 0.00879371 / 0.14)), linear-gradient(color(srgb 0.2074 0.16501"
          },
          {
            "bucket": "chrome",
            "kind": "box-shadow×3 (floating)",
            "el": "button#reka-popover-trigger-v-61.control-surface.glass-control-edge.glass-capsule-hover",
            "detail": "rgba(255, 255, 255, 0.08) 0px 1px 0px 0px inset | color(srgb 0.914 0.9 0.886 / 0.06) 0px -1px 0px 0px inset | color(srgb 0.914 0.9 0.886 / 0.04) 1px 0px 0px 0px"
          },
          {
            "bucket": "chrome",
            "kind": "control-gradient",
            "el": "button#reka-popover-trigger-v-61.control-surface.glass-control-edge.glass-capsule-hover",
            "detail": "linear-gradient(color(srgb 0.0927547 0.0503523 0.00879371 / 0.14), color(srgb 0.0927547 0.0503523 0.00879371 / 0.14)), linear-gradient(color(srgb 0.2074 0.16501"
          },
          {
            "bucket": "chrome",
            "kind": "box-shadow×3 (floating)",
            "el": "button#v-63-control.control-surface.glass-control-edge.glass-capsule-hover",
            "detail": "rgba(255, 255, 255, 0.08) 0px 1px 0px 0px inset | color(srgb 0.914 0.9 0.886 / 0.06) 0px -1px 0px 0px inset | color(srgb 0.914 0.9 0.886 / 0.04) 1px 0px 0px 0px"
          },
          {
            "bucket": "chrome",
            "kind": "control-gradient",
            "el": "button#v-63-control.control-surface.glass-control-edge.glass-capsule-hover",
            "detail": "linear-gradient(color(srgb 0.0927547 0.0503523 0.00879371 / 0.14), color(srgb 0.0927547 0.0503523 0.00879371 / 0.14)), linear-gradient(color(srgb 0.2074 0.16501"
          },
          {
            "bucket": "chrome",
            "kind": "box-shadow×5 (floating)",
            "el": "button.button.tap-squish.focus-ring",
            "detail": "rgba(255, 255, 255, 0.08) 0px 1px 0px 0px inset | color(srgb 0.914 0.9 0.886 / 0.06) 0px -1px 0px 0px inset | color(srgb 0.914 0.9 0.886 / 0.04) 1px 0px 0px 0px"
          },
          {
            "bucket": "chrome",
            "kind": "box-shadow×4 (floating)",
            "el": "input#v-65-control.number-field__input.field-control.glass-control-edge",
            "detail": "rgba(255, 255, 255, 0.08) 0px 1px 0px 0px inset | color(srgb 0.914 0.9 0.886 / 0.06) 0px -1px 0px 0px inset | color(srgb 0.914 0.9 0.886 / 0.04) 1px 0px 0px 0px"
          },
          {
            "bucket": "chrome",
            "kind": "box-shadow×5 (floating)",
            "el": "button.button.tap-squish.focus-ring",
            "detail": "rgba(255, 255, 255, 0.08) 0px 1px 0px 0px inset | color(srgb 0.914 0.9 0.886 / 0.06) 0px -1px 0px 0px inset | color(srgb 0.914 0.9 0.886 / 0.04) 1px 0px 0px 0px"
          },
          {
            "bucket": "chrome",
            "kind": "box-shadow×3 (floating)",
            "el": "span.control-bit__face",
            "detail": "rgba(255, 255, 255, 0.08) 0px 1px 0px 0px inset | color(srgb 0.914 0.9 0.886 / 0.06) 0px -1px 0px 0px inset | color(srgb 0.914 0.9 0.886 / 0.04) 1px 0px 0px 0px"
          },
          {
            "bucket": "chrome",
            "kind": "box-shadow×4 (floating)",
            "el": "span.slider-range.glass-liquid-fill",
            "detail": "rgba(255, 255, 255, 0.08) 0px 1px 0px 0px inset | color(srgb 0.914 0.9 0.886 / 0.06) 0px -1px 0px 0px inset | color(srgb 0.914 0.9 0.886 / 0.04) 1px 0px 0px 0px"
          }
        ]
      },
      {
        "route": "amiga",
        "scheme": "dark",
        "width": 390,
        "chrome": {
          "shadowEls": 18,
          "shadowLayers": 56,
          "maxLayers": 6,
          "nonFloatingShadowEls": 2,
          "insetHighlights": 39,
          "textShadow": 0,
          "dropShadow": 0,
          "filterBlur": 0,
          "backdropBlur": 15,
          "controlGradients": 4,
          "loopingAnimations": 0
        },
        "subject": {
          "shadowEls": 0,
          "shadowLayers": 0,
          "maxLayers": 0,
          "nonFloatingShadowEls": 0,
          "insetHighlights": 0,
          "textShadow": 0,
          "dropShadow": 0,
          "filterBlur": 0,
          "backdropBlur": 0,
          "controlGradients": 0,
          "loopingAnimations": 0,
          "gradientFills": 0
        },
        "identityGradients": 1,
        "offenders": [
          {
            "bucket": "chrome",
            "kind": "box-shadow×1",
            "el": "div.glass-dock.horizontal.shape-pill",
            "detail": "color(srgb 0.914 0.9 0.886 / 0.12) 0px 0px 12px 0px"
          },
          {
            "bucket": "chrome",
            "kind": "box-shadow×1",
            "el": "div.glass-dock.horizontal.shape-pill",
            "detail": "color(srgb 0.914 0.9 0.886 / 0.12) 0px 0px 12px 0px"
          },
          {
            "bucket": "chrome",
            "kind": "box-shadow×6 (floating)",
            "el": "div.border-t.glass-floating.controls-drawer-content",
            "detail": "rgba(255, 255, 255, 0.08) 0px 1px 0px 0px inset | color(srgb 0.914 0.9 0.886 / 0.06) 0px -1px 0px 0px inset | color(srgb 0.914 0.9 0.886 / 0.04) 1px 0px 0px 0px"
          },
          {
            "bucket": "chrome",
            "kind": "box-shadow×4 (floating)",
            "el": "input#v-122-control.field-control.glass-control-edge",
            "detail": "rgba(255, 255, 255, 0.08) 0px 1px 0px 0px inset | color(srgb 0.914 0.9 0.886 / 0.06) 0px -1px 0px 0px inset | color(srgb 0.914 0.9 0.886 / 0.04) 1px 0px 0px 0px"
          },
          {
            "bucket": "chrome",
            "kind": "box-shadow×4 (floating)",
            "el": "input#v-123-control.field-control.glass-control-edge",
            "detail": "rgba(255, 255, 255, 0.08) 0px 1px 0px 0px inset | color(srgb 0.914 0.9 0.886 / 0.06) 0px -1px 0px 0px inset | color(srgb 0.914 0.9 0.886 / 0.04) 1px 0px 0px 0px"
          },
          {
            "bucket": "chrome",
            "kind": "box-shadow×4 (floating)",
            "el": "input#v-124-control.field-control.glass-control-edge",
            "detail": "rgba(255, 255, 255, 0.08) 0px 1px 0px 0px inset | color(srgb 0.914 0.9 0.886 / 0.06) 0px -1px 0px 0px inset | color(srgb 0.914 0.9 0.886 / 0.04) 1px 0px 0px 0px"
          },
          {
            "bucket": "chrome",
            "kind": "box-shadow×3 (floating)",
            "el": "button#v-125-control.control-surface.glass-control-edge.glass-capsule-hover",
            "detail": "rgba(255, 255, 255, 0.08) 0px 1px 0px 0px inset | color(srgb 0.914 0.9 0.886 / 0.06) 0px -1px 0px 0px inset | color(srgb 0.914 0.9 0.886 / 0.04) 1px 0px 0px 0px"
          },
          {
            "bucket": "chrome",
            "kind": "control-gradient",
            "el": "button#v-125-control.control-surface.glass-control-edge.glass-capsule-hover",
            "detail": "linear-gradient(color(srgb 0.0927547 0.0503523 0.00879371 / 0.14), color(srgb 0.0927547 0.0503523 0.00879371 / 0.14)), linear-gradient(color(srgb 0.2074 0.16501"
          },
          {
            "bucket": "chrome",
            "kind": "box-shadow×3 (floating)",
            "el": "button#v-127-control.control-surface.glass-control-edge.glass-capsule-hover",
            "detail": "rgba(255, 255, 255, 0.08) 0px 1px 0px 0px inset | color(srgb 0.914 0.9 0.886 / 0.06) 0px -1px 0px 0px inset | color(srgb 0.914 0.9 0.886 / 0.04) 1px 0px 0px 0px"
          },
          {
            "bucket": "chrome",
            "kind": "control-gradient",
            "el": "button#v-127-control.control-surface.glass-control-edge.glass-capsule-hover",
            "detail": "linear-gradient(color(srgb 0.0927547 0.0503523 0.00879371 / 0.14), color(srgb 0.0927547 0.0503523 0.00879371 / 0.14)), linear-gradient(color(srgb 0.2074 0.16501"
          },
          {
            "bucket": "chrome",
            "kind": "box-shadow×3 (floating)",
            "el": "button#reka-popover-trigger-v-132.control-surface.glass-control-edge.glass-capsule-hover",
            "detail": "rgba(255, 255, 255, 0.08) 0px 1px 0px 0px inset | color(srgb 0.914 0.9 0.886 / 0.06) 0px -1px 0px 0px inset | color(srgb 0.914 0.9 0.886 / 0.04) 1px 0px 0px 0px"
          },
          {
            "bucket": "chrome",
            "kind": "control-gradient",
            "el": "button#reka-popover-trigger-v-132.control-surface.glass-control-edge.glass-capsule-hover",
            "detail": "linear-gradient(color(srgb 0.0927547 0.0503523 0.00879371 / 0.14), color(srgb 0.0927547 0.0503523 0.00879371 / 0.14)), linear-gradient(color(srgb 0.2074 0.16501"
          },
          {
            "bucket": "chrome",
            "kind": "box-shadow×3 (floating)",
            "el": "button#v-134-control.control-surface.glass-control-edge.glass-capsule-hover",
            "detail": "rgba(255, 255, 255, 0.08) 0px 1px 0px 0px inset | color(srgb 0.914 0.9 0.886 / 0.06) 0px -1px 0px 0px inset | color(srgb 0.914 0.9 0.886 / 0.04) 1px 0px 0px 0px"
          },
          {
            "bucket": "chrome",
            "kind": "control-gradient",
            "el": "button#v-134-control.control-surface.glass-control-edge.glass-capsule-hover",
            "detail": "linear-gradient(color(srgb 0.0927547 0.0503523 0.00879371 / 0.14), color(srgb 0.0927547 0.0503523 0.00879371 / 0.14)), linear-gradient(color(srgb 0.2074 0.16501"
          },
          {
            "bucket": "chrome",
            "kind": "box-shadow×5 (floating)",
            "el": "button.button.tap-squish.focus-ring",
            "detail": "rgba(255, 255, 255, 0.08) 0px 1px 0px 0px inset | color(srgb 0.914 0.9 0.886 / 0.06) 0px -1px 0px 0px inset | color(srgb 0.914 0.9 0.886 / 0.04) 1px 0px 0px 0px"
          },
          {
            "bucket": "chrome",
            "kind": "box-shadow×4 (floating)",
            "el": "input#v-136-control.number-field__input.field-control.glass-control-edge",
            "detail": "rgba(255, 255, 255, 0.08) 0px 1px 0px 0px inset | color(srgb 0.914 0.9 0.886 / 0.06) 0px -1px 0px 0px inset | color(srgb 0.914 0.9 0.886 / 0.04) 1px 0px 0px 0px"
          },
          {
            "bucket": "chrome",
            "kind": "box-shadow×5 (floating)",
            "el": "button.button.tap-squish.focus-ring",
            "detail": "rgba(255, 255, 255, 0.08) 0px 1px 0px 0px inset | color(srgb 0.914 0.9 0.886 / 0.06) 0px -1px 0px 0px inset | color(srgb 0.914 0.9 0.886 / 0.04) 1px 0px 0px 0px"
          },
          {
            "bucket": "chrome",
            "kind": "box-shadow×4 (floating)",
            "el": "span.slider-range.glass-liquid-fill",
            "detail": "rgba(255, 255, 255, 0.08) 0px 1px 0px 0px inset | color(srgb 0.914 0.9 0.886 / 0.06) 0px -1px 0px 0px inset | color(srgb 0.914 0.9 0.886 / 0.04) 1px 0px 0px 0px"
          },
          {
            "bucket": "chrome",
            "kind": "box-shadow×3 (floating)",
            "el": "span.control-bit__face",
            "detail": "rgba(255, 255, 255, 0.08) 0px 1px 0px 0px inset | color(srgb 0.914 0.9 0.886 / 0.06) 0px -1px 0px 0px inset | color(srgb 0.914 0.9 0.886 / 0.04) 1px 0px 0px 0px"
          }
        ]
      },
      {
        "route": "square",
        "scheme": "dark",
        "width": 390,
        "chrome": {
          "shadowEls": 17,
          "shadowLayers": 56,
          "maxLayers": 6,
          "nonFloatingShadowEls": 3,
          "insetHighlights": 39,
          "textShadow": 0,
          "dropShadow": 0,
          "filterBlur": 0,
          "backdropBlur": 15,
          "controlGradients": 4,
          "loopingAnimations": 0
        },
        "subject": {
          "shadowEls": 0,
          "shadowLayers": 0,
          "maxLayers": 0,
          "nonFloatingShadowEls": 0,
          "insetHighlights": 0,
          "textShadow": 0,
          "dropShadow": 0,
          "filterBlur": 0,
          "backdropBlur": 0,
          "controlGradients": 0,
          "loopingAnimations": 0,
          "gradientFills": 0
        },
        "identityGradients": 1,
        "offenders": [
          {
            "bucket": "chrome",
            "kind": "box-shadow×1",
            "el": "div.glass-dock.horizontal.shape-pill",
            "detail": "color(srgb 0.914 0.9 0.886 / 0.12) 0px 0px 12px 0px"
          },
          {
            "bucket": "chrome",
            "kind": "box-shadow×5",
            "el": "div.glass-resting.card.square-stage",
            "detail": "rgba(255, 255, 255, 0.08) 0px 1px 0px 0px inset | color(srgb 0.914 0.9 0.886 / 0.06) 0px -1px 0px 0px inset | color(srgb 0.914 0.9 0.886 / 0.04) 1px 0px 0px 0px"
          },
          {
            "bucket": "chrome",
            "kind": "box-shadow×1",
            "el": "div.glass-dock.horizontal.shape-pill",
            "detail": "color(srgb 0.914 0.9 0.886 / 0.12) 0px 0px 12px 0px"
          },
          {
            "bucket": "chrome",
            "kind": "box-shadow×6 (floating)",
            "el": "div.border-t.glass-floating.controls-drawer-content",
            "detail": "rgba(255, 255, 255, 0.08) 0px 1px 0px 0px inset | color(srgb 0.914 0.9 0.886 / 0.06) 0px -1px 0px 0px inset | color(srgb 0.914 0.9 0.886 / 0.04) 1px 0px 0px 0px"
          },
          {
            "bucket": "chrome",
            "kind": "box-shadow×4 (floating)",
            "el": "input#v-190-control.field-control.glass-control-edge",
            "detail": "rgba(255, 255, 255, 0.08) 0px 1px 0px 0px inset | color(srgb 0.914 0.9 0.886 / 0.06) 0px -1px 0px 0px inset | color(srgb 0.914 0.9 0.886 / 0.04) 1px 0px 0px 0px"
          },
          {
            "bucket": "chrome",
            "kind": "box-shadow×4 (floating)",
            "el": "input#v-191-control.field-control.glass-control-edge",
            "detail": "rgba(255, 255, 255, 0.08) 0px 1px 0px 0px inset | color(srgb 0.914 0.9 0.886 / 0.06) 0px -1px 0px 0px inset | color(srgb 0.914 0.9 0.886 / 0.04) 1px 0px 0px 0px"
          },
          {
            "bucket": "chrome",
            "kind": "box-shadow×4 (floating)",
            "el": "input#v-192-control.field-control.glass-control-edge",
            "detail": "rgba(255, 255, 255, 0.08) 0px 1px 0px 0px inset | color(srgb 0.914 0.9 0.886 / 0.06) 0px -1px 0px 0px inset | color(srgb 0.914 0.9 0.886 / 0.04) 1px 0px 0px 0px"
          },
          {
            "bucket": "chrome",
            "kind": "box-shadow×3 (floating)",
            "el": "button#v-193-control.control-surface.glass-control-edge.glass-capsule-hover",
            "detail": "rgba(255, 255, 255, 0.08) 0px 1px 0px 0px inset | color(srgb 0.914 0.9 0.886 / 0.06) 0px -1px 0px 0px inset | color(srgb 0.914 0.9 0.886 / 0.04) 1px 0px 0px 0px"
          },
          {
            "bucket": "chrome",
            "kind": "control-gradient",
            "el": "button#v-193-control.control-surface.glass-control-edge.glass-capsule-hover",
            "detail": "linear-gradient(color(srgb 0.0927547 0.0503523 0.00879371 / 0.14), color(srgb 0.0927547 0.0503523 0.00879371 / 0.14)), linear-gradient(color(srgb 0.2074 0.16501"
          },
          {
            "bucket": "chrome",
            "kind": "box-shadow×3 (floating)",
            "el": "button#v-195-control.control-surface.glass-control-edge.glass-capsule-hover",
            "detail": "rgba(255, 255, 255, 0.08) 0px 1px 0px 0px inset | color(srgb 0.914 0.9 0.886 / 0.06) 0px -1px 0px 0px inset | color(srgb 0.914 0.9 0.886 / 0.04) 1px 0px 0px 0px"
          },
          {
            "bucket": "chrome",
            "kind": "control-gradient",
            "el": "button#v-195-control.control-surface.glass-control-edge.glass-capsule-hover",
            "detail": "linear-gradient(color(srgb 0.0927547 0.0503523 0.00879371 / 0.14), color(srgb 0.0927547 0.0503523 0.00879371 / 0.14)), linear-gradient(color(srgb 0.2074 0.16501"
          },
          {
            "bucket": "chrome",
            "kind": "box-shadow×3 (floating)",
            "el": "button#reka-popover-trigger-v-200.control-surface.glass-control-edge.glass-capsule-hover",
            "detail": "rgba(255, 255, 255, 0.08) 0px 1px 0px 0px inset | color(srgb 0.914 0.9 0.886 / 0.06) 0px -1px 0px 0px inset | color(srgb 0.914 0.9 0.886 / 0.04) 1px 0px 0px 0px"
          },
          {
            "bucket": "chrome",
            "kind": "control-gradient",
            "el": "button#reka-popover-trigger-v-200.control-surface.glass-control-edge.glass-capsule-hover",
            "detail": "linear-gradient(color(srgb 0.0927547 0.0503523 0.00879371 / 0.14), color(srgb 0.0927547 0.0503523 0.00879371 / 0.14)), linear-gradient(color(srgb 0.2074 0.16501"
          },
          {
            "bucket": "chrome",
            "kind": "box-shadow×3 (floating)",
            "el": "button#v-202-control.control-surface.glass-control-edge.glass-capsule-hover",
            "detail": "rgba(255, 255, 255, 0.08) 0px 1px 0px 0px inset | color(srgb 0.914 0.9 0.886 / 0.06) 0px -1px 0px 0px inset | color(srgb 0.914 0.9 0.886 / 0.04) 1px 0px 0px 0px"
          },
          {
            "bucket": "chrome",
            "kind": "control-gradient",
            "el": "button#v-202-control.control-surface.glass-control-edge.glass-capsule-hover",
            "detail": "linear-gradient(color(srgb 0.0927547 0.0503523 0.00879371 / 0.14), color(srgb 0.0927547 0.0503523 0.00879371 / 0.14)), linear-gradient(color(srgb 0.2074 0.16501"
          },
          {
            "bucket": "chrome",
            "kind": "box-shadow×5 (floating)",
            "el": "button.button.tap-squish.focus-ring",
            "detail": "rgba(255, 255, 255, 0.08) 0px 1px 0px 0px inset | color(srgb 0.914 0.9 0.886 / 0.06) 0px -1px 0px 0px inset | color(srgb 0.914 0.9 0.886 / 0.04) 1px 0px 0px 0px"
          },
          {
            "bucket": "chrome",
            "kind": "box-shadow×4 (floating)",
            "el": "input#v-204-control.number-field__input.field-control.glass-control-edge",
            "detail": "rgba(255, 255, 255, 0.08) 0px 1px 0px 0px inset | color(srgb 0.914 0.9 0.886 / 0.06) 0px -1px 0px 0px inset | color(srgb 0.914 0.9 0.886 / 0.04) 1px 0px 0px 0px"
          },
          {
            "bucket": "chrome",
            "kind": "box-shadow×5 (floating)",
            "el": "button.button.tap-squish.focus-ring",
            "detail": "rgba(255, 255, 255, 0.08) 0px 1px 0px 0px inset | color(srgb 0.914 0.9 0.886 / 0.06) 0px -1px 0px 0px inset | color(srgb 0.914 0.9 0.886 / 0.04) 1px 0px 0px 0px"
          },
          {
            "bucket": "chrome",
            "kind": "box-shadow×3 (floating)",
            "el": "span.control-bit__face",
            "detail": "rgba(255, 255, 255, 0.08) 0px 1px 0px 0px inset | color(srgb 0.914 0.9 0.886 / 0.06) 0px -1px 0px 0px inset | color(srgb 0.914 0.9 0.886 / 0.04) 1px 0px 0px 0px"
          }
        ]
      },
      {
        "route": "easing",
        "scheme": "dark",
        "width": 390,
        "chrome": {
          "shadowEls": 40,
          "shadowLayers": 122,
          "maxLayers": 6,
          "nonFloatingShadowEls": 33,
          "insetHighlights": 112,
          "textShadow": 0,
          "dropShadow": 0,
          "filterBlur": 0,
          "backdropBlur": 11,
          "controlGradients": 29,
          "loopingAnimations": 0
        },
        "subject": {
          "shadowEls": 0,
          "shadowLayers": 0,
          "maxLayers": 0,
          "nonFloatingShadowEls": 0,
          "insetHighlights": 0,
          "textShadow": 0,
          "dropShadow": 0,
          "filterBlur": 0,
          "backdropBlur": 0,
          "controlGradients": 0,
          "loopingAnimations": 0,
          "gradientFills": 0
        },
        "identityGradients": 1,
        "offenders": [
          {
            "bucket": "chrome",
            "kind": "box-shadow×1",
            "el": "div.glass-dock.horizontal.shape-pill",
            "detail": "color(srgb 0.914 0.9 0.886 / 0.12) 0px 0px 12px 0px"
          },
          {
            "bucket": "chrome",
            "kind": "box-shadow×5",
            "el": "div.glass-resting.card.easing-target",
            "detail": "rgba(255, 255, 255, 0.08) 0px 1px 0px 0px inset | color(srgb 0.914 0.9 0.886 / 0.06) 0px -1px 0px 0px inset | color(srgb 0.914 0.9 0.886 / 0.04) 1px 0px 0px 0px"
          },
          {
            "bucket": "chrome",
            "kind": "box-shadow×4",
            "el": "div.segmented-tabs.segmented-tabs--pill.glass-capsule-track",
            "detail": "rgba(255, 255, 255, 0.08) 0px 1px 0px 0px inset | color(srgb 0.914 0.9 0.886 / 0.06) 0px -1px 0px 0px inset | color(srgb 0.914 0.9 0.886 / 0.04) 1px 0px 0px 0px"
          },
          {
            "bucket": "chrome",
            "kind": "box-shadow×4",
            "el": "div.segmented-indicator.segmented-indicator--js.glass-capsule",
            "detail": "rgba(255, 255, 255, 0.08) 0px 1px 0px 0px inset | color(srgb 0.914 0.9 0.886 / 0.06) 0px -1px 0px 0px inset | color(srgb 0.914 0.9 0.886 / 0.04) 1px 0px 0px 0px"
          },
          {
            "bucket": "chrome",
            "kind": "box-shadow×3",
            "el": "button.toggle-group__item.control-surface.glass-control-edge",
            "detail": "rgba(255, 255, 255, 0.08) 0px 1px 0px 0px inset | color(srgb 0.914 0.9 0.886 / 0.06) 0px -1px 0px 0px inset | color(srgb 0.914 0.9 0.886 / 0.04) 1px 0px 0px 0px"
          },
          {
            "bucket": "chrome",
            "kind": "control-gradient",
            "el": "button.toggle-group__item.control-surface.glass-control-edge",
            "detail": "linear-gradient(color(srgb 0.0927547 0.0503523 0.00879371 / 0.14), color(srgb 0.0927547 0.0503523 0.00879371 / 0.14)), linear-gradient(color(srgb 0.2074 0.16501"
          },
          {
            "bucket": "chrome",
            "kind": "box-shadow×3",
            "el": "button.toggle-group__item.control-surface.glass-control-edge",
            "detail": "rgba(255, 255, 255, 0.08) 0px 1px 0px 0px inset | color(srgb 0.914 0.9 0.886 / 0.06) 0px -1px 0px 0px inset | color(srgb 0.914 0.9 0.886 / 0.04) 1px 0px 0px 0px"
          },
          {
            "bucket": "chrome",
            "kind": "control-gradient",
            "el": "button.toggle-group__item.control-surface.glass-control-edge",
            "detail": "linear-gradient(color(srgb 0.0927547 0.0503523 0.00879371 / 0.14), color(srgb 0.0927547 0.0503523 0.00879371 / 0.14)), linear-gradient(color(srgb 0.2074 0.16501"
          },
          {
            "bucket": "chrome",
            "kind": "box-shadow×3",
            "el": "button.toggle-group__item.control-surface.glass-control-edge",
            "detail": "rgba(255, 255, 255, 0.08) 0px 1px 0px 0px inset | color(srgb 0.914 0.9 0.886 / 0.06) 0px -1px 0px 0px inset | color(srgb 0.914 0.9 0.886 / 0.04) 1px 0px 0px 0px"
          },
          {
            "bucket": "chrome",
            "kind": "control-gradient",
            "el": "button.toggle-group__item.control-surface.glass-control-edge",
            "detail": "linear-gradient(color(srgb 0.0927547 0.0503523 0.00879371 / 0.14), color(srgb 0.0927547 0.0503523 0.00879371 / 0.14)), linear-gradient(color(srgb 0.2074 0.16501"
          },
          {
            "bucket": "chrome",
            "kind": "box-shadow×3",
            "el": "button.toggle-group__item.control-surface.glass-control-edge",
            "detail": "rgba(255, 255, 255, 0.08) 0px 1px 0px 0px inset | color(srgb 0.914 0.9 0.886 / 0.06) 0px -1px 0px 0px inset | color(srgb 0.914 0.9 0.886 / 0.04) 1px 0px 0px 0px"
          },
          {
            "bucket": "chrome",
            "kind": "control-gradient",
            "el": "button.toggle-group__item.control-surface.glass-control-edge",
            "detail": "linear-gradient(color(srgb 0.0927547 0.0503523 0.00879371 / 0.14), color(srgb 0.0927547 0.0503523 0.00879371 / 0.14)), linear-gradient(color(srgb 0.2074 0.16501"
          },
          {
            "bucket": "chrome",
            "kind": "box-shadow×3",
            "el": "button.toggle-group__item.control-surface.glass-control-edge",
            "detail": "rgba(255, 255, 255, 0.08) 0px 1px 0px 0px inset | color(srgb 0.914 0.9 0.886 / 0.06) 0px -1px 0px 0px inset | color(srgb 0.914 0.9 0.886 / 0.04) 1px 0px 0px 0px"
          },
          {
            "bucket": "chrome",
            "kind": "control-gradient",
            "el": "button.toggle-group__item.control-surface.glass-control-edge",
            "detail": "linear-gradient(color(srgb 0.0927547 0.0503523 0.00879371 / 0.14), color(srgb 0.0927547 0.0503523 0.00879371 / 0.14)), linear-gradient(color(srgb 0.2074 0.16501"
          },
          {
            "bucket": "chrome",
            "kind": "box-shadow×3",
            "el": "button.toggle-group__item.control-surface.glass-control-edge",
            "detail": "rgba(255, 255, 255, 0.08) 0px 1px 0px 0px inset | color(srgb 0.914 0.9 0.886 / 0.06) 0px -1px 0px 0px inset | color(srgb 0.914 0.9 0.886 / 0.04) 1px 0px 0px 0px"
          },
          {
            "bucket": "chrome",
            "kind": "control-gradient",
            "el": "button.toggle-group__item.control-surface.glass-control-edge",
            "detail": "linear-gradient(color(srgb 0.0927547 0.0503523 0.00879371 / 0.14), color(srgb 0.0927547 0.0503523 0.00879371 / 0.14)), linear-gradient(color(srgb 0.2074 0.16501"
          },
          {
            "bucket": "chrome",
            "kind": "box-shadow×3",
            "el": "button.toggle-group__item.control-surface.glass-control-edge",
            "detail": "rgba(255, 255, 255, 0.08) 0px 1px 0px 0px inset | color(srgb 0.914 0.9 0.886 / 0.06) 0px -1px 0px 0px inset | color(srgb 0.914 0.9 0.886 / 0.04) 1px 0px 0px 0px"
          },
          {
            "bucket": "chrome",
            "kind": "control-gradient",
            "el": "button.toggle-group__item.control-surface.glass-control-edge",
            "detail": "linear-gradient(color(srgb 0.0927547 0.0503523 0.00879371 / 0.14), color(srgb 0.0927547 0.0503523 0.00879371 / 0.14)), linear-gradient(color(srgb 0.2074 0.16501"
          },
          {
            "bucket": "chrome",
            "kind": "box-shadow×3",
            "el": "button.toggle-group__item.control-surface.glass-control-edge",
            "detail": "rgba(255, 255, 255, 0.08) 0px 1px 0px 0px inset | color(srgb 0.914 0.9 0.886 / 0.06) 0px -1px 0px 0px inset | color(srgb 0.914 0.9 0.886 / 0.04) 1px 0px 0px 0px"
          },
          {
            "bucket": "chrome",
            "kind": "control-gradient",
            "el": "button.toggle-group__item.control-surface.glass-control-edge",
            "detail": "linear-gradient(color(srgb 0.0927547 0.0503523 0.00879371 / 0.14), color(srgb 0.0927547 0.0503523 0.00879371 / 0.14)), linear-gradient(color(srgb 0.2074 0.16501"
          },
          {
            "bucket": "chrome",
            "kind": "box-shadow×3",
            "el": "button.toggle-group__item.control-surface.glass-control-edge",
            "detail": "rgba(255, 255, 255, 0.08) 0px 1px 0px 0px inset | color(srgb 0.914 0.9 0.886 / 0.06) 0px -1px 0px 0px inset | color(srgb 0.914 0.9 0.886 / 0.04) 1px 0px 0px 0px"
          },
          {
            "bucket": "chrome",
            "kind": "control-gradient",
            "el": "button.toggle-group__item.control-surface.glass-control-edge",
            "detail": "linear-gradient(color(srgb 0.0927547 0.0503523 0.00879371 / 0.14), color(srgb 0.0927547 0.0503523 0.00879371 / 0.14)), linear-gradient(color(srgb 0.2074 0.16501"
          },
          {
            "bucket": "chrome",
            "kind": "box-shadow×3",
            "el": "button.toggle-group__item.control-surface.glass-control-edge",
            "detail": "rgba(255, 255, 255, 0.08) 0px 1px 0px 0px inset | color(srgb 0.914 0.9 0.886 / 0.06) 0px -1px 0px 0px inset | color(srgb 0.914 0.9 0.886 / 0.04) 1px 0px 0px 0px"
          },
          {
            "bucket": "chrome",
            "kind": "control-gradient",
            "el": "button.toggle-group__item.control-surface.glass-control-edge",
            "detail": "linear-gradient(color(srgb 0.0927547 0.0503523 0.00879371 / 0.14), color(srgb 0.0927547 0.0503523 0.00879371 / 0.14)), linear-gradient(color(srgb 0.2074 0.16501"
          },
          {
            "bucket": "chrome",
            "kind": "box-shadow×3",
            "el": "button.toggle-group__item.control-surface.glass-control-edge",
            "detail": "rgba(255, 255, 255, 0.08) 0px 1px 0px 0px inset | color(srgb 0.914 0.9 0.886 / 0.06) 0px -1px 0px 0px inset | color(srgb 0.914 0.9 0.886 / 0.04) 1px 0px 0px 0px"
          },
          {
            "bucket": "chrome",
            "kind": "control-gradient",
            "el": "button.toggle-group__item.control-surface.glass-control-edge",
            "detail": "linear-gradient(color(srgb 0.0927547 0.0503523 0.00879371 / 0.14), color(srgb 0.0927547 0.0503523 0.00879371 / 0.14)), linear-gradient(color(srgb 0.2074 0.16501"
          },
          {
            "bucket": "chrome",
            "kind": "box-shadow×3",
            "el": "button.toggle-group__item.control-surface.glass-control-edge",
            "detail": "rgba(255, 255, 255, 0.08) 0px 1px 0px 0px inset | color(srgb 0.914 0.9 0.886 / 0.06) 0px -1px 0px 0px inset | color(srgb 0.914 0.9 0.886 / 0.04) 1px 0px 0px 0px"
          },
          {
            "bucket": "chrome",
            "kind": "control-gradient",
            "el": "button.toggle-group__item.control-surface.glass-control-edge",
            "detail": "linear-gradient(color(srgb 0.0927547 0.0503523 0.00879371 / 0.14), color(srgb 0.0927547 0.0503523 0.00879371 / 0.14)), linear-gradient(color(srgb 0.2074 0.16501"
          },
          {
            "bucket": "chrome",
            "kind": "box-shadow×3",
            "el": "button.toggle-group__item.control-surface.glass-control-edge",
            "detail": "rgba(255, 255, 255, 0.08) 0px 1px 0px 0px inset | color(srgb 0.914 0.9 0.886 / 0.06) 0px -1px 0px 0px inset | color(srgb 0.914 0.9 0.886 / 0.04) 1px 0px 0px 0px"
          },
          {
            "bucket": "chrome",
            "kind": "control-gradient",
            "el": "button.toggle-group__item.control-surface.glass-control-edge",
            "detail": "linear-gradient(color(srgb 0.0927547 0.0503523 0.00879371 / 0.14), color(srgb 0.0927547 0.0503523 0.00879371 / 0.14)), linear-gradient(color(srgb 0.2074 0.16501"
          },
          {
            "bucket": "chrome",
            "kind": "box-shadow×3",
            "el": "button.toggle-group__item.control-surface.glass-control-edge",
            "detail": "rgba(255, 255, 255, 0.08) 0px 1px 0px 0px inset | color(srgb 0.914 0.9 0.886 / 0.06) 0px -1px 0px 0px inset | color(srgb 0.914 0.9 0.886 / 0.04) 1px 0px 0px 0px"
          },
          {
            "bucket": "chrome",
            "kind": "control-gradient",
            "el": "button.toggle-group__item.control-surface.glass-control-edge",
            "detail": "linear-gradient(color(srgb 0.0927547 0.0503523 0.00879371 / 0.14), color(srgb 0.0927547 0.0503523 0.00879371 / 0.14)), linear-gradient(color(srgb 0.2074 0.16501"
          },
          {
            "bucket": "chrome",
            "kind": "box-shadow×3",
            "el": "button.toggle-group__item.control-surface.glass-control-edge",
            "detail": "rgba(255, 255, 255, 0.08) 0px 1px 0px 0px inset | color(srgb 0.914 0.9 0.886 / 0.06) 0px -1px 0px 0px inset | color(srgb 0.914 0.9 0.886 / 0.04) 1px 0px 0px 0px"
          },
          {
            "bucket": "chrome",
            "kind": "control-gradient",
            "el": "button.toggle-group__item.control-surface.glass-control-edge",
            "detail": "linear-gradient(color(srgb 0.0927547 0.0503523 0.00879371 / 0.14), color(srgb 0.0927547 0.0503523 0.00879371 / 0.14)), linear-gradient(color(srgb 0.2074 0.16501"
          },
          {
            "bucket": "chrome",
            "kind": "box-shadow×3",
            "el": "button.toggle-group__item.control-surface.glass-control-edge",
            "detail": "rgba(255, 255, 255, 0.08) 0px 1px 0px 0px inset | color(srgb 0.914 0.9 0.886 / 0.06) 0px -1px 0px 0px inset | color(srgb 0.914 0.9 0.886 / 0.04) 1px 0px 0px 0px"
          },
          {
            "bucket": "chrome",
            "kind": "control-gradient",
            "el": "button.toggle-group__item.control-surface.glass-control-edge",
            "detail": "linear-gradient(color(srgb 0.0927547 0.0503523 0.00879371 / 0.14), color(srgb 0.0927547 0.0503523 0.00879371 / 0.14)), linear-gradient(color(srgb 0.2074 0.16501"
          },
          {
            "bucket": "chrome",
            "kind": "box-shadow×3",
            "el": "button.toggle-group__item.control-surface.glass-control-edge",
            "detail": "rgba(255, 255, 255, 0.08) 0px 1px 0px 0px inset | color(srgb 0.914 0.9 0.886 / 0.06) 0px -1px 0px 0px inset | color(srgb 0.914 0.9 0.886 / 0.04) 1px 0px 0px 0px"
          },
          {
            "bucket": "chrome",
            "kind": "control-gradient",
            "el": "button.toggle-group__item.control-surface.glass-control-edge",
            "detail": "linear-gradient(color(srgb 0.0927547 0.0503523 0.00879371 / 0.14), color(srgb 0.0927547 0.0503523 0.00879371 / 0.14)), linear-gradient(color(srgb 0.2074 0.16501"
          },
          {
            "bucket": "chrome",
            "kind": "box-shadow×3",
            "el": "button.toggle-group__item.control-surface.glass-control-edge",
            "detail": "rgba(255, 255, 255, 0.08) 0px 1px 0px 0px inset | color(srgb 0.914 0.9 0.886 / 0.06) 0px -1px 0px 0px inset | color(srgb 0.914 0.9 0.886 / 0.04) 1px 0px 0px 0px"
          },
          {
            "bucket": "chrome",
            "kind": "control-gradient",
            "el": "button.toggle-group__item.control-surface.glass-control-edge",
            "detail": "linear-gradient(color(srgb 0.0927547 0.0503523 0.00879371 / 0.14), color(srgb 0.0927547 0.0503523 0.00879371 / 0.14)), linear-gradient(color(srgb 0.2074 0.16501"
          },
          {
            "bucket": "chrome",
            "kind": "box-shadow×3",
            "el": "button.toggle-group__item.control-surface.glass-control-edge",
            "detail": "rgba(255, 255, 255, 0.08) 0px 1px 0px 0px inset | color(srgb 0.914 0.9 0.886 / 0.06) 0px -1px 0px 0px inset | color(srgb 0.914 0.9 0.886 / 0.04) 1px 0px 0px 0px"
          },
          {
            "bucket": "chrome",
            "kind": "control-gradient",
            "el": "button.toggle-group__item.control-surface.glass-control-edge",
            "detail": "linear-gradient(color(srgb 0.0927547 0.0503523 0.00879371 / 0.14), color(srgb 0.0927547 0.0503523 0.00879371 / 0.14)), linear-gradient(color(srgb 0.2074 0.16501"
          },
          {
            "bucket": "chrome",
            "kind": "box-shadow×3",
            "el": "button.toggle-group__item.control-surface.glass-control-edge",
            "detail": "rgba(255, 255, 255, 0.08) 0px 1px 0px 0px inset | color(srgb 0.914 0.9 0.886 / 0.06) 0px -1px 0px 0px inset | color(srgb 0.914 0.9 0.886 / 0.04) 1px 0px 0px 0px"
          },
          {
            "bucket": "chrome",
            "kind": "control-gradient",
            "el": "button.toggle-group__item.control-surface.glass-control-edge",
            "detail": "linear-gradient(color(srgb 0.0927547 0.0503523 0.00879371 / 0.14), color(srgb 0.0927547 0.0503523 0.00879371 / 0.14)), linear-gradient(color(srgb 0.2074 0.16501"
          },
          {
            "bucket": "chrome",
            "kind": "box-shadow×3",
            "el": "button.toggle-group__item.control-surface.glass-control-edge",
            "detail": "rgba(255, 255, 255, 0.08) 0px 1px 0px 0px inset | color(srgb 0.914 0.9 0.886 / 0.06) 0px -1px 0px 0px inset | color(srgb 0.914 0.9 0.886 / 0.04) 1px 0px 0px 0px"
          },
          {
            "bucket": "chrome",
            "kind": "control-gradient",
            "el": "button.toggle-group__item.control-surface.glass-control-edge",
            "detail": "linear-gradient(color(srgb 0.0927547 0.0503523 0.00879371 / 0.14), color(srgb 0.0927547 0.0503523 0.00879371 / 0.14)), linear-gradient(color(srgb 0.2074 0.16501"
          },
          {
            "bucket": "chrome",
            "kind": "box-shadow×3",
            "el": "button.toggle-group__item.control-surface.glass-control-edge",
            "detail": "rgba(255, 255, 255, 0.08) 0px 1px 0px 0px inset | color(srgb 0.914 0.9 0.886 / 0.06) 0px -1px 0px 0px inset | color(srgb 0.914 0.9 0.886 / 0.04) 1px 0px 0px 0px"
          },
          {
            "bucket": "chrome",
            "kind": "control-gradient",
            "el": "button.toggle-group__item.control-surface.glass-control-edge",
            "detail": "linear-gradient(color(srgb 0.0927547 0.0503523 0.00879371 / 0.14), color(srgb 0.0927547 0.0503523 0.00879371 / 0.14)), linear-gradient(color(srgb 0.2074 0.16501"
          },
          {
            "bucket": "chrome",
            "kind": "box-shadow×3",
            "el": "button.toggle-group__item.control-surface.glass-control-edge",
            "detail": "rgba(255, 255, 255, 0.08) 0px 1px 0px 0px inset | color(srgb 0.914 0.9 0.886 / 0.06) 0px -1px 0px 0px inset | color(srgb 0.914 0.9 0.886 / 0.04) 1px 0px 0px 0px"
          },
          {
            "bucket": "chrome",
            "kind": "control-gradient",
            "el": "button.toggle-group__item.control-surface.glass-control-edge",
            "detail": "linear-gradient(color(srgb 0.0927547 0.0503523 0.00879371 / 0.14), color(srgb 0.0927547 0.0503523 0.00879371 / 0.14)), linear-gradient(color(srgb 0.2074 0.16501"
          },
          {
            "bucket": "chrome",
            "kind": "box-shadow×3",
            "el": "button.toggle-group__item.control-surface.glass-control-edge",
            "detail": "rgba(255, 255, 255, 0.08) 0px 1px 0px 0px inset | color(srgb 0.914 0.9 0.886 / 0.06) 0px -1px 0px 0px inset | color(srgb 0.914 0.9 0.886 / 0.04) 1px 0px 0px 0px"
          },
          {
            "bucket": "chrome",
            "kind": "control-gradient",
            "el": "button.toggle-group__item.control-surface.glass-control-edge",
            "detail": "linear-gradient(color(srgb 0.0927547 0.0503523 0.00879371 / 0.14), color(srgb 0.0927547 0.0503523 0.00879371 / 0.14)), linear-gradient(color(srgb 0.2074 0.16501"
          },
          {
            "bucket": "chrome",
            "kind": "box-shadow×3",
            "el": "button.toggle-group__item.control-surface.glass-control-edge",
            "detail": "rgba(255, 255, 255, 0.08) 0px 1px 0px 0px inset | color(srgb 0.914 0.9 0.886 / 0.06) 0px -1px 0px 0px inset | color(srgb 0.914 0.9 0.886 / 0.04) 1px 0px 0px 0px"
          },
          {
            "bucket": "chrome",
            "kind": "control-gradient",
            "el": "button.toggle-group__item.control-surface.glass-control-edge",
            "detail": "linear-gradient(color(srgb 0.0927547 0.0503523 0.00879371 / 0.14), color(srgb 0.0927547 0.0503523 0.00879371 / 0.14)), linear-gradient(color(srgb 0.2074 0.16501"
          },
          {
            "bucket": "chrome",
            "kind": "box-shadow×3",
            "el": "button.toggle-group__item.control-surface.glass-control-edge",
            "detail": "rgba(255, 255, 255, 0.08) 0px 1px 0px 0px inset | color(srgb 0.914 0.9 0.886 / 0.06) 0px -1px 0px 0px inset | color(srgb 0.914 0.9 0.886 / 0.04) 1px 0px 0px 0px"
          },
          {
            "bucket": "chrome",
            "kind": "control-gradient",
            "el": "button.toggle-group__item.control-surface.glass-control-edge",
            "detail": "linear-gradient(color(srgb 0.0927547 0.0503523 0.00879371 / 0.14), color(srgb 0.0927547 0.0503523 0.00879371 / 0.14)), linear-gradient(color(srgb 0.2074 0.16501"
          },
          {
            "bucket": "chrome",
            "kind": "box-shadow×3",
            "el": "button.toggle-group__item.control-surface.glass-control-edge",
            "detail": "rgba(255, 255, 255, 0.08) 0px 1px 0px 0px inset | color(srgb 0.914 0.9 0.886 / 0.06) 0px -1px 0px 0px inset | color(srgb 0.914 0.9 0.886 / 0.04) 1px 0px 0px 0px"
          },
          {
            "bucket": "chrome",
            "kind": "control-gradient",
            "el": "button.toggle-group__item.control-surface.glass-control-edge",
            "detail": "linear-gradient(color(srgb 0.0927547 0.0503523 0.00879371 / 0.14), color(srgb 0.0927547 0.0503523 0.00879371 / 0.14)), linear-gradient(color(srgb 0.2074 0.16501"
          },
          {
            "bucket": "chrome",
            "kind": "box-shadow×3",
            "el": "button.toggle-group__item.control-surface.glass-control-edge",
            "detail": "rgba(255, 255, 255, 0.08) 0px 1px 0px 0px inset | color(srgb 0.914 0.9 0.886 / 0.06) 0px -1px 0px 0px inset | color(srgb 0.914 0.9 0.886 / 0.04) 1px 0px 0px 0px"
          },
          {
            "bucket": "chrome",
            "kind": "control-gradient",
            "el": "button.toggle-group__item.control-surface.glass-control-edge",
            "detail": "linear-gradient(color(srgb 0.0927547 0.0503523 0.00879371 / 0.14), color(srgb 0.0927547 0.0503523 0.00879371 / 0.14)), linear-gradient(color(srgb 0.2074 0.16501"
          }
        ]
      },
      {
        "route": "spring",
        "scheme": "dark",
        "width": 390,
        "chrome": {
          "shadowEls": 9,
          "shadowLayers": 24,
          "maxLayers": 6,
          "nonFloatingShadowEls": 3,
          "insetHighlights": 12,
          "textShadow": 0,
          "dropShadow": 0,
          "filterBlur": 0,
          "backdropBlur": 11,
          "controlGradients": 0,
          "loopingAnimations": 0
        },
        "subject": {
          "shadowEls": 0,
          "shadowLayers": 0,
          "maxLayers": 0,
          "nonFloatingShadowEls": 0,
          "insetHighlights": 0,
          "textShadow": 0,
          "dropShadow": 0,
          "filterBlur": 0,
          "backdropBlur": 0,
          "controlGradients": 1,
          "loopingAnimations": 0,
          "gradientFills": 0
        },
        "identityGradients": 1,
        "offenders": [
          {
            "bucket": "chrome",
            "kind": "box-shadow×1",
            "el": "div.glass-dock.horizontal.shape-pill",
            "detail": "color(srgb 0.914 0.9 0.886 / 0.12) 0px 0px 12px 0px"
          },
          {
            "bucket": "chrome",
            "kind": "box-shadow×5",
            "el": "div.glass-resting.card.spring-target",
            "detail": "rgba(255, 255, 255, 0.08) 0px 1px 0px 0px inset | color(srgb 0.914 0.9 0.886 / 0.06) 0px -1px 0px 0px inset | color(srgb 0.914 0.9 0.886 / 0.04) 1px 0px 0px 0px"
          },
          {
            "bucket": "subject",
            "kind": "control-gradient",
            "el": "div.spring-track.stage-field-x",
            "detail": "repeating-linear-gradient(to right, rgba(0, 0, 0, 0) 0px, rgba(0, 0, 0, 0) calc(25% - 1px), rgb(101, 87, 73) calc(25% - 1px), rgb(101, 87, 73) 25%)"
          },
          {
            "bucket": "chrome",
            "kind": "box-shadow×1",
            "el": "div.glass-dock.horizontal.shape-pill",
            "detail": "color(srgb 0.914 0.9 0.886 / 0.12) 0px 0px 12px 0px"
          },
          {
            "bucket": "chrome",
            "kind": "box-shadow×6 (floating)",
            "el": "div.border-t.glass-floating.controls-drawer-content",
            "detail": "rgba(255, 255, 255, 0.08) 0px 1px 0px 0px inset | color(srgb 0.914 0.9 0.886 / 0.06) 0px -1px 0px 0px inset | color(srgb 0.914 0.9 0.886 / 0.04) 1px 0px 0px 0px"
          },
          {
            "bucket": "chrome",
            "kind": "box-shadow×4 (floating)",
            "el": "span.slider-range.glass-liquid-fill",
            "detail": "rgba(255, 255, 255, 0.08) 0px 1px 0px 0px inset | color(srgb 0.914 0.9 0.886 / 0.06) 0px -1px 0px 0px inset | color(srgb 0.914 0.9 0.886 / 0.04) 1px 0px 0px 0px"
          },
          {
            "bucket": "chrome",
            "kind": "box-shadow×4 (floating)",
            "el": "span.slider-range.glass-liquid-fill",
            "detail": "rgba(255, 255, 255, 0.08) 0px 1px 0px 0px inset | color(srgb 0.914 0.9 0.886 / 0.06) 0px -1px 0px 0px inset | color(srgb 0.914 0.9 0.886 / 0.04) 1px 0px 0px 0px"
          }
        ]
      },
      {
        "route": "sequence",
        "scheme": "dark",
        "width": 390,
        "chrome": {
          "shadowEls": 4,
          "shadowLayers": 13,
          "maxLayers": 6,
          "nonFloatingShadowEls": 3,
          "insetHighlights": 6,
          "textShadow": 0,
          "dropShadow": 0,
          "filterBlur": 0,
          "backdropBlur": 5,
          "controlGradients": 0,
          "loopingAnimations": 0
        },
        "subject": {
          "shadowEls": 0,
          "shadowLayers": 0,
          "maxLayers": 0,
          "nonFloatingShadowEls": 0,
          "insetHighlights": 0,
          "textShadow": 0,
          "dropShadow": 0,
          "filterBlur": 0,
          "backdropBlur": 0,
          "controlGradients": 0,
          "loopingAnimations": 0,
          "gradientFills": 0
        },
        "identityGradients": 1,
        "offenders": [
          {
            "bucket": "chrome",
            "kind": "box-shadow×1",
            "el": "div.glass-dock.horizontal.shape-pill",
            "detail": "color(srgb 0.914 0.9 0.886 / 0.12) 0px 0px 12px 0px"
          },
          {
            "bucket": "chrome",
            "kind": "box-shadow×5",
            "el": "div.glass-resting.card.seq-target",
            "detail": "rgba(255, 255, 255, 0.08) 0px 1px 0px 0px inset | color(srgb 0.914 0.9 0.886 / 0.06) 0px -1px 0px 0px inset | color(srgb 0.914 0.9 0.886 / 0.04) 1px 0px 0px 0px"
          },
          {
            "bucket": "chrome",
            "kind": "box-shadow×1",
            "el": "div.glass-dock.horizontal.shape-pill",
            "detail": "color(srgb 0.914 0.9 0.886 / 0.12) 0px 0px 12px 0px"
          },
          {
            "bucket": "chrome",
            "kind": "box-shadow×6 (floating)",
            "el": "div.border-t.glass-floating.controls-drawer-content",
            "detail": "rgba(255, 255, 255, 0.08) 0px 1px 0px 0px inset | color(srgb 0.914 0.9 0.886 / 0.06) 0px -1px 0px 0px inset | color(srgb 0.914 0.9 0.886 / 0.04) 1px 0px 0px 0px"
          }
        ]
      }
    ]
  },
  "allowance": {
    "verdict": "RED",
    "checks": {
      "static: no inset highlight layers": true,
      "static: no text-shadow": true,
      "static: no drop-shadow filters": true,
      "static: no looping animations": false,
      "chrome: ≤1 shadow layer per element": false,
      "chrome: shadows only on floating surfaces": false,
      "chrome: no inset highlights": false,
      "chrome: no text-shadow": true,
      "chrome: no drop-shadow / filter blur": true,
      "chrome: no control gradients": false,
      "chrome: no looping animations": false,
      "subject: no shadow / text-shadow / drop-shadow": true
    }
  }
}
