ADDENDA-01.md	4657	416f04aa433286d2199b3cfb1aa8f016273868a3fe0a506f4f0dd8e75357dca5
ADDENDA-02-AUDIT-A.md	44234	e5a6d61d92d85316364adda2d0473a9d029abd02f8e5bab35a64974835e1c645
ADDENDA-02-AUDIT-B.md	65701	71c31f61e997f786f4ee59c1672d23aaded5c3f07c476c5c2167bf2494be3d14
ADDENDA-02-GESTALT.md	5958	75c408b6d4af0ee8bdf422d3559d5c4e7d53d7e5ce9326398b9bb2c1ddfbbda6
ADDENDA-02.md	41212	c50355e44ca0950619af8772eb3e93cb7955491680503358bed2f4139ab3021d
ADDENDA-03-AUDIT-A.md	24547	ecf348378e3eb267a7e29433ff4f59e1866b347452cb807f49341eb707f2525a
ADDENDA-03-AUDIT-B.md	28758	a54efc48f17228066457836ded61e33d761763952a5b2b961438c7a7a7ce6bb8
ADDENDA-03-GESTALT.md	4505	e7f7f794660719455256d50671c46eb098096545bab395bceb1a10f79f854cff
ADDENDA-03.md	30209	9d8006bb2e6f9d900d00e503d6e8b8fe2e84a730892d4ee558e72eab4ef57f02
ADDENDA-04-AUDIT-A.md	25676	8a50d9f7f43e4297daf9e705c3eef5bb7c002ae5b6d581d0887d982bc9c0e685
ADDENDA-04-AUDIT-B.md	12288	10436e9932891e83d56008050de98feb13024a1c6c330018dd0aab26baae785f
ADDENDA-04-GESTALT.md	7142	21c68099dd46630e9569d86cc568ce12b2f695001af8c6a282a0d0e755f84f08
ADDENDA-04.md	39100	d17f0301d4ec19dfd6a1561cca8ba7266cf29dfe7d396d3e21d65d6aa1b13a67
ADDENDA-05-AUDIT-A.md	11124	03d8e035d95787ed543fb23a2b58bb45ab585bd54f909060e34f5cd292aa34d2
ADDENDA-05-AUDIT-B.md	13692	230077f5243d12dbe136685861a0de7514536d00472c0aafdfa6687146ed0140
ADDENDA-05-GESTALT.md	6397	15267f9204f3c9065e200b62d3d1efe47994de48e15a1155c7ca5e92708bf7e9
ADDENDA-05.md	27925	1bf4170857c1def8a2992b1275d6fe43d1a4d6b91e9f509f9046915e400ba525
ADDENDA-06-AUDIT-A.md	222376	2c9a36ce72bfe0b918385dafcd58044a47947df4bd0d3f695e514f023637a3ae
ADDENDA-06-AUDIT-B.md	225376	62a2d2a0de1dd8c471a773b70c2e0b467d6793c7659d17ada7e8dcb2fe9c3e10
ADDENDA-06.md	333616	e57052ddaa53a8bcb1f4849cb850eab61ce9e9a94baa5b680a52e1a9f78751d7
ADDENDA-07.md	20954	78a5bdb753fec5efb61311db570930bc2af80757531054b9ee3c415e98ee26d5
ADDENDA-08.md	19607	d74eb0ecb5eaacbb3023f7a9d8021e0ffb225a443caad6e37f58c70178bcceea
CHARTER.md	7587	dcce095d5e0b39d1c38e8328049ade0f4952b68db3b7ce8e9c02929f6940d5f5
FEATURE-LEDGER.md	26786	935ed371f57e1c46d42fb3e7ea196dfb8af478cf1d19d49a30afc765b8bf5a5a
FIRST-VERTICAL-AUDIT-A.md	8615	d91aa9ee092e28449bee82b453e73744afafcd6a07f67cad3afdc6ad49c7c450
FIRST-VERTICAL-AUDIT-A2.md	13460	f45c0c67401d09e909597515dffaa1e60a514412a0343a30724365ab0bdc1869
FIRST-VERTICAL-AUDIT-A3.md	13381	1de0d3e328928bf9c4f991ca703cdc7be67b31fbc0478d8362d3239fb12f25f8
FIRST-VERTICAL-AUDIT-A4.md	11460	2600f8e9428c279ee7b820c78c4b01d313d31beae6af6e53bcbd1be5bf259ed8
FIRST-VERTICAL-AUDIT-B.md	7270	1ca6b9b37d95c860e1901e7b3ad401e11c9dc9156ddec55724a35e4ee00cba7f
FIRST-VERTICAL-AUDIT-B2.md	11446	6f3bc66e04e0743057caf36c2587a8976ed646f4c108cfdddd6c216af9470ec2
FIRST-VERTICAL-AUDIT-B3.md	10287	31e0e15b8b3c6c53ca57896d850b36c4afffe95afd0ca9c61906495f5d831c9f
HANDOFF-2026-07-24.md	20901	bfbb0246dd8b6bf7871f6e052c9f82d8b189c8fdf189c85109d454cb2df64926
HANDOFF.md	27328	c39561043684b475e789b1356cc0b536e155910758cd1de7a26138ac21d03370
MODULE-DAG.md	4880	291e51451d84f2fd41adb8b9a31b3c33cf1503b6f47019a06e16702c98daca8f
PI.md	16173	fa83ca19532ba0fce9ff5e7ea3a75b0b1b82f1354b6c752bcb153ced2f25404d
W0-STRUCTURAL-CHECK.md	14198	d50ad4cebe4c0cf951ec446102ef43a58ce8faa250b7c085f2f5ea8ce3325cdb
W1-AUDIT-A.md	12312	7bb436f880208e8236cf5b4d2f11a802b7bae575237bbfe76478eb4bc6946287
W1-AUDIT-B.md	15483	057c5e4a9133c9f5afbc266ce9aa054c02a3970648f14a75925784e0a9141910
W1-AUTHOR-RECEIPT.md	2458	b9636c2fc33153497faed7a11bac1c785db6844994cc659edd5024b7565893ef
W1-REPAIR-RECEIPT.md	3033	3bf3e39106f6b52289cdf8b7de680af9b6c783583ed0c43e02f55ac460d78669
W2-AUDIT-A.md	19040	6b063da3608d4c7f588bfd42c0457e872592972949d0484216d7a1aed0a8a804
W2-AUDIT-B.md	18001	366e119b7f4bce9c2ebedaedda37b7eddc3e46c6bbf9788e22f3dcaded58c4ff
W2-AUTHOR-RECEIPT.md	3673	86d1923753e5c698fd0811994690fbfade931d999dd87261540861e40e88fde9
W3-AUDIT-A.md	16200	bba7e485cb263bb07289bc3852eb68b2ab0791cb4fd592a3bc748ad02111f6fa
W3-AUDIT-B.md	20374	ce025de0f15d860cba7bbf624e0d71c873f3362f831d7fb5ca6c85d6c6ed21ac
W3-AUTHOR-RECEIPT.md	3865	31416fdead1514f6349f40fd84a19d248c5c16b86583b1f3f49704f2a0f1ff00
W4-AUTHOR-RECEIPT.md	3791	44f15459b7016a10ae3016a5ee5f525c8717ca3e51e61217e83c0675ca576772
cells/syntax-number-repr/feature.json	5032	44a353d64d019d3adce27ccecec8b81143d386dda89db5e9d695d9bc7863a392
cells/syntax-number-repr/fixtures/cases.json	4742	47062dda39ebb355f1610103f09e147b6209bb2b055191093c7520db1660e1b1
cells/syntax-number-repr/fixtures/manifest.json	839	b1637fe1c5fb923ef04cba34fbc447df46045f387589573d8be41e20ec7f0b05
cells/syntax-number-repr/rejection.json	740	54110f4c32ef7ff7e42da56cf87ac2e23ebb5f6261a3a5b2aaba22b5258ff238
cells/syntax-number-repr/reviews/boundary-architecture.md	2140	d82c7c3f7c25e43eb2291f4285acd2c4ccd23d631de3967da0dd91469d72ec4f
cells/syntax-number-repr/reviews/boundary-spec.md	2235	7ac37c4bc8ad507c3fd977b7fb3bbc420a8e158afad49b14283b463bd004f9c8
cells/syntax-number-start/contract.ts	672	254ea7f5b77c2b56a3843d2942814f63c87e8c64a9a8f1d3182d4a5fbbc21df8
cells/syntax-number-start/feature.json	9223	03da844c3a8801339a548771c10fa91376d3d4390c15519d94ae5449559e82ac
cells/syntax-number-start/fixtures/cases.json	3039	376607cc0dbc50c275bc2643e77a01d046858e088e39ec83e1d405bd5859757b
cells/syntax-number-start/fixtures/manifest.json	1443	8083052ad158dc9381c877ce1d0ead1b459749498f142a0a654cf323fde96960
cells/syntax-number-start/harness.ts	1904	d9ad931dc11919f5344cff005bb0576b73d0cd64c2f15c555b2081be57a3819d
cells/syntax-number-start/rejection.json	600	bddb8e2bffd0d3d9cfb2bd7bb3881fc7e29c2bee45427838995178f6d4518276
cells/syntax-number-start/reviews/boundary-architecture.md	1462	272e47acae5bae7daa2919ca1a9e5634a58662858fa82ccca4f0276f8f4df749
cells/syntax-number-start/reviews/boundary-spec.md	1313	dc84c5b6f9bb6acf5f1304b672a1474f7c736d90020a2f2c78e9e656cc933c82
denominator/README.md	1730	7847a53ec8d20638b075d1b1adf9da6e9beb8afca5af505ad955f8af946cad0c
denominator/complement-classification-rejection.json	1124	8434c40b73c12e946d5664e54ed5132884f803a8f17a398aa24f9fb2d6985479
denominator/complement-classification.json	149757	1ec512250bafc09f510194b48e3fb87f4427b83c84a6a543b58e81040ae18af2
denominator/complement-occurrence-routing-v2.json	3224120	3b7e1e1ee40c22594049635703b3443db213f3ed8d8291e18714dda88dc2fcc9
denominator/complement-occurrence-routing-v3.json	170987	e84fd664badd815754337bff733dc796caa073314d40481c21442f9f22598bd2
denominator/complement-occurrence-v2-rejection.json	1343	bc883148c63d1c5ac043d71a29a5cef1e2329130c4fda56db59b5b1ba94c3b01
denominator/complement-occurrence-v3-acceptance.json	1314	1d9d9b7e51296c76cf64a2d44070145790e7b555a5a10d7e7c7541ea1a391531
denominator/occurrence-owner-formation-v1-rejection.json	3115	69b5f6696def012d9055e3011a5a880135499f4adfdbe244c5b4785b082c5dd8
denominator/occurrence-owner-formation-v1.json	12766323	86d021681ed0e46c067b7a103c35f34ec0793d8eca90059e0d50c6a554f46407
denominator/occurrence-owner-formation-v2-rejection.json	3314	ce693fa32d2b8f08100db7267f136636f788d994de0d7f5453a70fbc4c4d5ba9
denominator/occurrence-owner-formation-v2.json	69589449	005a79b0e6d407e50baa15c3b6081499326f237705b4f4c711bcf0dfc10e12d5
denominator/occurrence-owner-formation-v2.schema.json	6072	7a38ba2bf92192fa6f8d0bd8ddbfbeae3b493db068f688f57fb7fbdd2786647a
denominator/occurrence-owner-formation-v3-rejection.json	2351	68572cdd614323d0c37eb7886b5320a7dbf212c5b2ef3f75cc8a570b3432a12f
denominator/occurrence-owner-formation-v3.json	69590643	3eaa1f5604a2e67087cfa1ddb8fedc571cd99f820ab716d6c7ec7ed1e86c5ef9
denominator/occurrence-owner-formation-v3.schema.json	6775	80f081145d3ac554f79fd68becd468748e567391ebe08ae2e4229893d5cbd72d
denominator/occurrence-owner-formation-v4-rejection.json	2655	bc2ff4f783834d8aa64270102c1c2077eb38b790c77a2d285b226920c6d6bd9e
denominator/occurrence-owner-formation-v4-shard.schema.json	13589	386213aaee2086a74246a4307b65f7898c0ee77e080f5d78ecff8a293f4a9998
denominator/occurrence-owner-formation-v4.json	16484	75d251f549a958d811cf6b445ddd364b99d6c98b188bf958d01d0a2a0b37acef
denominator/occurrence-owner-formation-v4.schema.json	10509	a91edf2b2deff5412cfd2937b55118bb6685207c27a0ba4838423982ce6727d6
denominator/occurrence-owner-formation-v4.shards/carriers.json	2987343	7d8d912500aebfa21bee51df3b7cbf08325611a5b58819885d14397376653fe6
denominator/occurrence-owner-formation-v4.shards/codes.json	888	75b6a48556ddc5668dd4efd83d1cf611e4d04e23584619524341ffc537479a82
denominator/occurrence-owner-formation-v4.shards/compatibility.json	3092	421ec9a3b16da0170c3139823be40199f0de2a3d797b0fc9ba90ede49d846a26
denominator/occurrence-owner-formation-v4.shards/contexts.json	1075567	9e1d7009801bf70a6900112fb20016b4f40882038a1cee6d4f6a9106012cea86
denominator/occurrence-owner-formation-v4.shards/operations.json	1037412	1da23b177c549c061838a45cb84940ad97f7e4634e27e9699a18b7bf6befd16f
denominator/occurrence-owner-formation-v4.shards/owner-scope.json	31720	6f7366bd643c2232965555f92af7df19c372d1eae19ded2639eaff5c2d59e436
denominator/occurrence-owner-formation-v4.shards/references.json	7939974	190ea68490a7ecd999ccab615e1bf6af5f4b3210dc611c730fa62cbebf3d52c7
denominator/occurrence-owner-formation-v4.shards/sources.json	24279	c064051a460265c61a7af74ecd1f5885584c501f91faa8e7ad3cc78d388d492f
denominator/occurrence-owner-formation-v4.shards/strings.json	853862	5358e5236ca3a93bea559e79c339a9702b79c38b8c95450b2b80c4a4c170dcfe
denominator/occurrence-owner-formation-v5-rejection.json	3578	1c8a269b959b466ec4b6f7f473e34ad1a8c31026a29627ea9b00311c144062ba
denominator/occurrence-owner-formation-v5-shard.schema.json	13590	9e688ecd62e939679898ffb2201c4fb64443d74cb7e5f212670e705c7da0a5b2
denominator/occurrence-owner-formation-v5.json	18048	9f64d59ac8effffdfe476805b5d2086bba8281f55609e3f575b714f7fdf51b10
denominator/occurrence-owner-formation-v5.schema.json	10510	e406bf06bcb06535a1e015b209d1c9c85c14485c3dd7f88be5cbec936c1a6a8e
denominator/occurrence-owner-formation-v5.shards/carriers.json	2994733	97d9de22934f7e10e8a8056baf99662e7c48bf665caa42c54dea74acb9946732
denominator/occurrence-owner-formation-v5.shards/codes.json	888	221e5e90240dff865c01347a56cb77746c5ba5e6311ed500842569f462f2ebfc
denominator/occurrence-owner-formation-v5.shards/compatibility.json	3102	d0cd4c568ef4a1b573c4cfcac9428948458336e3568fb43c5d0c9101d03baa2e
denominator/occurrence-owner-formation-v5.shards/contexts.json	1081375	d2d92d87632a29c1355285b160a71386326f317a09c2bf07018c220a842bf613
denominator/occurrence-owner-formation-v5.shards/operations.json	1040333	604ebed815245cf1c25d1bda5b2cfd5ec1c130e21f590b4f0161cfe423bb8156
denominator/occurrence-owner-formation-v5.shards/owner-scope.json	1927	b605df043aaec941870a05e9dad8f4c7c8947b60558b5fbaa18f137741a41f2c
denominator/occurrence-owner-formation-v5.shards/references.json	7823543	62a542e1dbbe95940d9a516e443f505c48d16662925ed1b34883a5cd2550cacc
denominator/occurrence-owner-formation-v5.shards/sources.json	24279	1b707a5b794c7c9b669040e28a8a10d4dd30ed874c4dc62957eb4629b1c5aa5c
denominator/occurrence-owner-formation-v5.shards/strings.json	851678	42deeeba4a14f61af3f6cd2fc2938671a436709184e1d1afe5e9848071b33034
denominator/occurrence-owner-formation-v6-rejection.json	3210	ed35d1fc0ef93fd4e4e2bf82103aacb2ce8ac38878846763f7f55fc39d82ecf0
denominator/occurrence-owner-formation-v6-shard.schema.json	13811	23eaa9f7f7895c4c7c47005e56f06300cf4097a4b3d8ccbbd61c332e15c6dc48
denominator/occurrence-owner-formation-v6.json	20149	13c212e58c45f685e2a7cb5a1bd6a63c1f964a318a2701e2912edfdeb414564d
denominator/occurrence-owner-formation-v6.schema.json	11617	b3a7131d643b469bdce4b1538ae1946d5cec19b970de71a2026078c9262f53ba
denominator/occurrence-owner-formation-v6.shards/carriers.json	2994741	0cbe88703bdccdca1a8954752835394bf06a3bc21215f2bd11c9193aaf054aa3
denominator/occurrence-owner-formation-v6.shards/codes.json	888	99f23fafebe2fc4026720e922e1e4d2f3181ce9e45f96b7c08403136e6fb9bd4
denominator/occurrence-owner-formation-v6.shards/compatibility.json	3102	a0491ca3c1fdd3981747d07a3c3b65a38850e44cf542b93aeafd5d1c65339bfb
denominator/occurrence-owner-formation-v6.shards/contexts.json	1081451	ed15854e9a80c7ae57be0d2615049b67f1e04d4e3e001f768e6aeee395dcf7c2
denominator/occurrence-owner-formation-v6.shards/operations.json	1040333	dfeb2db36ddf3f8fab9bc7dda282e69d74768c04b3efb2ce841173943751e364
denominator/occurrence-owner-formation-v6.shards/owner-scope.json	1927	e92605106189dc445c39799357f8983d22aad724c463e5debc2b5dcd61958868
denominator/occurrence-owner-formation-v6.shards/references.json	8774923	f62bd9045056c9fd0b7daacc1830238606fae4ebff16c02d51856ab5460659e5
denominator/occurrence-owner-formation-v6.shards/sources.json	24279	eda304fa739968187289d91dec8cc76ab7b1bd731cdb3a283116f949c3d80fcc
denominator/occurrence-owner-formation-v6.shards/strings.json	867900	de9b940fb414a33837dc92452698f3f6920e93a8d1dfe99665ba778142b8e433
denominator/occurrence-owner-formation-v7-rejection.json	2406	2c77e86fabb4232f74d8ad548637206af74435122f6dce7537ee38dd37444190
denominator/occurrence-owner-formation-v7-shard.schema.json	13812	ae81a70365782c101b5cca2e41e7546b15c42d716f858c52063441dd19c11b20
denominator/occurrence-owner-formation-v7.json	21945	259d9fce299411222a126245ce22c627b260f4260d7009ecaf94ab9fbb7c0968
denominator/occurrence-owner-formation-v7.schema.json	12150	5d6f288f56298b4ac0f12b2519eb32bfecf441da324d727b66b80ba743bbe656
denominator/occurrence-owner-formation-v7.shards/carriers.json	2994713	c6b86eac6888a78fe92797c0a5d6c3a73781a6105a7fae867eacc3d1baf0f301
denominator/occurrence-owner-formation-v7.shards/codes.json	888	0685a204f42cdde7fdd121dbc59e89931e780673b294279bdd7ddc9e02226b9c
denominator/occurrence-owner-formation-v7.shards/compatibility.json	3102	1000cbb239a83b56f5c2d684aacbc3ce97bbfde8e14e6ef677a3272dc3eade8e
denominator/occurrence-owner-formation-v7.shards/contexts.json	1062401	21bd6d38be50b17a59b756297d9799be3bf9ffeb2a8e1fd16d6c4557b4ae8352
denominator/occurrence-owner-formation-v7.shards/operations.json	1039846	897c1f66de27495af6f742847e5fb412cb3813b64b8374ed5c6a5d4fddc2bec9
denominator/occurrence-owner-formation-v7.shards/owner-scope.json	1927	92c9af414be07946856a2b5be089532bbe2132414ef10ecfab36fd4549aabf42
denominator/occurrence-owner-formation-v7.shards/references.json	8798276	f6c29c5d54ac267de8f4d75c1c4ac82e4091fd5c6d5381b5118c4b377c59c201
denominator/occurrence-owner-formation-v7.shards/sources.json	24279	0a4d8783bfc1199a90b2a8ccbc85ce47fa16e7dabf814b996cce09930568fa8c
denominator/occurrence-owner-formation-v7.shards/strings.json	870097	7a622c86369896e5c17544d3aa0a4e3c1a2c08e5c994d35b7f2de796458e0023
denominator/occurrence-owner-formation-v8-rejection.json	3272	1b34b1e557d8131a0d63647da2bb7418ea1347e9d9fd9e6d8c27b7eb09c634f5
denominator/occurrence-owner-formation-v8-shard.schema.json	15103	5453b761d952c3d06d0932389ef8bd8330155a92afc4d40c52d6a39d1bc21122
denominator/occurrence-owner-formation-v8.json	24485	1491335ca478a942efdbd7000f62a4e4aa57ce32b7db93af18ddeb346f5767af
denominator/occurrence-owner-formation-v8.schema.json	13705	aa7acb7c0cc7fd1a1f419b88b309dec24b17d07a7088ee2b43650a5b8743165f
denominator/occurrence-owner-formation-v8.shards/carriers.json	2884243	250c058a55f5ee681955f9b28180f0e6d8910b45336e68538d02f2571bfc1370
denominator/occurrence-owner-formation-v8.shards/codes.json	967	58629300d368926b72b4f5fa0195c8794f5d0672a21ea18147b08861b5dad6d9
denominator/occurrence-owner-formation-v8.shards/compatibility.json	3102	882687365568d26319288652c5911e7845d651efc4db0722f131805e02445aa4
denominator/occurrence-owner-formation-v8.shards/contexts.json	990734	b4642b541e7cc9e4bf7ccfcf392276878be534603735da7aacace4fc4dc1b2d3
denominator/occurrence-owner-formation-v8.shards/lexical-dispositions.json	26387230	628219590676ffe200554e48daad158c4fc992dc102923a512fb09dcfe392ada
denominator/occurrence-owner-formation-v8.shards/operations.json	1010201	75a0d80293043a6428705759593f5eadb5152f1baba68f791a19e4bb2669233f
denominator/occurrence-owner-formation-v8.shards/owner-scope.json	1927	eef240af292bbc6fe0d4641a00cf3faf5d7ec97bce93bacc41d657a9f7b3cdf2
denominator/occurrence-owner-formation-v8.shards/references.json	8920302	efac8c952bf7684dd2f38e8035abe7ed3d19707178632cbb248732d9df9913ef
denominator/occurrence-owner-formation-v8.shards/sources.json	24279	ff44e41c3767f3941f9dc5fe01089c8cbcdac1c50cbd0ce0751190b65d3c6373
denominator/occurrence-owner-formation-v8.shards/strings.json	946909	fc3fe53244efafd824af6dc8019e514b15c5b401fba8755a67644ec834b79696
denominator/occurrence-owner-formation-v9-blueprint.json	11406	fbaaadb4e3de6fc5fcef756e6bd4a1824514faac5360afa2d4c8450caf170bb3
denominator/occurrence-owner-formation-v9-blueprint.schema.json	7029	7eeb8244a5efb423e20dd3241884365ec60f1edd9b5786a4da421639f6ea579c
denominator/occurrence-owner-formation-v9-fixtures.json	12452	a6f61c71e47c9ed323fba148b3765ba8dd6e1cb11829884e57e90824d316f44a
denominator/occurrence-owner-formation-v9-fixtures.schema.json	4160	da938323a26b645753a6b33653ab58a2523acd70b4607391a971f53a3cdb825c
denominator/occurrence-owner-formation-v9-prototype-evidence.json	6053	1fcbcfc2c637d2add7dbedf3c6de1e8c7f150f69c8bd804dbaa19a308b845722
denominator/occurrence-owner-formation-v9-repair-evidence.json	6501	b7316ed3d3beef7a10fb39ec73d4cb8f5f254083a0c7851ca85f77e7248090b3
denominator/occurrence-owner-formation-v9-repair2-evidence.json	7894	c82f75e684f1990d1e458a124f7c8ca592377a0bf01f0bf1b473108d17963cb4
denominator/occurrence-owner-formation-v9-repair3-evidence.json	8185	8215baeb14bb2fe205bd9e7689eef06c068aba9bb70d89f1687f489c25c11ec0
denominator/source-universe.json	75132	c1b823396dcc38607d23243f578e58ef08de79136edd52abd1bbdf6a64f606b7
denominator/tools/classify-complement.mjs	18683	5afd7968039089fb86aa454ac84ad4431747b075979662ccb01853a0c586d254
denominator/tools/inventory-complement-v2.mjs	24654	bb174b1c921d9ccd685a3322d2f343f06f9572327426a8d353d16503d925af97
denominator/tools/inventory-complement-v3.mjs	18638	507c271018ce902d6ce4be824e46a0c2a37d7b714ae583eb4f2b11f6b683f8aa
denominator/tools/occurrence-owner-formation-v1.mjs	51103	74105301b0dcf66f1c4b014c18e52479e2799edcb6bfd626fd5c4ea68c3b4863
denominator/tools/occurrence-owner-v2/build.mjs	14520	c2cdf124403fb804f9e6ce6890945c09beb132bf3892a56b5cb23d9c57420ce9
denominator/tools/occurrence-owner-v2/context.mjs	13354	97451b7e0885acd55a74138cc9a6d43d0c67db9b828a2878c4a833d3b10c8290
denominator/tools/occurrence-owner-v2/evidence.mjs	11287	bc8f7e6f19e296a53d3f12c7e37aec017a4ab36a3c822719974a4b295ae754c7
denominator/tools/occurrence-owner-v2/fixtures.mjs	6898	242827a14409fa55750ab2928451ce97af421ffd6093993d81bf13e6627c87f7
denominator/tools/occurrence-owner-v2/generate.mjs	6386	756adf6874cfcdfaecff9084ce26b79e2b75ce90e45d2dd36e1b94b1a618592e
denominator/tools/occurrence-owner-v2/mappings.mjs	5255	0b9e73ea252deef7c8126435d68baaec30022c679f16ecb4230f4df7793643d3
denominator/tools/occurrence-owner-v2/owners.mjs	6784	bbc7ea47b9a0bdf214ccb30a2742043edcdda559af7a0a20d40ba8245b28bfa2
denominator/tools/occurrence-owner-v2/references.mjs	10710	6098ee542a039a1e2974a02599de8eb854c823b1ca19e8b055f5fe098e02e0af
denominator/tools/occurrence-owner-v2/shared.mjs	3743	463b8a7e2a3ea9f0cc16891ba8846f112d61623e0b0657dfc02146b134244f1b
denominator/tools/occurrence-owner-v3/build.mjs	1356	ae7381a780b30e99bcdfe1a7acbb4eef50f1aff78d7e3f345425652a26d953fb
denominator/tools/occurrence-owner-v3/generate.mjs	7801	2ac013d8db65042780d5c5c532491d2e24740bfcb77bd09e8d0a65d3624df5a6
denominator/tools/occurrence-owner-v4/core.mjs	10023	9d7004ba711c07b7e31c715ca5397da2839507c868402f0ed5266b56ad40e7e3
denominator/tools/occurrence-owner-v4/discover.mjs	22467	0ed5fce2a5a286dc604bacb4ff290bf2e6acfb4b1fce3e6840f5f12d3d373d3b
denominator/tools/occurrence-owner-v4/evidence.mjs	12983	0c14d51e5bbc60119ce0beaa8b9d554d60477b84f6144630c86e6e20b21251d8
denominator/tools/occurrence-owner-v4/fixtures.mjs	4233	6627043b2a30dd36ddaba7c21ec5ec1fade3b33aa985f4861a5ccefd498db313
denominator/tools/occurrence-owner-v4/launch.mjs	5896	b0c107b308a590f67718ec7f61bbbce0b8cf61edbbf1440e149b420abf6eac91
denominator/tools/occurrence-owner-v4/mutations.mjs	5165	4feb5e499811e192067e15e576891554a50e098c6de035c6b579aad307d96fd2
denominator/tools/occurrence-owner-v4/shared.mjs	6074	0cbf8ce8f0e16276ab57506e6e60052bb1cf3ef289a2cc7203e02bae3761afea
denominator/tools/occurrence-owner-v4/tables.mjs	15977	a2fffc19398bb0ad9ad2f273627e0a4b03987000c83e2ce275478f3a22d93210
denominator/tools/occurrence-owner-v4/verify.mjs	22533	3899d9a7ba24543faf25caa0a8123e2cc570b0e70e391d8be92f026d7a3387cd
denominator/tools/occurrence-owner-v5/core.mjs	10023	96b8d71b62e148daac85b21bcb946e553e1b4131109c4689e2d1548eb6c3b898
denominator/tools/occurrence-owner-v5/discover.mjs	24633	2834fc241ba08187dde49bb4aea2052df1d34f926d9b78e00c44cf7c22565d1a
denominator/tools/occurrence-owner-v5/evidence.mjs	16468	5d508ca5d8d321751669679d2264ee21a2bdacb7c36b21c3d0d409bab011a399
denominator/tools/occurrence-owner-v5/fixtures.mjs	7595	76cf5accb83b78ad6f255cdfbee2d91282c109f6d8470391c3426ed790a5384b
denominator/tools/occurrence-owner-v5/launch.mjs	5896	86c248ab8eb927a40fd20324e5e5d3bb702e8ec7180095200c4382f6f173264b
denominator/tools/occurrence-owner-v5/mutations.mjs	6722	a218347226506d34dfac031e269f255c950582caeb7208811311e4e0851db787
denominator/tools/occurrence-owner-v5/shared.mjs	6075	4dc0bd88d7a27deaba85eb90ddbcbb3d22e69745a3c4430514ac54f988537622
denominator/tools/occurrence-owner-v5/tables.mjs	15923	5a4aa0fd147ae1b24bdde5150e877d93244802dfee233569271dba97174fedc1
denominator/tools/occurrence-owner-v5/verify.mjs	23344	b34c341d85ea6094c9cc34a231e7b2edd5182968993713e4fa6a8113eaf0bd3d
denominator/tools/occurrence-owner-v6/core.mjs	11308	79ec4e1d2661f9704be9ee1e998e3801c43a1b63e4fb97e63fcc19e50a817122
denominator/tools/occurrence-owner-v6/discover.mjs	30613	6a10db53beafa776e79714e9b73554328374a2b24370c9641b60d1ac9fafaff3
denominator/tools/occurrence-owner-v6/evidence.mjs	18162	9bdf3b4c43b353c6db51fe4547ddc792ec1d00ec4d64cf7c8b34933047be535a
denominator/tools/occurrence-owner-v6/fixtures.mjs	12314	889fd0570da3ecf82f672282dc43b7175acfd25948d60ac2259f033f61794cde
denominator/tools/occurrence-owner-v6/launch.mjs	5897	15c733772b7e77ca6b9513bbc934b66b05890a96ab8cf3888310a45079c8add9
denominator/tools/occurrence-owner-v6/mutations.mjs	9060	55d6472602682eee0f7c34f03d9439a1865a93c361e78e87f14d597a6084e5a2
denominator/tools/occurrence-owner-v6/shared.mjs	6089	1f01aa6fbc978323a84711974199c0a98fe689ee05b2797a11b730f520968beb
denominator/tools/occurrence-owner-v6/tables.mjs	18724	8e220d69c2604cf09a7342027b46ed09279ac5d906d6fe409004804da17aa039
denominator/tools/occurrence-owner-v6/verify.mjs	26758	683a5c89c4141dbaf82ebb21188542f145e5a06968b78588f5626316e62ec5de
denominator/tools/occurrence-owner-v7/core.mjs	11342	573c1538b5e367a63676eae930d35fe43bfdbbcb4d5c8535d9ba0cec861efc31
denominator/tools/occurrence-owner-v7/discover.mjs	32893	ae1eded1a7321ccf7401faaf42fe20921f9b7d16dbf791573c341fa69400f09d
denominator/tools/occurrence-owner-v7/evidence.mjs	20082	0ce80e14a41f16552b15227e84f8b0dfa82825c9c1083481663124d2665f9ce0
denominator/tools/occurrence-owner-v7/fixtures.mjs	14775	9c77c74fb5c5e4830e632614d8d74250830fb64eb232eaa2cf21f630b1acbf8d
denominator/tools/occurrence-owner-v7/launch.mjs	5898	bddb5cdab72f8c255eb15ad081aa2c78df7ef7e18070206097b3a6590045a216
denominator/tools/occurrence-owner-v7/mutations.mjs	10619	580e3174fd561726692f0b304c0aa08b0670f9b019bd7cb2457f4073e8309244
denominator/tools/occurrence-owner-v7/shared.mjs	6090	72c998bb021004e9ffe4fdc21cad2cf74c644e0f0e446f5a9a5dda46ca029b7b
denominator/tools/occurrence-owner-v7/tables.mjs	21057	ada217a333d764c316b3d3d7168286f3d6183809c503082fd77c3e1ab4e008c8
denominator/tools/occurrence-owner-v7/verify.mjs	29644	f6d80f95e1250e23eb5ab65cc6ee0448059cc0f627d2fcaf286d142c1d45f8bf
denominator/tools/occurrence-owner-v8/core.mjs	12128	d65ef6d8f273ce1bc5a114cb3e090ccd067b10c264566d03c46754117a159d51
denominator/tools/occurrence-owner-v8/discover.mjs	39999	684ddc0f7b90e018cf7f67d98d9b117df9245e4fc2006263358fb6ef4560b478
denominator/tools/occurrence-owner-v8/evidence.mjs	22080	d4aacb75a81d9af1fe3945e5bafdddd3e4ab705a1c904760923df3c9a49af980
denominator/tools/occurrence-owner-v8/fixtures.mjs	22402	3c5926b4911b0826fe86d4252aa93110083c22744bd2ffb4de5b3dd45d3ebc0a
denominator/tools/occurrence-owner-v8/launch.mjs	6270	93624f100f16846f5abe39fa9bf722c26ff36002a80858bab284ef33e7d74836
denominator/tools/occurrence-owner-v8/lexical.mjs	9862	d302c26525920ee244f0fa81d864b7448c85e87094c34b7e947fbe5f4f8335e3
denominator/tools/occurrence-owner-v8/mutations.mjs	12261	91586e518826f429be294d9f3e85e8b5e5e1db9516f384c50f357ff7cfece803
denominator/tools/occurrence-owner-v8/shared.mjs	6089	9c51eb861440f314d3b168ba7aa8a28ca6cbeea2f8736f21e9786ceb17c9ce27
denominator/tools/occurrence-owner-v8/tables.mjs	26243	dfc94801ae0fb155a483305cccddebb215cf5d0086e7df7cb1120b7d0c97d783
denominator/tools/occurrence-owner-v8/verify.mjs	37119	06722073719b6c7226cf34dd2300e008d7639c1ffb0a5267224dcf1c2bc4fc33
denominator/tools/occurrence-owner-v9-blueprint/verify.mjs	13064	ad5033e87d62377069ca973e0b51147ab505531039359c1264501d3cd15e6c0a
denominator/tools/occurrence-owner-v9/analyzer.mjs	56293	8181757557f3a6e86ea5d45c3620c2649e6b083c4a4aead323c4196f17040425
denominator/tools/occurrence-owner-v9/oracle.mjs	17007	f2c2397c22b7fdae350b074943c52cb18906e6c9e814f8f3bc709b57f411fc33
denominator/tools/occurrence-owner-v9/semantic-contract.json	6381	732ebafdf0336c9c21027bfa4b4df3b6b143ef61336603750797b4a254c1c702
denominator/tools/occurrence-owner-v9/test.mjs	18149	989ff130d4c6fd11688d02a91109860663fdf255bff859e75290b38264b177aa
denominator/tools/source-universe.mjs	5261	c410eaa4e2d6fc24e656bd85ceec0a62ce68ec8d5adcdcde388b0949dcaf4d3e
evidence/first-vertical-cssom-2026-07-21.json	776	b9ae890f21cab0282148ee9d7a1ea9f59c4213cbfef436bbd5d225f9ce669a64
formation/bbnf-exchange-receipt-2026-07-22.md	6402	5faf82127542ebfe649180d2b484d90e8855d4ef9e7a624a8885809d8b9905a3
formation/bbnf-g14-engine-assay-receipt-2026-07-22.md	2542	6968e378e024b5c178da830a3878b0fdb72831ca7252aa7abe94b030c4c39ed5
formation/bbnf-owner-unblock-2026-07-22.md	2522	2c23802e4954576f31cc808da446466e78ca5180f2fe676081e311a2c58ae610
formation/bbnf-transaction-receipt-2026-07-22.md	1411	34d71e015e02fd143dfec32933ca10debd7eb610ac2d3aa80cc4ed5dc6e30719
formation/bench-rail-harden.md	403106	de49b6d0112afec63c53a5a285cd4b9ffaca07f736ebe08ad06212c4f775cfb8
formation/bench-rail-research.md	25302	1062bff0f193eddeb2fe5810cf2ebfd27f2ed0a4cd4cf2df43f63902370f58c9
formation/denominator-complement-challenge-a.md	17874	8687bc986b96b8f9208fef12d24d96573146766f82b3e5adb0e2fe7aa64926a7
formation/denominator-complement-challenge-b.md	16429	a89eaa7dc2e6db5d49c7944553de22b158130870577f28d904188a124df83dc3
formation/denominator-complement-occurrence-v2-2026-07-22.md	6899	ecbc09be5cf01eff998041cc294fb4b56d7cad549a0f99a9828e245615b39a77
formation/denominator-complement-occurrence-v3-2026-07-22.md	6102	88c343dd58b87312df454b7da037bfbf8c6ac339dbe894e403975968713aa2de
formation/denominator-complement-research-2026-07-22.md	4267	91b981e24ccab83ee4a3f449f17f0e4173f096de447becda5231cf748530461f
formation/denominator-complement-root-gestalt.md	3076	b75c3af2c71a70e8185f3125941e37c9bce1f994caa58b6af17336a71e3fbdab
formation/denominator-complement-v2-challenge-a.md	10939	015816d0bfe1c28fb76f06bc8fb7d5c34a8eb05f997a4dae950d334566d2c45d
formation/denominator-complement-v2-challenge-b.md	12283	82af2d5f33f077410beb0dda0b349e5100907a3744657af3234ea22f8b4b0542
formation/denominator-complement-v2-root-gestalt.md	2929	4fd1764adf6924f7a654c454d1b541cae0de10774b4d98673d88da702b663bac
formation/denominator-complement-v3-challenge-a.md	7666	bc1f62007df6f6457e58fa7314d2699ed41f479f536792ea377bb0564e3504c4
formation/denominator-complement-v3-challenge-b.md	11146	e1fbfd9f4a0650f085a82c7446ca7b971afe6e4b18196d7f1e1bf5cbd90e51f7
formation/denominator-complement-v3-root-gestalt.md	3014	9af9072b8b14b60ce0fd4bd5f358c1f31bc1caf4df53fa799e6f53a64915bb3a
formation/denominator-state-audit-2026-07-22.md	4104	a05d9a5cf782f70f6e7d39610ddc9fac5c185a0c8b1a1f29ca5712b1c970804e
formation/harden-l4.md	28183	5d0c013165bad457b373a4b7bea41e6f052c82d8b94d1768f0e9ead8a4ac6661
formation/harden.md	24757	280972d40fdf6d5798bf042f8cba1e99af9369ac3aa3c4e49eb92905a5ec24ca
formation/idiomatic-regrounding-stocktake.md	7998	9135aa0810865ac1635fd4c442cf6fdbb06c553f9a47473734625ccf05d8f4fa
formation/kf-selector-boundary-challenge-a.md	2066	701edf2b617577156b32907cfdd91f880da1ab9ffbfe7f4c3e56f1343e758c12
formation/kf-selector-boundary-challenge-b.md	2158	e5dc19570fd072841b3e106edbaf3eab99898580197b40efb247dd97da15a16a
formation/l4-root-seed-manifest.json	132608	769ceff80ecc9f25dbef30ddb3f3dbb04ecdbd2b7f704ed733f29f4ab16fbb32
formation/l4-root-seed-research.md	13320	c0e5111d28f2d815324017054ef20c314741e3e3c5b4b1cccab735252f7b8b28
formation/legacy-combinator-recovery-2026-07-22.md	2273	78e7e363797a219671959f5a14d3cc72e116fdbea40357e7531562e45456926d
formation/occurrence-owner-fixed-point-v1-2026-07-22.md	8955	4794b356d2b89abf3865dc86834c68a46838be3dbbc3000be6d1f7ec7e9da6c3
formation/occurrence-owner-v1-challenge-architecture.md	21630	6f127a66edca2a96123e2e3a08772c016c0c6578b9d87dcc51ecef3e1bdfad35
formation/occurrence-owner-v1-challenge-spec.md	19828	7171bfac873e7d224f7fe82487ea00bd29c166c27dbbe79cbb53a1b29a2a68e0
formation/occurrence-owner-v1-root-gestalt.md	6665	0712c58b6cab1b7eef3dd67006f3b35b15c222fb54eeb7a0edf7cb6d9929021b
formation/occurrence-owner-v2-formation-2026-07-22.md	7808	76e3a44e78b26c49be4ecdcedd913652f67c21f07f513cbe3b33c68549c3eae2
formation/occurrence-owner-v3-challenge-a.md	14309	2b6ce7ff3f6f0c90af68d50ecdc01937e73cc52736410ba90d93de9cc9d8072c
formation/occurrence-owner-v3-challenge-b.md	18006	f204b533e4147347005ea2f6373ffda182bd47ae24151dff052bcd4a76dae1cc
formation/occurrence-owner-v3-formation-2026-07-22.md	5810	7b6ae52d8abba34df2ea741d8f586323a22c9e7af4b09d6c5e01e2e39aaf793f
formation/occurrence-owner-v3-root-gestalt.md	4412	aac3e8ca0fc513f70126ee1737d38df8d7564b3b6c6db275847177ec68c59491
formation/occurrence-owner-v4-challenge-a.md	16664	b23b7301c391ee7f521d8a1ebe66b88daf3989d0585f3c10925efbf7bdd750d8
formation/occurrence-owner-v4-challenge-b.md	9961	bfb71c8496a025c67880a6c9521d41127facf7a1b622297587e500861299640a
formation/occurrence-owner-v4-formation-2026-07-22.md	5926	0b0bb1a13124f72cf81a88426c4d6c7c2b7c723a4a9bea6725c0f37da1fe1223
formation/occurrence-owner-v4-root-gestalt.md	4174	2a875f5ee3ba1f7b780e0364bf6870f2ae8de9f80e2c3fce2a840d3905823e8b
formation/occurrence-owner-v5-challenge-a.md	14581	72941acb997243e7ee3a206d4f1478b8949fbe0d6a17647af71b8eb00a09e167
formation/occurrence-owner-v5-challenge-b.md	13488	3fb419a4f0dfd41348eab52958894dc9bce71a506420470c71e13dd108fc0904
formation/occurrence-owner-v5-formation-2026-07-22.md	7540	a0000722fd3b774329c13fe6fddea3268e608770360e3ba74868bbcd5371b143
formation/occurrence-owner-v5-root-gestalt.md	5402	3264d24172298667848105b7984ec247016f6d49500558065dc13eaffcd10ae0
formation/occurrence-owner-v6-challenge-a.md	12626	54b847e2054302f6940eb609807c75e73145cbf82027fedd0c16e5d1dfca6008
formation/occurrence-owner-v6-challenge-b.md	10279	bf9aa9249e42df1a27656b470c0d4f767c0573bfd6f30ac0f482dbfb1948ec5f
formation/occurrence-owner-v6-formation-2026-07-22.md	8717	019d1e1c4f988ec5046700ad44cf82fd6e90df1ffc19984181fed21ddec8097f
formation/occurrence-owner-v6-root-gestalt.md	5598	36be4af93d420403b66022db7f4a29039404c6bd85773c162349be64cff0a5f5
formation/occurrence-owner-v7-challenge-a.md	14554	d63c351119de1732194f9134752adf0d08e85eddbb74f20fd7fa2ec0e78ec528
formation/occurrence-owner-v7-challenge-b.md	7641	9308962748155124807f4ea0603d6b89dbc47673f5abd4afb070fbaeb70b185d
formation/occurrence-owner-v7-formation-2026-07-22.md	6864	5c53eb81a34c1f8d95a2aff5134403217dbf5e53bee41b7dd3b19af1556e6861
formation/occurrence-owner-v7-root-gestalt.md	4828	8a7dffde22dbdc68d38d92cb10484cf562386769f95d56dc23c32da92894f2f9
formation/occurrence-owner-v8-challenge-a.md	13805	6d0c14190c5632994e4c2e9cbfdd5b16867d8a8689e7f7191f61dfbfc8cdd56d
formation/occurrence-owner-v8-challenge-b.md	17864	2c10bab979b0e2ef3c13d344e0ea2667b2950fba0fa41a0cde174024e67b018f
formation/occurrence-owner-v8-formation-2026-07-22.md	9772	d2cc0ff450c01898715501345f22669fac55f4b774aa1428f9e8cdb8fa86e768
formation/occurrence-owner-v8-root-gestalt.md	7305	d27225314682318d98c5bfde5abcfd4831949fa8d2d4ee9ac777fd8ff7e94f11
formation/occurrence-owner-v9-blueprint-formation-2026-07-22.md	8581	5f0c3cdb1f90a8d40417e1325fd7b81eed16cff7ff4741d915b2ac964f6ff270
formation/occurrence-owner-v9-prototype-challenge-a.json	26357	d37b05dedab2973f10b09dcc86a24b9ed5919473e2a1f528b2af758ee4bbd2ad
formation/occurrence-owner-v9-prototype-challenge-b.json	30503	33cdf9e8e3b220b093d96658fa6fa3012de8b11d6b1f3141e4030a19c65f08b5
formation/occurrence-owner-v9-prototype-implementation-2026-07-22.md	7460	6b1f6739ae11271cb5a5249fd38ce36078b62bccf702f324d86cd46e27b4e9c1
formation/occurrence-owner-v9-prototype-root-gestalt.json	4944	1a94d50fb15566691f0cea5b8430d64e9c78d89a08337a5186e73ebf853f238d
formation/occurrence-owner-v9-prototype-time.txt	777	9eebe53f5e4fd99e0da9ec6cb7b36152d622020824ae9cef0cf0e1c117284cb1
formation/occurrence-owner-v9-repair-challenge-a.json	25666	b79556fe5aab2f7a6c7424267ad994e8577fbcaf265a5cf9a412d2c706f52a21
formation/occurrence-owner-v9-repair-challenge-b.json	17956	475cb782b16b725b515b605381e0862f072cf2e1351ff85190378a9f31c08a71
formation/occurrence-owner-v9-repair-implementation-2026-07-22.md	4896	b5efeacf048b45237f1757ab2b41840afc97e82ba3f26ca4db8f0e24db34f5a4
formation/occurrence-owner-v9-repair-root-gestalt.json	2761	1c03456e46961865778e068c1633b8e1037915c9fd4c9d865418b32b1658fe47
formation/occurrence-owner-v9-repair2-challenge-a.json	18176	bd1c979b6cae4a234c17406b9966f18ccea367281304a8da39eab463c1b9f98c
formation/occurrence-owner-v9-repair2-challenge-b.json	21312	0cbb4a4293cf96d8e5d1ac2896938991ce453e416f2398779dfa8b060656d4e6
formation/occurrence-owner-v9-repair2-implementation-2026-07-22.md	4388	f8e41111a1a549159aea97b3350e6290933ea31b95b75ebac88e7f563318ad46
formation/occurrence-owner-v9-repair2-root-gestalt.json	7431	c1cd26a4285f79be04b3da3c7af820cf595eaff5bf770e9a5442e13a95df7b8c
formation/occurrence-owner-v9-repair3-challenge-a.json	29933	d15a1b106513deca87686981aa22ec28656da608e1515137aa441c1c451a6499
formation/occurrence-owner-v9-repair3-challenge-b.json	26608	b6e99ebf384bf4fd1b09228465c2683999697fa69e047e4049a5a4e30fc6a740
formation/occurrence-owner-v9-repair3-implementation-2026-07-22.md	3854	c127fc626f72b0de1c9e37c9ff41010a5ebdea7b233605babcac8ca9feed7651
formation/occurrence-owner-v9-repair3-root-gestalt.json	7741	088034e31ccda4bea02a7ade8bce6d4b14879198ebb7332eec81b2765d5c8a0b
formation/research-architecture.md	25575	4bbcfc5c0fbc80e94da6c8cd0ff4bca0bb5414555774019e472a28106af250a5
formation/research-l4-architecture.md	38763	7bc60a70feff2177fca8ace2b790c3799a15f0fe587943c417b3fb3557b8e502
formation/session-audit/AUDIT-BRIEF.md	7036	e7b3d65fa32591322bdb6b1eae5e1f4cbc9591e7316fe48d21fb06facd920691
formation/session-audit/FINDINGS.md	18764	3752e8a316328991006c8a508b855a4663febcc2e40d391213b96e6533f451ed
formation/session-audit/HANDOFF-MANIFEST.json	5697	f33585d4c59e3a3b0ec7e6f21ec5aecbe2190f9f36b916ba01f4b2ea95a87bdb
formation/session-audit/SUBJECT.json	2851	2c1891ebcb8cf257ec5d1d8aec4bb0e19f030f52f3f408b19d1c60c2f237237e
formation/session-audit/extract-raw-prompts.mjs	7629	76629c8b410b00aa2b692ab691bd5d5f52e3ba977e2b5463a0ae697820f64ee2
formation/session-audit/freeze-handoff.mjs	2322	b757c67c36f604490cc39438ee07bf8354152623344966b4037e2593aa5c1f08
formation/session-audit/preflight-prompt-census.md	5023	548b2d61c79f2fb9e6b28a0a8426084f6e25e6ed20360a2361df0dcd821f0e89
formation/session-audit/raw-agent-envelopes/bbnf-greenfield-coordination.jsonl	3805573	04798e765ea409b9c90be16e1caaa5bc0337dfae382e6d9a2370a95f197e2ca8
formation/session-audit/raw-agent-envelopes/value-tranche-v-formation.jsonl	1903020	54b5b6e55d2f72cec3704a308526d1cc01d13bed00ad560b271dbd5ec15f6f20
formation/session-audit/raw-agent-envelopes/value-v-pi-refinement.jsonl	1346885	0873a02ec67c671da91e7e63b2f6abe1f121e652334c2dcc0667402e2f65dfcf
formation/session-audit/raw-agent-messages/bbnf-greenfield-coordination.md	975492	05206c438f08689aada8684aaeaeef1280ecd6ab699450c27b15e03b56ab0e60
formation/session-audit/raw-agent-messages/value-tranche-v-formation.md	336801	4f9e8994f916aa947987bc115ade3093a160e7ebe6149a73a01514f280ca9a70
formation/session-audit/raw-agent-messages/value-v-pi-refinement.md	472805	aa38fc6c905822a3321e87129a8ccca61a35651a7771acfac6ac374bd4dde1e0
formation/session-audit/raw-prompts/INDEX.json	3486	e28db08232fd1e447a7667a37ed89d0700e6ba7f862c86a83cd82dc815818cf3
formation/session-audit/raw-prompts/bbnf-greenfield-coordination.md	73426	73612abe625958ccfef8262d71504f11590fdb3bddb62199089181fd100b18f1
formation/session-audit/raw-prompts/value-tranche-v-formation.md	104163	c044568945cfd5c311010bb2fee4d5192bd9e913fb167de502f4b76bbbdf4658
formation/session-audit/raw-prompts/value-v-pi-refinement.md	230249	96d94a82ab6d123678b366ebe96891a28c777bbb2bd24072d9e6fff71b1b4e19
formation/session-audit/snapshot-current-state.mjs	3095	1528636857b039a6094c8932a0e0a12016dfb9ae8f85982b312809005376557a
formation/session-audit/subject-ledger.tsv	145033	aa6d17cb1c1cd9a34d0e9430db5344d046e8a54de0780c553d74fb55749a271f
formation/w1-audit-harden.md	24712	57b5a02683a38c692f72f70bcbd0d88217c5e4a93aeea4e43d21dad1048846a2
formation/w1-audit-research.md	20786	a85ccf8adb489481c7acb8da806746957c0860acbd9f2ecc9a6c804efdb4f347
formation/w2-color-audit-harden.md	42723	1cd096e054f8219bdb2ca83f1b76343cbe37608f37e975cf2803abd2582028b4
formation/w2-color-audit-research.md	24041	9d1c7e84a6eec6d690908f83c28eba01dd4a541f4833e548d50e345b2da576f7
formation/w3-easing-timeline-audit-harden.md	24791	f2d743fc51c547aa300875e2d03fa49c90bae83014149c9305b82936a8cffa8b
formation/w3-easing-timeline-audit-research.md	20358	512c36233ab321df295721400fa0e7bf36384e8dced00efa089b104f4dc6dacc
mirror/.dts/deps/color-model.d.ts	5543	ffe36b6331260a9188bb60dd7d376e00bad823b803c7e63e88e4d7fd7c6debaf
mirror/.dts/deps/foundation.d.ts	252	1b3c1b48cbaccb464919a8e7817851468851c60ecc3540aaf71c91d4641b3bc8
mirror/.dts/deps/value-types.d.ts	717	ebbe397f62311a562b7db1680912a362ca7ac62d1de0df636ac1d21137bc909b
mirror/.dts/grammar/color.d.ts	515	b4d9a6dcb0a767619a5fa1283f75a4e065113a60b99b8b0cf9bc3105f06b9f42
mirror/.dts/grammar/combinators.d.ts	651	5f1f0876d6e5e433e20200c856287ecfcac2531597f107534e32dc2c65ef98e1
mirror/.dts/grammar/component.d.ts	480	bd310590ed91a61240148475eebab24dc20c3335bcb69a6036ea7db2fdaa2097
mirror/.dts/grammar/css-token.d.ts	1211	f835b28a4ec2dd0d7e6071ae96a11274f38e71d2238b94809b6955939f777237
mirror/.dts/grammar/css/l4/color.d.ts	4827	634918baae7fd1cfb80050039469f247f9200901d48a27424cf804f3a77ff1c7
mirror/.dts/grammar/css/l4/color/project.d.ts	317	2a05c317699b6f73a257bc9ab468731aaca9914ed3f03e6b3b0fd11cd5d3c094
mirror/.dts/grammar/css/l4/combinators.d.ts	684	074203841f8ee003d742461b1f30865bbaeddb828149ae5b150f7e8e3740ad72
mirror/.dts/grammar/css/l4/syntax/atom.d.ts	868	81cd4a12a0cead177e3f08b292f537071eec60e19a701c48b23196f9ec22eb43
mirror/.dts/grammar/css/l4/syntax/component-value.d.ts	889	67d6441868be3e49a98d08ca1a8ea50f5442b23d8427c65e8b05c99e4862d070
mirror/.dts/grammar/css/l4/syntax/source.d.ts	294	89cd074f39036d65e49e15f77a939581897fe03376003e8482894424c115257f
mirror/.dts/grammar/css/l4/syntax/tokens.d.ts	4218	cedc60fb393644e084730a87a6d7e19bb1d301e9ab438f5f8dda4c331a921802
mirror/.dts/grammar/css/l4/syntax/types.d.ts	1804	fbdbd0d76f5ca6bfe69e9d30494718b373facdd3f22bbfdffab7d95924f6f555
mirror/.dts/grammar/css/l4/tokens.d.ts	815	990adafce1f153daf98f3e31b526f4031a461592d60347c73c5e5bb066d6c91b
mirror/.dts/grammar/css/l4/value-unit.d.ts	1782	1cc27ad95614e13bbc30069f2acde2f7a1b05505a6d92d80aa4722e8eb12a820
mirror/.dts/grammar/css/l4/values/project.d.ts	455	c9ca37aae0c96f473a094dbd2377e4c28995f62bbc00d4d0c365efaffbc2b7b0
mirror/.dts/grammar/easing.d.ts	341	b509c5ee63f9f8eda4763439458275a54ea35b94be4ea6f0382abf23574b40b8
mirror/.dts/grammar/index.d.ts	288	b473c0532d98e8c5af2a80e1475514709cf7c1ec105fa21db3b3361b838ae453
mirror/.dts/grammar/keyframe-selector.d.ts	364	db1d55876424c0b944f539de2dc30a04825a21fa3d8c1b1a4b5226575eecdd2b
mirror/.dts/grammar/value.d.ts	660	741e5d0ac7ebc5b7f015fd4a7835f34f43f228699d9919dc54ec56d1e7bcbd40
mirror/.dts/index.d.ts	1133	25ea0520187e9d8ae1dea6a79c20e9709cb444589865ea016500788077f4c395
mirror/.dts/lexeme.d.ts	830	ba95aea49263be46bf3f14c62a9cc780c950264501650eafadb1b9ae304fea03
mirror/.dts/named-colors.d.ts	69	632ef35e2f4b4f46c3922073bdc1013604bdcc33a75e5154504aa40988fbc081
mirror/.dts/result.d.ts	331	daabe7993332066ae191bd0db46fd7524d6e5256ff903177d13cb552eadbf1a2
mirror/.dts/serialize.d.ts	364	27fb890cda3dd0c493becae6da0275cc622c688df711f964709960f383486e6d
mirror/.dts/stylesheet/analyze.d.ts	1744	bfc024791ca6caa94e0bb189af7a68f650c9754556a7578bc51c398c4689c477
mirror/.dts/stylesheet/collect.d.ts	969	5052e1b186961fe0ccaa7dd3bba7d13c29271157f587c011e9ccb2b1e3736ac2
mirror/.dts/stylesheet/index.d.ts	333	ce96e3fe7d20b87c847a026209e78441142cf2d062362c361bcc2285f980c03d
mirror/.dts/syntax.d.ts	275	bcd3f965455db108b2d21600a4446ce39bc37fc7289f628caf5959450ab12018
mirror/.dts/timeline.d.ts	996	8c9e7de56ca5f4addc281feba3e331bbb31aa795bf66d7a8089aa2cc5a38e668
mirror/.dts/types.d.ts	6046	e816166b9c19a677e542b05968867c7dddb529739983e3a8055c01fec702d026
mirror/.dts/util.d.ts	539	9e0694e2f974eaccfc3ae8443df900dbde892873b616cae1b0b191e4b077f00d
mirror/.dts/vitest.config.d.ts	76	4b96dd19fd2949d28ce80e913412b0026dc421e5bf6c31d87c7b5eb11b5753b4
mirror/.gitignore	21	eb2a254d2cb46f808240e8e690161235fb0f16fb2216459e0b7d41a3f2b480a8
mirror/REJECTED-PRE-RESET.md	1117	7b40f30bcbb308cbff2492c7b9d96e151367de0e21be6718aecefefec3e54925
mirror/apotheosis/README.md	1218	e4208434ad66441450ad19c8ecc2c49623f23ee6e551de10071dc0c7da11cb39
mirror/apotheosis/clean-base.json	1505	186d247804484c57b9c62c20b891f16178f20b34fdae2b33679bb07e10f643c2
mirror/apotheosis/grammar/css/l4/README.md	324	0f4a6cc66c88e5c6e4436d4bdc6faea0ff670ea4af28d7d4f386a2b9b5925e6b
mirror/apotheosis/grammar/css/l4/value-unit/numeric.ts	560	8c3ac689f2e24635216ac0499f23166996ac0136e0b6876e82a8da4f75eb95aa
mirror/apotheosis/test/value-unit/numeric.test.ts	1957	4000f5dd78437292fdcd2895e75db1d68f9aaf6ef6a832cd80fb45b8be3fe8da
mirror/apotheosis/vitest.config.ts	216	95117ad7b8cfbb108b50a99763a68a0c538829620b8b979028113c7017e2c2b9
mirror/bench/stub.ts	69	3db8b35cccef35ba7f42df3fa106cb46356669f2634f88eee2435f98f3d79400
mirror/cells/syntax-consume-number/g1/benchmark-protocol.json	2235	9c7f5a82671ff37c22ac501c33807b6e1f005180ce9de35587f0aa29e93b14cc
mirror/cells/syntax-consume-number/g1/contract.ts	1740	961e59e0a3fb61eef10c2a577438a25d5c63c3f0d972fd33988c532383cfe5a7
mirror/cells/syntax-consume-number/g1/feature-public.json	6870	9435eec66739d8751b7c57d857334b70bea16fff580b260bd9848c494c512d5b
mirror/cells/syntax-consume-number/g1/fixtures/public-cases.json	5213	4c41068bfa1c1476fe7dd70583bbf53fefe701b6e4f02c2353d6911ca88726a7
mirror/cells/syntax-consume-number/g1/formation-receipt.json	6316	d41e8339c07d11becceafde5355175a72fb7aecb15919c4ccd435f1f1c3fb45c
mirror/cells/syntax-consume-number/g1/harness.ts	11961	8326e0aa1594a2d3c594f499b32da43d64f2a9e2020d3308ca68654acc4c2eb2
mirror/cells/syntax-consume-number/g1/parse-that-package.ledger	5665	6fa2142d1bcfcd2f3fc5bcba8fd49ff7a61801b7e189e8cec0f8b4ea808d5d7d
mirror/cells/syntax-consume-number/g1/promotion-protocol.json	2217	968d6b02a4f457c63ae8ba806554aab82d1fd47bf0176ca4c67eaf9bf176e9e5
mirror/cells/syntax-consume-number/g1/promotion-verifier.mjs	22838	a496deeebeaef19c8dda7e0ed2d8c19743abe64d4a23556b1f175545f7a61bf0
mirror/cells/syntax-consume-number/g1/rejection.json	2797	64b8a26e8bdd42fbf9e9b12cfccac314d530488ffe7950f365752367e6b5ad89
mirror/cells/syntax-consume-number/g1/typescript-package.ledger	12054	3a08d88df997493df6c0dc751d81e52377f155defada21c1a0a7d4d0df048f47
mirror/cells/syntax-consume-number/g10/author-roster.json	1059	b8d775de76d61713ad5e67234622d838e7145b778e317c6016de15b4c8117663
mirror/cells/syntax-consume-number/g10/correctness-harness.mjs	2078	b76642a7402515a55f80861a49b8f47ebded6356c4b537b68cc5f163b3804a0d
mirror/cells/syntax-consume-number/g10/correctness-worker.mjs	1503	cabc69254b3eedb65fbef34a104c5159b199c44a838cea09ca14c2385b226299
mirror/cells/syntax-consume-number/g10/feature-row.json	1079	6e964b4d458b4c8eabb157f6872649858388b62c323c702fcf66eb1525f04930
mirror/cells/syntax-consume-number/g10/formation-receipt.json	2687	0efb4c63e7dc0be6599790b345a6b6584e2df4101a332f46a105edf6bceec732
mirror/cells/syntax-consume-number/g10/formation-validator.mjs	9042	a2a98a2069c1749b78a37a24a36d24e7d3abab8ef746e0482db12bfdec20f141
mirror/cells/syntax-consume-number/g10/holdout-ciphertext.b64	159533	318d9272b75b34d34a71afa3665133723de4159c888cae003760d6094756fe59
mirror/cells/syntax-consume-number/g10/holdout-destruction.json	7301	d843ffa3ad5e015ce17597fd245d707aabc689a166aa3afec4278f5d050939c8
mirror/cells/syntax-consume-number/g10/holdout-receipt.json	6564	7d1e635bd274f95c3fe8b885af52b84a3c0640e4d682fd89e4f3a695aea95058
mirror/cells/syntax-consume-number/g10/lineage-topologies.json	3414	84ac7598540e7143ed83d3fe5b3e959a5174259e6bfff5735f9e51a2fc12ac1b
mirror/cells/syntax-consume-number/g10/peer-adapters.mjs	989	99b8f7691e3a5a6ebf6c6ca07aa5221c94a65246edc8315c60a88effa5af39c8
mirror/cells/syntax-consume-number/g10/peer-comparable-cases.json	1151	1283b615d2a12e75eb217624af4fb8643376ad3dc762c05917c14769bea9d7a7
mirror/cells/syntax-consume-number/g10/peer-manifest.json	3281	bf0fb334de832c100bd2f3581ffb1642a0f7d57ec8323059e9ee42178c63de00
mirror/cells/syntax-consume-number/g10/rejection.json	1713	2035b70e853605e9381e8a45daa9d180a615c0d11359420658ec88457a8c76f5
mirror/cells/syntax-consume-number/g10/reviewed-subject.json	1886	589ed5ffe9c75416f4ffb8cdafe4ee776fecae27c4d6b16e2a3372c5c01c62c3
mirror/cells/syntax-consume-number/g10/reviews/challenge-a.json	13648	3b87be4d5d129eb2b9e405988325417110e3dc3fb406e286e595c3ae2cc851e4
mirror/cells/syntax-consume-number/g10/reviews/challenge-b.json	11632	dc9ebf11104c6cd396a194ffd20e685c46f578de2de49b60aa8c028b01a964f1
mirror/cells/syntax-consume-number/g10/root-gestalt.json	4675	7b645062395fd5bf4fd4b0fa25b501d88be50c0e3b627e068dc16e92a05f78aa
mirror/cells/syntax-consume-number/g10/runtime-package-ledger.tsv	6261	e97fffdfb7ba27d88c0860ff44eb0a7984099632b55c41221b4d9ca28dfdda73
mirror/cells/syntax-consume-number/g10/source-census.json	8405	51a530fde97dbff35441873b518fb5027d0a4dcad4d33651ef9d307bc92bea4a
mirror/cells/syntax-consume-number/g10/source-census.mjs	1921	4f354ca7c31df4e988ba1f6f7dc7b3293b69b44982b4f4df144e38338f1d21a5
mirror/cells/syntax-consume-number/g11/author-preflight-plan.json	4021	7f5a3aadb3fd6a4be5df23ea98c36d3cdc5fb5a04bd0f00ae87fd3d6e78deb76
mirror/cells/syntax-consume-number/g11/author-prompts/b.txt	742	dab485af73c763f6a73baef70944eaec9cea48cbb8908d1ed1b231471f51002c
mirror/cells/syntax-consume-number/g11/author-prompts/d.txt	743	6d802bcc1c1100df0a2ad5224d9e4e57fde7959bf86e7804860f98708d965685
mirror/cells/syntax-consume-number/g11/author-prompts/h.txt	742	70a33d6cf8b7fe63c733ab746cca9cc314488105ffc5a1d5d3abbc5dc6b6f1a7
mirror/cells/syntax-consume-number/g11/author-prompts/s.txt	742	57df74ea49b2393a4992f41be66202e4bc5716ba4f1ff8ba3228e3584b4e4619
mirror/cells/syntax-consume-number/g11/author-task-witness.schema.json	2802	d77fb9099efe4236d0709e1666eb08b6ed7512ede60c2eb558117c17a97ad234
mirror/cells/syntax-consume-number/g11/feature-row.json	1372	42109e48001b6977a8421c5b84ce6587628e211f9619908efdecc78c5eba3bd0
mirror/cells/syntax-consume-number/g11/formation-receipt.json	4833	5db00f55de4a125a2710b4cf63114fbf5f34dd83c382b973d54652e8f0278ca2
mirror/cells/syntax-consume-number/g11/lifecycle-artifacts.schema.json	689	5ab5ca04a1725028a664d1212738a0afc9556030e06360fecc28defaf9a7298e
mirror/cells/syntax-consume-number/g11/negative-controls.ts	855	49613ab9274d41220d7f17fa9b6540e9d527752185dea0054f22662af9222807
mirror/cells/syntax-consume-number/g11/peer-corpus.json	1911	e51e15f4a9820add9164ed3db8b111f1816460ad89fe108d1cda28e4727b69e8
mirror/cells/syntax-consume-number/g11/peer-harness.mjs	2540	d614667170709f92c96aed023cf71e70346f840a690f78c9eb1d2569942cadaf
mirror/cells/syntax-consume-number/g11/peer-manifest.json	1710	3f28c4183f73d4a800c0ffbcb92032233af5ecdb939a4a45637211ac3460c51f
mirror/cells/syntax-consume-number/g11/peer-resolver.mjs	831	07de1050899e46ecc165cf7590d9f033727b06f63c80ba239226d35168a1de21
mirror/cells/syntax-consume-number/g11/peer-worker.mjs	1933	d13cc5bf13c48c359216cb048926a8d9e61cc8cf472348966e660440e2b0fbf9
mirror/cells/syntax-consume-number/g11/phase-validator.mjs	12871	3b46dfc0e9f12183377d671b1327c327bb5eae9066114d9c738f280b1f836ad2
mirror/cells/syntax-consume-number/g11/probes/b.ts	1157	80204fd03d24cd794e4ba001f688cd58c7eef3e015dcf2bc4bc77c0d46ddf40d
mirror/cells/syntax-consume-number/g11/probes/d.ts	660	9b9fb3a645b20584f1228204d880eaa06d2c2d20302201cfddd17931bfd4ab14
mirror/cells/syntax-consume-number/g11/probes/h.ts	477	f6a22334ccbb484c1c3d40abee6339a59b6afcb4dc3c5b24e66b88f5c08bd206
mirror/cells/syntax-consume-number/g11/probes/s.ts	1175	a79a5f778829733aeb2b11712d3af4f18aec3cef3cabfc50556a73cea8abb07a
mirror/cells/syntax-consume-number/g11/public-corpus.json	2793	962c6cfb63da40cc8d9fc7bca37ca749722e8dac65ff969574a205a3c44ed35f
mirror/cells/syntax-consume-number/g11/public-harness.mjs	5212	87b52d53fb597a7f2cf87ec4abdf7611373116db72adbc3589d74a46ef9e31e7
mirror/cells/syntax-consume-number/g11/public-worker.ts	9752	d5d8f12fa9c6c55abea49ad2f570ae4d5ef8490aef515790f5296f3af96c831e
mirror/cells/syntax-consume-number/g11/review-boundary-a.json	16797	f9c6b0b4fa8612decdf607a990a9e9b5049f4755e063a91244e08070d2bfa3a0
mirror/cells/syntax-consume-number/g11/review-boundary-b.json	14308	b01c87c5a0e4f91cbd4e22309c2b8a3004b018178d4c5d5965ddd28c01b499c1
mirror/cells/syntax-consume-number/g11/root-gestalt.json	5587	662ce74e987a53e39f3a7db8b10acd2229f21c3c6f46e8a8783adf151be97b92
mirror/cells/syntax-consume-number/g11/runtime-closure.json	3282	39dffcc5ae9515f73731a5666853f6614f719e66185e7564f8b6b1a21485bec3
mirror/cells/syntax-consume-number/g11/runtime-closure.mjs	3178	0f4afc51a93f58aff35123860283dea4c30f4b68cff5b8cc460a254913c0ed6e
mirror/cells/syntax-consume-number/g11/seat-packets/b.json	945	aba503bc154b9480201d1dd003159e98bbcd292028ba0fab832bd4a5a0b67034
mirror/cells/syntax-consume-number/g11/seat-packets/d.json	801	8d50d5a8c6c56636d026a5f02d9f248f29f01d79c95cb3c18ef7ccc7969b3184
mirror/cells/syntax-consume-number/g11/seat-packets/h.json	744	8443348bcbc55e26c393402180d2952eec583ce9c257c1021aafceb982632369
mirror/cells/syntax-consume-number/g11/seat-packets/s.json	995	41c31a8b438c89afe6601d01f5fe688d8e796b61ddf6772498cfc4c4881ba09f
mirror/cells/syntax-consume-number/g11/source-census.json	1284	39746129224a073222dd90b434e7a591f461bf8c91010db097adc4654aae9f0c
mirror/cells/syntax-consume-number/g11/source-census.mjs	2255	f97d1c4059bd7d3cb30141f45a9320645458e562bdab072365fb0eb510881ea9
mirror/cells/syntax-consume-number/g12/candidate-closure.mjs	8236	c1046dbc4e63f3be9fed300ae44ed0fda66c541782472ed2bbd87e7a61260348
mirror/cells/syntax-consume-number/g12/candidate.d.ts	212	2723548e6e93857baa733f62c78917294ad773dc6bfaae135ac6a0ff93401956
mirror/cells/syntax-consume-number/g12/contract.json	2671	b88198d2039f5a6b8efaf82218aaf4d2aac29de15f00250df588204be71491f0
mirror/cells/syntax-consume-number/g12/formation-receipt.json	4922	56598281f4e1f0206f3ce034d443b7a1c2fefcce79b79db5695e385f254ba05a
mirror/cells/syntax-consume-number/g12/formation-validator.mjs	5725	b53a0f0aeb7722beba01ef66959b462a31305622dd0c5a79a3758d7f45aaf67a
mirror/cells/syntax-consume-number/g12/lib.mjs	4145	e1ff5ded91aeb73d03ad6fc8ce986bbbba440e28a72614e50135c08417b2a862
mirror/cells/syntax-consume-number/g12/peer-corpus.json	2107	607e8962ad76966208b065a0f5ed7f3dbaeedc6fbefdb7b79a13d9c1f2af2689
mirror/cells/syntax-consume-number/g12/peer-expected.json	1242	d17f61edd3ca200824abae8dfa3c06f02135d062e70b2c6c8ac0824a6c1abe97
mirror/cells/syntax-consume-number/g12/peer-harness.mjs	2403	57417f921490ad533b8b2cbd3368289052869c430612e42e525eab0706852214
mirror/cells/syntax-consume-number/g12/peer-worker.mts	1959	cdcd201fedb17a19ba19864b0429a2e1fb8a0b685aae22c560dfb0a19ac64261
mirror/cells/syntax-consume-number/g12/public-corpus-generator.mjs	3685	9a33d63dbd193d0efc45399d9d1d79b8a3f8c54da78fe2fe787565867dad90ae
mirror/cells/syntax-consume-number/g12/public-corpus.json	3388	53fcc7df2147d1ebe431b903c86ea411e96816e2f0a83072c68687f72cb396a0
mirror/cells/syntax-consume-number/g12/public-harness.mjs	1162	1b5e4cebf3ecfc3ae495f6eb516a8e5485dda420f2ad1190c3f3c941bb088a3b
mirror/cells/syntax-consume-number/g12/public-worker.ts	7837	527ae2caa55e9853266a37c4b6e8477bebd7a5da6b47de6b5b4a7e3233baeb7e
mirror/cells/syntax-consume-number/g12/review-boundary-a.json	14855	07687017ce0f7068f2cac7547a5bcd281453fb4c37c0464e36e8ede5ba922933
mirror/cells/syntax-consume-number/g12/review-boundary-b.json	10641	4cdee4d24e38e2eccedd56d993959cd7120b8e759573e8225b21487ac4972874
mirror/cells/syntax-consume-number/g12/root-check.mjs	2242	7781fe388b8cbf870b552b76da9b71e894d1c9074029c9879f60988326b5623c
mirror/cells/syntax-consume-number/g12/root-gestalt.json	5681	517f605f0a295927a027e6eb5022159991d5228f6a762d7d5dd7576743a15656
mirror/cells/syntax-consume-number/g12/root/incomplete-signed-exponent.ts	527	3b62f3a782e93ef863ee558190ba1c583f5926ef3c380f253bbe333a74c83c74
mirror/cells/syntax-consume-number/g12/root/probes/b/index.ts	973	8e070901388652d6bc461023f6f463f5714d24cfae89f3dee8673da62b4d9891
mirror/cells/syntax-consume-number/g12/root/probes/d/index.ts	551	6c67d4a83789c8e53ad9b67889bd50defb2cb245fca94a37f9419dfe98d041d6
mirror/cells/syntax-consume-number/g12/root/probes/h/index.ts	380	ea4d02d0bee13c51424d2bb5405298417281f45b00de53a904ad37f149865fe7
mirror/cells/syntax-consume-number/g12/root/probes/s/index.ts	956	922d319410feee9e01efc1e2a680850de0ad3d6303ee287541e6fb77ab0c7ece
mirror/cells/syntax-consume-number/g12/runtime-closure-generator.mjs	3007	f346887dbf716d68f205e510eeb0cc4ce3bb4c487b49ba788a74dfaf869d3966
mirror/cells/syntax-consume-number/g12/runtime-closure.json	4354	dd80e3167b7d023660bd30ee93bb64013a539ee21d413965546977e562f22d26
mirror/cells/syntax-consume-number/g12/seat-packets/b.json	1679	893cd2ae885c2b591943b63d1711375c53f46672755dee39834b34707339f09b
mirror/cells/syntax-consume-number/g12/seat-packets/d.json	1621	7ed2b6dba8d06a795f429d67e49d205bc2c6d3cf71a650c5d39d5b3747bde562
mirror/cells/syntax-consume-number/g12/seat-packets/h.json	1597	080cb10b8f332ec1ba082866a023a782b1adb49e274ea716b161a0d449dddb60
mirror/cells/syntax-consume-number/g12/seat-packets/s.json	1689	5fc7452ed949e5b57f8dcc2bb083ed9832bcf65e8304ac5325c136896bdee575
mirror/cells/syntax-consume-number/g13/acceptance.json	4122	f3a76feac33c0d9e1c95abfbc4983e8521eea52a455fb9f963a9da4f93ea0945
mirror/cells/syntax-consume-number/g13/author-roster.json	2473	39cfb3cbdaa829b7b2a33b6234cad5325a5200f824294197119c383ebcedbe57
mirror/cells/syntax-consume-number/g13/benchmark-evidence.json	42991	7676055df3e903076eb8f135feb65a07bd048daa0279db06a57b875b59ebfe37
mirror/cells/syntax-consume-number/g13/candidate-ast-policy.mjs	19342	c11eb55a2844db81ac09e09658a8e61461a29b8713c8e1f8945cb35a04f75112
mirror/cells/syntax-consume-number/g13/candidate-benchmark.mts	8635	4bdef5d824f1357753c20e2e030dde202eac90afdea110f396650cac0ef7a486
mirror/cells/syntax-consume-number/g13/candidate-closure.mjs	6622	a0bc717084b72c1dd734cbc5796bd686ae6d33b5f1f6421f2b30f43410c6bc05
mirror/cells/syntax-consume-number/g13/candidate-closures/b.json	1774	efda042bd17ad530d70a407971706a49d4b393f5b3824cbc9b17dd91a95e2c23
mirror/cells/syntax-consume-number/g13/candidate-closures/d.json	1789	145ae6893fb1817a5e5194b4cdb3b97d62a0802c86b3e4c781400658784ef6bc
mirror/cells/syntax-consume-number/g13/candidate-closures/h.json	1668	0328252331466f4f73bb1cacaaa219c4163e7f69e10fff12fb92fec4fb1920c3
mirror/cells/syntax-consume-number/g13/candidate-closures/s.json	1772	8e7fe5162fe21ee1b50d4eabc9230ea20b9fe89894e6fac320558dd62ecba02d
mirror/cells/syntax-consume-number/g13/candidate-evaluator.mts	11788	c237d9a4ddc3c7cb88efdc165f1398f27201fdd9b491dcf4e32b43d43b33d5e7
mirror/cells/syntax-consume-number/g13/candidate-evidence.json	16880	d22fc7c2609dbfa45f48d65341c9c6a915a4383d821147c12cfbfbf6afdeda2d
mirror/cells/syntax-consume-number/g13/candidate-evidence.mjs	23902	14ffb2296ac256daffc4315d148d8fa2e179abc46d6128f93e2b0bffcac02b9f
mirror/cells/syntax-consume-number/g13/candidate.d.ts	212	2723548e6e93857baa733f62c78917294ad773dc6bfaae135ac6a0ff93401956
mirror/cells/syntax-consume-number/g13/candidates/b/index.ts	957	00d6bf2fba70a6e7600bec2d9d3b136eff41eb066de5d27918976ec8d7b333f1
mirror/cells/syntax-consume-number/g13/candidates/d/index.ts	625	552389f9c6212c274afad38b43130889f3f65f43c2bb9f3e091ed72ab0c3b4e1
mirror/cells/syntax-consume-number/g13/candidates/h/index.ts	407	d1e98dfe1d3f818ad690137b17f076fd59f2e27b3418e48c0a60c08a3389c8a0
mirror/cells/syntax-consume-number/g13/candidates/s/index.ts	1004	f2f379b0bcd5248c0839145ebc6566a23078415b3f97c4927e7bf20e9ef8606d
mirror/cells/syntax-consume-number/g13/contract.json	3093	0ebfc475f02d6339e77cbd33277ed3546f83f9b96fd3455ffe8ec4c2cba0b06c
mirror/cells/syntax-consume-number/g13/formation-receipt.json	7167	51e8f1e46c62c2aae047179ac417fb763a10da4395602436b4793508d9549572
mirror/cells/syntax-consume-number/g13/formation-validator.mjs	6551	9ad7c64e6c68a6596c3b4bcd187d99fb73988553fba49d32bce12546de6772e0
mirror/cells/syntax-consume-number/g13/holdout-ciphertext.b64	329665	4e6a09fae3ddecef0437abb694421d2fd80c7e05ca6f33fdc9399dee8db48671
mirror/cells/syntax-consume-number/g13/holdout-receipt.json	4264	9d6e210c9489e082f514d096eb0ab470057e366c0e5e7446f27b19ee6164c47e
mirror/cells/syntax-consume-number/g13/holdout-reveal.json	6884	47823ab2b89cb2f0dc17133dcb2a23dc3c84fe83829deefe50622a0cbeb1acb8
mirror/cells/syntax-consume-number/g13/lib.mjs	4145	e14c4ce869f96d06703d43dde1444bf24cf6976c435868ccc54a02eb4b806334
mirror/cells/syntax-consume-number/g13/peer-corpus.json	2107	ecfdc4670008ef924703eb26ed8557b226d62799a6fe843bb463c9310c84b64c
mirror/cells/syntax-consume-number/g13/peer-expected.json	1242	df4614057684de772581120a971aae95b020203489c84768a49f548b48f67e50
mirror/cells/syntax-consume-number/g13/peer-harness.mjs	2403	87eb237901242f2562eb26d1e4080690e9010eab7a9c4386fcc4b070fc6ae9d8
mirror/cells/syntax-consume-number/g13/peer-worker.mts	1959	91a147132507ad1653763eb57ecbc98d18fab279ada29084ba88d99c5138f746
mirror/cells/syntax-consume-number/g13/public-corpus-generator.mjs	4469	9c56f5770261b2ed28d7b4acbdb3e4bc9a2b0ddc07ed9cf48d0ce2568bf5bfd8
mirror/cells/syntax-consume-number/g13/public-corpus.json	4739	5056de266d0379ec3ae63b8a56d1a9c07f0607ff264aa22d6c7a7a177e7edd48
mirror/cells/syntax-consume-number/g13/public-harness.mjs	1203	6a91e44d661f6ee558ae93aab60fc3bcba6a9ff76856e36cecd1a83fb5375699
mirror/cells/syntax-consume-number/g13/public-worker.ts	8694	b4856ddd51bddfbf0cdc5e2ea1f250c8c2eaf2a66d4026a73b7dee44fd21777a
mirror/cells/syntax-consume-number/g13/review-boundary-a.json	2140	663dc9abcb89652797199e76bfd1880c5bd91c05edcf2b177ddfe3cbad25be70
mirror/cells/syntax-consume-number/g13/review-boundary-b.json	10217	e7ab6509aa0b760c6f33cfa0bae48be94c1af694282762ead91444d08328b4fe
mirror/cells/syntax-consume-number/g13/reviews/skeptic-1.md	14504	9f6a60fbe26310cae4bc83f15a6283d7010931b91d0056318b117cd3f1541b60
mirror/cells/syntax-consume-number/g13/reviews/skeptic-2.md	12177	f445479d0a14d795aec6cc179bbd9abbc561dbae4ff3103266fa9d9bda768d11
mirror/cells/syntax-consume-number/g13/reviews/skeptic-3.md	15255	81eb057bb370b35e669f56ba6f21093b49d6ad7c497600a6add5dc5e11185691
mirror/cells/syntax-consume-number/g13/reviews/skeptic-4.md	12147	8ff697866c531cc9c16a4d25ca24a77e805d002e79889b4bbea9db024bd0e2ba
mirror/cells/syntax-consume-number/g13/reviews/skeptic-5.md	14129	3c88419beecf8f696ea1a074ecc2ed9777a9d076df21bec068d627ca1fcb4f4f
mirror/cells/syntax-consume-number/g13/root-check.mjs	3484	1a8618cb0162814e85ae4a3192b70f2425fba4c7f84505ca0515a5fd614eff46
mirror/cells/syntax-consume-number/g13/root-gestalt.json	4946	38383e09cfc2d788d6399cf06d0422af61e91efed72a26e88ecadfb23beaec09
mirror/cells/syntax-consume-number/g13/root/incomplete-maximal-prefix.ts	363	948d0eb212d1a6448b43a3b078c2447605cc27334fe6630470ac8bec4cc187a2
mirror/cells/syntax-consume-number/g13/root/incomplete-signed-exponent.ts	527	3b62f3a782e93ef863ee558190ba1c583f5926ef3c380f253bbe333a74c83c74
mirror/cells/syntax-consume-number/g13/root/negative-controls/comment-markers/index.ts	534	d9a0d9047551ee325778b5a91bbda01eeac3d8cb7d879e93946928927461d71e
mirror/cells/syntax-consume-number/g13/root/negative-controls/computed-global/index.ts	402	414ea37297036542bd9e268384193d9183f474f84c118d6326bab0f5e3714562
mirror/cells/syntax-consume-number/g13/root/negative-controls/computed-state/index.ts	564	4d6200c2490ff5f92784f56eb44131dff8e999f9eba89ca6ddadf2b1168a724c
mirror/cells/syntax-consume-number/g13/root/negative-controls/constructed-recognizer/index.ts	430	1e41b5d3fff192e0965dd050e4dbecebb638c1561501e6c9681f2146b1c26789
mirror/cells/syntax-consume-number/g13/root/negative-controls/h-suffix-broadening/index.ts	400	72ea00bbbea0dec8b644d236022b66fd4ee98f977b9a11641bb374ab57a3bf47
mirror/cells/syntax-consume-number/g13/root/negative-controls/wrong-wrapper/index.ts	655	c46216a7f84fe4bb5fdb0f511f6dbe1225ce498211fb325af5bfe4168e4c1c79
mirror/cells/syntax-consume-number/g13/root/probes/b/index.ts	983	a2762b19ec764d08ff1fa7704881a4a7a7c97a8601f966d6630cef15bc6d7049
mirror/cells/syntax-consume-number/g13/root/probes/d/index.ts	561	ba5f1130003deabe638501997bf2a7a7a334fd25d984206287f6f01ec7b57b75
mirror/cells/syntax-consume-number/g13/root/probes/h/index.ts	390	9dda4a9e1892e6e7eef7feb9e0c99a5744ef0f88d0110bfd0e656f3bcc840d74
mirror/cells/syntax-consume-number/g13/root/probes/s/index.ts	966	e365919f9f3963d95a47d4fac4336a703620dc790d78c4bfb9b76aa1edf5ee2c
mirror/cells/syntax-consume-number/g13/runtime-closure-generator.mjs	3007	5504ef5e9960f0d15e24e54cc3c730a66a651277d7b98dd3af6f1901c0051050
mirror/cells/syntax-consume-number/g13/runtime-closure.json	5076	c99ab98cd0cea2fcd3bcdbaa93019fcebdcd75aaaf158022a6588063c985597c
mirror/cells/syntax-consume-number/g13/seat-packets/b.json	1817	70d1e16f124e4f636e1b56e0bfb00fb89f94524bbf35ec62232a7b09a4e8829a
mirror/cells/syntax-consume-number/g13/seat-packets/d.json	1759	41e41c581d09ac8b2ba0d92a47e1883879ff4e29757057257e931936bbbde82d
mirror/cells/syntax-consume-number/g13/seat-packets/h.json	1735	17b38772629d789c6d757de2c4e11d4cf92e45212072feb1e12a2d574b110f61
mirror/cells/syntax-consume-number/g13/seat-packets/s.json	1827	e7b74d75ff08e4ae203652255d2c11a86708f945a035f1cd67229f3fb16bfaf4
mirror/cells/syntax-consume-number/g14/acceptance.json	7466	f6410454bcc6d734d421454a0d076abde1eed3cf82fb510fbb8373a9ffbc1f9a
mirror/cells/syntax-consume-number/g14/benchmark-manifest.json	15414	652f3f5056ff5d4fbcec69bba1b009a4a9612516d31da0a33ee4665b9a7e0807
mirror/cells/syntax-consume-number/g14/benchmark-result.json	15127	722f5edcd8b25337a0d08d724406f7038cdfa93df632687423c397dee172644a
mirror/cells/syntax-consume-number/g14/benchmark.mts	18568	90ee2014b7e8705208c0d45c6ebf245f53ec7be3a573512fec32fb3890193540
mirror/cells/syntax-consume-number/g14/candidate-set.json	2251	e2f786bb2e190da3c45e9f6396ffb98bad652772de12c6c047519d48c4fda5e6
mirror/cells/syntax-consume-number/g14/candidate.d.ts	272	04b4decb604542c3416cc710aa155b826b86ca491e2ce485c546f815557f2bcf
mirror/cells/syntax-consume-number/g14/candidates/b/index.ts	2097	42e6e6a3662c5bb30858b845fe04ced565ff6f755e7edd54d703804285f4e913
mirror/cells/syntax-consume-number/g14/candidates/d/index.ts	963	a1e4fc2016362f4d1e4b49089c9580b85f6caa19d2adf91f60dd2dac412f8cd8
mirror/cells/syntax-consume-number/g14/candidates/h/index.ts	477	ca17a811198a286c3e07ab06670b76b16f98c513d246696296dd4c3e4abffaa8
mirror/cells/syntax-consume-number/g14/candidates/s/index.ts	1768	2edb390a542ebb98221c624934b14c009bc07c6b306cf7d4be1ccfcfd74202c8
mirror/cells/syntax-consume-number/g14/feature.json	4875	266df7a5994fd7a75cb7bb2eee2fbcee02d38320ae0dde265727c6737626dc29
mirror/cells/syntax-consume-number/g14/fixtures/manifest.json	594	d679e8896b35402fc84ada7d308cb1ff28d6da04287e5770b17439c69335b3e6
mirror/cells/syntax-consume-number/g14/fixtures/repairs.json	2357	d9e94359c3cac96ba44f151debed534042aabbca85e82d9e59c6022267bc18f2
mirror/cells/syntax-consume-number/g14/holdout-ciphertext.b64	18505	e2aa624ebbd7344381fb59d6c420bd581086ab0346f2ce1fea5d3fac82a0d25c
mirror/cells/syntax-consume-number/g14/holdout-evaluator.mts	33880	887799d06f170c6ae799cfb5ce5d5d825b555e50c394b21f78c5b156890e05c0
mirror/cells/syntax-consume-number/g14/holdout-evidence.json	9642	fdc135c2cb9480a181321824cb67e823c7d9c3af07eaaa56dd8adba4d29c43d9
mirror/cells/syntax-consume-number/g14/holdout-receipt.json	3707	787f2543f4046ed71669daa55ca03af65a269f320f4f9891d22adab8da127e0e
mirror/cells/syntax-consume-number/g14/holdout-recovery-ciphertext.b64	18505	3c2dcf58cc2cfc351399acfeefff56065b33a68c38400eece6f03a7d9460ebae
mirror/cells/syntax-consume-number/g14/holdout-recovery-reveal.json	11287	337a11ca21e39004e4381e5052298e5f9df2c7ffa87990b3c811ea55a2800038
mirror/cells/syntax-consume-number/g14/public-evaluator.mts	12462	bbeeee5e7333a0105fe85c91624fc2be4c34500447bfe9dfce9de5a426b784b7
mirror/cells/syntax-consume-number/g14/reviews/skeptic-1.md	12983	3ca39a3cbf56061e020859054a03eab8482286f59228e45a72cd73976115475a
mirror/cells/syntax-consume-number/g14/reviews/skeptic-2.md	17714	a629c8a45f87e7d971c07f127067b99634cce880f7d9c0660b25d866eccd7814
mirror/cells/syntax-consume-number/g14/reviews/skeptic-3.md	19457	dee4d28e2eb034fd6ceb4ff5394a7a60e73b8da65d5e46e25b628f67aa7b71bc
mirror/cells/syntax-consume-number/g14/reviews/skeptic-4.md	15409	68532e850081ad697a0d97cd62de0d21e5798eb912ae8fb316b6c3922086a7ca
mirror/cells/syntax-consume-number/g14/reviews/skeptic-5.md	21974	921a3f143fd371eebe9eb73fbd539c74020b621a47372a1754bb4c14633de980
mirror/cells/syntax-consume-number/g15/ROOT-DISPOSITION.md	2941	b7d6c09fcadab54188b6b714d903b017c86046a9c1302a661bf26bb9210ef722
mirror/cells/syntax-consume-number/g15/bench/README.md	1339	1e00f919fe54af3778a69edf663fe1abd6308d9ec81b5c0414c21e9f8b2b63f4
mirror/cells/syntax-consume-number/g15/bench/benchmark-manifest.json	12170	634d3b7c19fc18203e9405f414158f7123119e454b41859e38e170b64991f808
mirror/cells/syntax-consume-number/g15/bench/benchmark.mts	10863	0763a4f9233f43f264b1663efe823bd36b1b47187ad1994d9bc67dc2143dfd82
mirror/cells/syntax-consume-number/g15/bench/bindings.ts	4891	21f805fa959c0dd4eeffa8ad6a39fd2befcc5d922fedebce70e6c6644afa1000
mirror/cells/syntax-consume-number/g15/bench/evidence/README.md	206	74eeaae0aab69697fc7cb5dd1c52f1a7790e931edb2b14d5814d9b134fc4e7cf
mirror/cells/syntax-consume-number/g15/bench/evidence/raw-first-attempt.ndjson	2656	48286cbc1914513c698d8e43d93503e3ba306efb372d27e28d433297b80d2654
mirror/cells/syntax-consume-number/g15/bench/evidence/raw-v2-first-attempt.ndjson	29249	0bb3348aa75deb938fef37735fa4a4b69a7f4312f26a73c48e7ccb3828b48ee1
mirror/cells/syntax-consume-number/g15/bench/evidence/raw-v3-first-attempt.ndjson	29251	97f32458d6f031f0ad7de0446ad62b28c232facad629738dd6797cced62ea6ae
mirror/cells/syntax-consume-number/g15/bench/evidence/v1-failure.json	1913	cbcfe27cb19228b4787e8e31f20d7cb8d9acb43046bd5e486a64fb1007bd0174
mirror/cells/syntax-consume-number/g15/bench/evidence/v2-result.json	2031	9269e6ec1769e9137f283bc0096b9d87b052714c7a26e8c572a9a0af4b1a55dd
mirror/cells/syntax-consume-number/g15/bench/evidence/v3-result.json	1810	f717891c3f4ba5c99ac66d01b415b868d8a02d2a7728a11f9690288ef0495cde
mirror/cells/syntax-consume-number/g15/bench/lanes.ts	5257	484194988941883acae346d8a19baeac3fcb2b6c1c538ca3304ed57b7b7d47f1
mirror/cells/syntax-consume-number/g15/bench/protocol.ts	4997	ed7443e335b87c1b1d242d50eb8ee85b8c773f8bfea8c42f043cac1ec9e400fc
mirror/cells/syntax-consume-number/g15/bench/tsconfig.json	225	bb7e050d5023ca5f4b92b3b82deebc978a78f9dabf5eeb47d0cfc1de03bd7e8a
mirror/cells/syntax-consume-number/g15/candidate-set.json	2489	6b3b2057519a595b83f70b317ccc88b08b0e34d232f20feaf580409b55da0d40
mirror/cells/syntax-consume-number/g15/candidate.d.ts	272	04b4decb604542c3416cc710aa155b826b86ca491e2ce485c546f815557f2bcf
mirror/cells/syntax-consume-number/g15/candidates/b/index.ts	1999	550da39c359a95ec5e23e84074254a5978c334884b1405c58bffd5b36802ccb7
mirror/cells/syntax-consume-number/g15/candidates/d/index.ts	884	d470a62a45016edb77bbd9bc6ee23ee61e40c610cb6df5911019a9f866b63137
mirror/cells/syntax-consume-number/g15/candidates/h/index.ts	553	b78dfcd5194ec2480d4ce480417555fffb10788e9ea0cdef1fa4d778af901a0f
mirror/cells/syntax-consume-number/g15/candidates/s/index.ts	2238	a512bf454bac1fce922b80a9516876a0f88857f5f3a8cdfeaaf3ae3f9b09b169
mirror/cells/syntax-consume-number/g15/feature.json	3925	a88dc7dfb1d452d8bcf103d359cd058722db7ad93ed598622f6e1cfc8d5b3a58
mirror/cells/syntax-consume-number/g15/holdout-ciphertext.b64	362131	5ff5a6b3f6bd9586711ec82a8f61a155ceeced7ac499a82bb6f9d08ba6c40ffe
mirror/cells/syntax-consume-number/g15/holdout-evaluator.mts	32095	81e91458842749407d82043b9d93cd7cc1ad8a94c2d11be3a0d371ceca127e09
mirror/cells/syntax-consume-number/g15/holdout-evidence.json	16806	b06c6345fe88149eb5cb90ff38a617dc08d5b26e8ae081ddfe80b9178322c63c
mirror/cells/syntax-consume-number/g15/holdout-receipt.json	4249	2ee93b9a8d239c9ecd6bd27762b826da69231a0bbb1b3f5def3fb7679b00dd1d
mirror/cells/syntax-consume-number/g15/optimization/h2/holdout-supplement.json	6327	5a702de87a671a579cbfb5808bf53bafb178d6ba85f8c5ac5a2d9dc5809bfffb
mirror/cells/syntax-consume-number/g15/optimization/h2/index.ts	560	8c3ac689f2e24635216ac0499f23166996ac0136e0b6876e82a8da4f75eb95aa
mirror/cells/syntax-consume-number/g15/optimization/h3/index.ts	646	f800f3c3c9ee0c1857e454e777a2896abef5c76062f871a36412818eb17f0161
mirror/cells/syntax-consume-number/g15/optimization/h4/index.ts	635	96428f8689e9406d5e1ec0df74939ff760fc2f522e196053e7a1c282c752d592
mirror/cells/syntax-consume-number/g15/reviews/skeptic-1.md	7912	acc34b77e1034ef7141a72528ec000a6d985dfee50015d1f65014a2bc4338fce
mirror/cells/syntax-consume-number/g15/reviews/skeptic-2.md	9559	17cbdc0c9af7fbc4220143de6f34b9a32130c69993a98861dea2ce183c898543
mirror/cells/syntax-consume-number/g15/reviews/skeptic-3.md	9517	78de146bf6eab1026c9b32107b7be3cf7f32b83a0f2f18d15a62ea8c942ce3e9
mirror/cells/syntax-consume-number/g15/reviews/skeptic-4.md	10514	35df157ef617478d84d73c1f3406126e42e9c5c4b2326f6ab27883fb474ecd24
mirror/cells/syntax-consume-number/g15/reviews/skeptic-5b.md	10041	6822c9efcc588e803216eec5f339f8b16b962c95c18e2cbcf02664414d02e053
mirror/cells/syntax-consume-number/g15/skeptic-subject.json	3295	4df4f41e519ef162110a8e13cdc87c4dc2f7a9d8cec454c110ef91c755f6c449
mirror/cells/syntax-consume-number/g15/synthesis-set.json	1650	bb1405494c35b7de29f41549d4cd5a98a5f8c5336dfba58508089a11822763dc
mirror/cells/syntax-consume-number/g16/ROOT-DISPOSITION.md	2621	4f8715c0d85d284bfdde6070d7fbf4cb97a6f7f0588ce3f9d9bea50cc3e63c6d
mirror/cells/syntax-consume-number/g16/acceptance.json	2470	a1e1a44d0f9141fc14379725bda3ffbf2da4446f2c33680c686add3e9a75aa87
mirror/cells/syntax-consume-number/g16/bench/README.md	2584	cb77506c4fcdfa633ceca93fcca303dddc958cb0b91435bb3dfe341da8752661
mirror/cells/syntax-consume-number/g16/bench/benchmark-evidence.schema.json	1154	e07b83d9f5d344cde2c62c554c4f6a92d832cab452615ba61630cd34c500e880
mirror/cells/syntax-consume-number/g16/bench/benchmark-manifest.json	8345	f9ef032d101a74e4493f0e529ffe26244e35f6e9b49c18998ecb4a83438ca9a1
mirror/cells/syntax-consume-number/g16/bench/benchmark.mts	42773	bd46893f1ddfa628a258f9f0c953227b1d0513f28643a75c13977f49815a74c3
mirror/cells/syntax-consume-number/g16/bench/corpus.json	10641	084d40cceed3cce481e23cbac1ca288c2af2899fad515dc948115c0aed9fd46b
mirror/cells/syntax-consume-number/g16/bench/evidence/README.md	308	5bb2b8669e3f41fe677342bdb1fccddd547ffb1305251ebdd1e06f8aebeb1dba
mirror/cells/syntax-consume-number/g16/bench/evidence/correctness.json	586	0196d9a361bea3bc43fa370f64c7354c739e2c99e1f3e73853d71a712794c22f
mirror/cells/syntax-consume-number/g16/bench/evidence/raw-first-attempt.ndjson	250611	372fef4094e34b1b78d9ab8e48fcf36bcda7557f2e8ba54cac637c222de11e54
mirror/cells/syntax-consume-number/g16/bench/evidence/result.json	3501	738ee94837e1747dd13116b76f5f7812838a3dc3dfb75c1bec5a7a77ad456bb4
mirror/cells/syntax-consume-number/g16/bench/tsconfig.json	426	14260fd95eaa8f017a20df83a5ef4d8ec1082ccaa403d73877ab16dd63fec51d
mirror/cells/syntax-consume-number/g16/correction/architecture-selection.json	3750	7373c68757ee787948e807cbc95ee764e4d891e6acf8f297d33a99ff8e497ce7
mirror/cells/syntax-consume-number/g16/correction/benchmark-erratum.json	1788	54f1b3eaadd7198e22bc6d3ef9b0d8211933069efe0b179cec49906938a9f323
mirror/cells/syntax-consume-number/g16/correctness/evidence.json	3049	4eac6a187ef7f615152f364ff52e33ecaa2890c3595313fd6f40ae3714cd13d8
mirror/cells/syntax-consume-number/g16/correctness/holdout-replay.mts	40700	40e8dd24170fd4dd70f6df9692380d099d317fc220e99499cf92f9b3569ff93e
mirror/cells/syntax-consume-number/g16/correctness/tsconfig.json	169	ed9b46dd1a2b36c2e01b96ac82b3c056825d3b6cd15b6fc9ae719ba9b2d2883b
mirror/cells/syntax-consume-number/g16/integration-evidence.json	1992	82cbf9e39f38ec7e571869dc203736cceef7a0968228c7b79478586991ce6c2b
mirror/cells/syntax-consume-number/g16/preflight/audit-a.md	5711	b6db2f38ad15f47cf93409490d8a3d45f742ebb30882b67fc250b00bc0c13572
mirror/cells/syntax-consume-number/g16/preflight/audit-a2.md	5759	88ddf86db6e36667db5785af3b7be75db82264af18cb125dcb2095a1b65ea67e
mirror/cells/syntax-consume-number/g16/preflight/audit-b.md	7351	58703115a10150524487b3ebdc86c081f0660c78b72b1d51eefadaad570e55d4
mirror/cells/syntax-consume-number/g16/preflight/audit-b2.md	7067	58055615b7bcd7e5df110f30c5d857a4caaf3e69d86c75b7af609a0842a96e58
mirror/cells/syntax-consume-number/g16/reviews/skeptic-1.md	8598	fbff0517f88efca8db807466d807ce74099723b052b593504db67b5918b4d5d8
mirror/cells/syntax-consume-number/g16/reviews/skeptic-2.md	6252	cf745e13cd2d4864d170e313b66f990bed3257f4c2bd2e3138215fa3578b95b0
mirror/cells/syntax-consume-number/g16/reviews/skeptic-3.md	8475	562abfcfb30de1c551ac9dfd5b934f1286ec9fda39bd9798d0ccf74f025e0d9f
mirror/cells/syntax-consume-number/g16/reviews/skeptic-4.md	12211	c3ef7207cb7c4bc645bf24a8b2692066f6773d97116201307e87431bc6f41e8b
mirror/cells/syntax-consume-number/g16/reviews/skeptic-5.md	7244	d981045df9422a79705414ee66a5bb02ef5f90890a1915d9c5d377a5b7d367a7
mirror/cells/syntax-consume-number/g16/reviews/v2-1.md	9522	7c745c81b132206477d4ec977f2fb423e2c6c9e23dff876c452702eaf05d7444
mirror/cells/syntax-consume-number/g16/reviews/v2-2.md	5908	1aca79a5c466f0904dcf559921b36373f39ce9c411037df429dd117f254cb5bb
mirror/cells/syntax-consume-number/g16/reviews/v2-3.md	5188	3ccf3d16aa71dc2f0d4cdfb7d52c817b66adb910094f018803aea554fc0ece26
mirror/cells/syntax-consume-number/g16/reviews/v2-4.md	6450	f4dc9dbc5f8e2db1f1c445bb8340f99b78cee2a373e67df4959717147bbc7286
mirror/cells/syntax-consume-number/g16/reviews/v2-5.md	7528	b76c6164362849866205fbee64a2357299ae95a387f935a718606190dfd4ab65
mirror/cells/syntax-consume-number/g16/selection.json	1745	79ab20d533e0892876c882907b08c5b0385d13c0a1f38825716d55fa3cef19e7
mirror/cells/syntax-consume-number/g16/skeptic-subject-v2.json	3606	9747e051bc0f34fbe354dac311bba2e9322f4a2ca9f4d670a1548b49f0bcc749
mirror/cells/syntax-consume-number/g16/skeptic-subject.json	3044	e97b1786ffd5a7046d64e80fd39a3e88143e38a99626780b1b9973e187f975fc
mirror/cells/syntax-consume-number/g16/synthesis-subject.json	3293	062bbafc1f2e8445fa6a84b6e56594c9425388b4c18a5f75887f5b2e8467d58a
mirror/cells/syntax-consume-number/g16/synthesis/architecture.md	4401	16c92b1afc274ac487d71adbd8817ce010da3c1db5136428e8c687dc821b0ffc
mirror/cells/syntax-consume-number/g16/synthesis/performance-gestalt.md	6738	cc70435f2bbf1795b4c584b5cc39cfdba5d9e1439e77396b87da52c585490fa0
mirror/cells/syntax-consume-number/g16/synthesis/semantic.md	5668	16ac0f739bf02bb529e0e49dabc4eba2a1969c3c71fc3bfa1bbf19f6d6831569
mirror/cells/syntax-consume-number/g2/benchmark-protocol.json	2249	aae13c726871fbbf8cd103307f2906a5736c47196cf25edb9662f304f712b846
mirror/cells/syntax-consume-number/g2/contract.ts	1740	71693f18f033adfe31cd5b564dedd9dc2a3c7c792fa2f021e95eef302dd63c6f
mirror/cells/syntax-consume-number/g2/feature-public.json	7432	f2669394be758d484f8ed8397a0070873f62f30e323674ff6c88a73f012de268
mirror/cells/syntax-consume-number/g2/fixtures/public-cases.json	5213	900654022529f7207d4fb2421ba86bc27a02c2b24a029508becb7e44c7770232
mirror/cells/syntax-consume-number/g2/formation-receipt.json	6506	f3e5a6c708129d8578364245d5c5da098def327533b89d431d7106e14cca1b67
mirror/cells/syntax-consume-number/g2/harness.ts	11961	61f96c0f117a56a6e806a28fb69daa2c12d4ceb48e7a5980a387071f79684ecc
mirror/cells/syntax-consume-number/g2/holdout-destruction.json	2072	350e21848aed779e6c46f0057f1636fced97c243b01c7a3ba18b221c2923caf2
mirror/cells/syntax-consume-number/g2/holdout-receipt.json	4854	bb6a4b9a5a57ba43cc7fb4ed6ceb2f9566e1928b768194bf620f026b94429380
mirror/cells/syntax-consume-number/g2/parse-that-package.ledger	5665	6fa2142d1bcfcd2f3fc5bcba8fd49ff7a61801b7e189e8cec0f8b4ea808d5d7d
mirror/cells/syntax-consume-number/g2/promotion-protocol.json	2417	9358ee58e341c07c5a687eed4ff8f2564c701ce8b138941adbb7a115a9f2f81a
mirror/cells/syntax-consume-number/g2/promotion-verifier.mjs	23539	c6c0513e6bdc7dc8620bedbb821f62c940aaca727fcbd59831d4f9b49e5eabc4
mirror/cells/syntax-consume-number/g2/rejection.json	2369	00fbcdb9e543a0df3f140580313150e718c953b111fbfdfb3f4e0b3942163e89
mirror/cells/syntax-consume-number/g2/reviews/challenge-a-specification.md	11880	7e555146be8158ec9ba1c3c67b3fb9d6bc4546116e73470a22ff4364e2f97e48
mirror/cells/syntax-consume-number/g2/reviews/challenge-b-architecture.md	12361	26f5b9ca277a4c7c7eb89e36a444f74fc2729a28e1dc98a60f8e60282d643007
mirror/cells/syntax-consume-number/g2/root-gestalt.md	4820	d8ad7e04f5a37797b2bac6c1c0ec6f32ca1292939249428a32b692487385f1ec
mirror/cells/syntax-consume-number/g2/typescript-package.ledger	12054	3a08d88df997493df6c0dc751d81e52377f155defada21c1a0a7d4d0df048f47
mirror/cells/syntax-consume-number/g3/author-admission-protocol.json	5343	1fb2f4c510e576571c2f786d6f7b33dfdd6340bde86ad4baef84cdeae040e23d
mirror/cells/syntax-consume-number/g3/author-admission-validator.mjs	35316	14524bfaa0afccfb4a02f9152049e74b108ddee2ba701392714208c18378f071
mirror/cells/syntax-consume-number/g3/benchmark-receipt.schema.json	8207	b960bac7857e6e7aaf0ae7e52ebe6035a135a14ee578c37ef83aa30a0a0e6dfb
mirror/cells/syntax-consume-number/g3/benchmark-runner.mjs	18274	2c014fdc98388cde91d171161d76f1f968552b0ad173e87b4c0123f235745d31
mirror/cells/syntax-consume-number/g3/contract.ts	1740	81f1baa47137d3e1a7cdb5b0c589af14e9a1a10a94cb32e047b8ed2b4201141f
mirror/cells/syntax-consume-number/g3/feature-public.json	10499	7b8fb47b480c215edbd2cb8900edc520f6ab572010e5da91e949a1c16bd8b89c
mirror/cells/syntax-consume-number/g3/fixtures/public-cases.json	5213	0fa682a7b4d103aa99f4a5e9dffedff0ae91418ae747b8fe4401b2185abc74a6
mirror/cells/syntax-consume-number/g3/formation-receipt.json	7148	bcf360cad50ce4e0f05c5bec301b73be3711dc44dcebc54f409526207bc5de0d
mirror/cells/syntax-consume-number/g3/harness.ts	12797	557bad5b92e8e3cf914848e3601dcabce43f571b0d5043c4437b497c5eb86fa0
mirror/cells/syntax-consume-number/g3/parse-that-package.ledger	5665	6fa2142d1bcfcd2f3fc5bcba8fd49ff7a61801b7e189e8cec0f8b4ea808d5d7d
mirror/cells/syntax-consume-number/g3/proof-inputs.ledger	539	247192938b2f578c6fb6ace195dfb1d55b581a2c92374eb4ef386c450c9a20e1
mirror/cells/syntax-consume-number/g3/rejection.json	1719	b515f4924f80db42829907f43a1f37eb6c878c794d8f5c929a0722b1a9867085
mirror/cells/syntax-consume-number/g3/typescript-package.ledger	12054	3a08d88df997493df6c0dc751d81e52377f155defada21c1a0a7d4d0df048f47
mirror/cells/syntax-consume-number/g4/author-admission-protocol.json	6069	cfc6ba5a7c741985049652e29a87983575c5980166c1959a93925379128b98b1
mirror/cells/syntax-consume-number/g4/author-admission-validator.mjs	36635	5b02c15e167f38fb438ef48c4f54e593f3c8e42142e2769767d325b32bdb3f10
mirror/cells/syntax-consume-number/g4/benchmark-receipt.schema.json	8207	3484825b01d84713981abfb4313b5dd4ef1862ffd9c20167a45f370476fbd33d
mirror/cells/syntax-consume-number/g4/benchmark-runner.mjs	18274	6a384b6b667f1eb5d453ba677411adc134c90516c55216ad34d3a1a40e280bff
mirror/cells/syntax-consume-number/g4/contract.ts	1740	acac6b9401efd7ab3d2153af8dc168db7bcce92541013d65bf37313927ab04c1
mirror/cells/syntax-consume-number/g4/feature-public.json	11186	59b2b18bb8ae8cf25407f6c39b0075b8827f25d0fddffae2433670a67cf06c04
mirror/cells/syntax-consume-number/g4/fixtures/public-cases.json	5213	e2b3e03ef37189b8a1e40c218c96348303a34bc1c0f261647bbeb9d6026caa66
mirror/cells/syntax-consume-number/g4/formation-receipt.json	5885	4a9a6b989f5797a8d7d233c6456dd9ca13ee55be27b06bbad6a6ddcd5c8182af
mirror/cells/syntax-consume-number/g4/harness.ts	12797	895356f6d8581e4ae84e4aadef03b22d14f850859e90d84252dde43b2b59be20
mirror/cells/syntax-consume-number/g4/parse-that-package.ledger	5665	6fa2142d1bcfcd2f3fc5bcba8fd49ff7a61801b7e189e8cec0f8b4ea808d5d7d
mirror/cells/syntax-consume-number/g4/proof-inputs.ledger	539	247192938b2f578c6fb6ace195dfb1d55b581a2c92374eb4ef386c450c9a20e1
mirror/cells/syntax-consume-number/g4/rejection.json	1235	fb9f537f283f89587b8b6f45d28f5a9f56a22d1e5a0f80a37e6006af42c3f217
mirror/cells/syntax-consume-number/g4/typescript-package.ledger	12054	3a08d88df997493df6c0dc751d81e52377f155defada21c1a0a7d4d0df048f47
mirror/cells/syntax-consume-number/g5/author-admission-protocol.json	6528	346541456cac4c2fd8c60e91d1e8e623043a4aec45d7a82c84381e19a0c812f8
mirror/cells/syntax-consume-number/g5/author-admission-validator.mjs	39605	83473bf5bfa7e98ff38ba779f6faa710ef21e1de3eddfa726aa6c3e3895c8b7b
mirror/cells/syntax-consume-number/g5/authorities/css-syntax-3.Overview.bs	144427	3f129d17407f9bd027291bcfb8015beb86fc229bf5efe505b49ec2dc30be4390
mirror/cells/syntax-consume-number/g5/authorities/css-values-4.Overview.bs	230907	7051146f8adf0b8c0e9243dd75dab39f18efe3e0905d86afb8abd43fe58d45bc
mirror/cells/syntax-consume-number/g5/benchmark-receipt.schema.json	8207	821be7a472a626d6be6d76f812a0e0890df848c9efaac0a05a002e19e63fb91d
mirror/cells/syntax-consume-number/g5/benchmark-runner.mjs	18274	a339be4caa600de623c078811fc305d422a3a3e5e3bc3c8202143b1445001ab3
mirror/cells/syntax-consume-number/g5/contract.ts	1740	2ad6a53493e4fda84409aed74845102fed178d73daa6150ad574fb7ec35a7966
mirror/cells/syntax-consume-number/g5/feature-public.json	11210	7404bd80e67e30ac7f1e6a952c60ffcf2bc6147e4fa3ebb58d1b8cfe8221c58c
mirror/cells/syntax-consume-number/g5/fixtures/public-cases.json	5213	65006f3ed05ac6db0554deb21e7cf6ef0f2096dc524a7924d9bd3e0857f90cf3
mirror/cells/syntax-consume-number/g5/formation-receipt.json	4837	07794e3eb427457745f32c48d75dff2e8c8e2eaa90adf0572d77e7414ce21dd3
mirror/cells/syntax-consume-number/g5/harness.ts	12797	9e20d1f8519767fb619163e29583f3eb7c5bb6d56e240fce1d2fec1cf10eccc3
mirror/cells/syntax-consume-number/g5/holdout-ciphertext.b64	111971	a520fdea071354a76fcd689966b706e459479f4807148f6c2c80fa0d30ccc212
mirror/cells/syntax-consume-number/g5/holdout-destruction.json	3383	79d4fca13fc1a40b7221683e89f9b698429d86ac92fd56b27b920837cc3de0aa
mirror/cells/syntax-consume-number/g5/holdout-receipt.json	7992	e5d29b7e99595de8594eb9142ce5e5e542ecd4e1c570c41f841c448a9721f700
mirror/cells/syntax-consume-number/g5/parse-that-package.ledger	5665	6fa2142d1bcfcd2f3fc5bcba8fd49ff7a61801b7e189e8cec0f8b4ea808d5d7d
mirror/cells/syntax-consume-number/g5/proof-inputs.ledger	539	247192938b2f578c6fb6ace195dfb1d55b581a2c92374eb4ef386c450c9a20e1
mirror/cells/syntax-consume-number/g5/rejection.json	5317	0036b7f2133776c6f38d4040d354b1ba683e8ed759fda3d7d7849d6b9d1a69ca
mirror/cells/syntax-consume-number/g5/reviews/challenge-a.json	17104	de70a7419ff58910bd6a706cd8b629f61acaf978c1a2d3a408d517d19e496809
mirror/cells/syntax-consume-number/g5/reviews/challenge-b.json	12714	07ba39718983d9d41eec2642b307ea10d3ebd1b5f59abacfb1f01b713c6bca4a
mirror/cells/syntax-consume-number/g5/root-gestalt.json	12466	1df1ba45ca725d24c8f88cb7bba5dfd8084741bb8286b9c43fef7e8cb97192e6
mirror/cells/syntax-consume-number/g5/typescript-package.ledger	12054	3a08d88df997493df6c0dc751d81e52377f155defada21c1a0a7d4d0df048f47
mirror/cells/syntax-consume-number/g6/author-admission-protocol.json	4160	41da5dc163e30768176d0f1b9ed957151fb41953a0103cf762de2c8cb2d61984
mirror/cells/syntax-consume-number/g6/author-admission-validator.mjs	62092	e59d66ffd8ed2f9333566ad75dfdc5ab877767098784bd373b02f455f19c8eeb
mirror/cells/syntax-consume-number/g6/author-receipt.schema.json	3225	752ce7201aed1434507a46a0bdc3b013eba9ea6fd9253d772780e58ff520d8ec
mirror/cells/syntax-consume-number/g6/benchmark-receipt.schema.json	4436	96d239b12d1a468a5a3278d4117fa2cf339232dbf0fa2e5d0844d167f6c2e063
mirror/cells/syntax-consume-number/g6/benchmark-run-manifest.schema.json	5442	15db2976c4f3940ef572252b0e849b9e06d51e80b5955256208ee23aa20a8478
mirror/cells/syntax-consume-number/g6/benchmark-validator.mjs	27374	3f5e4fe8977cd43ef9b32cff7a2e4c29e42b27b552cfb00796fd3761fe26bba9
mirror/cells/syntax-consume-number/g6/boundary-review.schema.json	7381	1d555bb2acb4aa99bfa4987aefae458331dc2420db85e49642a51bf966b3e46d
mirror/cells/syntax-consume-number/g6/contract.ts	2411	5ab9f370371e93fe13770a5b4b172f6261186028e37624428dee25562f8fb4a8
mirror/cells/syntax-consume-number/g6/feature-row.json	6718	516027bdd8a2650957105813f31fc7f0acb12127b6eed50a12c99a7c11b8df86
mirror/cells/syntax-consume-number/g6/fixtures/g6-controls.json	726	25f3f3d33bc7b2590cd5a18a4c2541981a8ed341b556eecfb5da1e39eafb14c4
mirror/cells/syntax-consume-number/g6/formation-receipt.json	5680	41601fe8a14eaab1dd550148f269f114ca7ddbf1978f3644365e90f913d6d0be
mirror/cells/syntax-consume-number/g6/harness.ts	16547	e89cc646f7d17d481c446c4b5450aa05912dffb58825771d743291ae80e7da9b
mirror/cells/syntax-consume-number/g6/holdout-receipt.schema.json	4664	021724b20e78de4a46c0de9d82b5b74a99db9f46333684040f4d96ec3ff1134c
mirror/cells/syntax-consume-number/g6/lineage.json	3724	303768d9829b47ec0c32c14516eaa264cc6fecfd204c75f9a353759c2d121d68
mirror/cells/syntax-consume-number/g6/pre-author-receipt.schema.json	2028	fe69b27df7a03b9395e92a36fc5caffc37ebbc9344715d796a1872c1564fd124
mirror/cells/syntax-consume-number/g6/rejection.json	4057	5e24fdeaabc5e9df08ed866eb6a8420de439ce6fb52175dd5d99bcaa00f41bf2
mirror/cells/syntax-consume-number/g6/root-gestalt.schema.json	5235	c5c14cde263e7a26c57057a1d5f0ca62deb4e71af6404158401c6261a7a0c19c
mirror/cells/syntax-consume-number/g7/author-admission-protocol.json	4160	8535c0eff35c7f7a8bbe99df22135c126c342078848c11f315482bd59bfce451
mirror/cells/syntax-consume-number/g7/author-admission-validator.mjs	69430	f09a000d5f0a8252c84a0e4b1772dcf828a7139eb9961a3c973107a7f077200d
mirror/cells/syntax-consume-number/g7/author-receipt.schema.json	3225	ee7284f1eb8ef58b76eceddcce55d8b23df62253323f43be38bc2cb0fa20fc7d
mirror/cells/syntax-consume-number/g7/authorities/historical-utils.ts	7656	73e6a9731c802be86ac0230f32062f1075d344f6143715786eb1d9b8fe0f28e4
mirror/cells/syntax-consume-number/g7/benchmark-receipt.schema.json	4436	6fb6a1bef2827947bb2d17af63bcf4b55ad1fecae9d4525ec8b38851c0838f43
mirror/cells/syntax-consume-number/g7/benchmark-run-manifest.schema.json	5442	1918e2b125a418d81daa99c9664e384788ae39f4a6506559e3b0b96e77168e3e
mirror/cells/syntax-consume-number/g7/benchmark-validator.mjs	27374	4d065d20f38104aa741646c2b3a602b7a7b4b5a55dd12aafa1f5bef782ecd3c8
mirror/cells/syntax-consume-number/g7/boundary-review.schema.json	7381	60e721bbabed2143fd516f24f0922c6b0fc96f287771210a36ca060c756003ac
mirror/cells/syntax-consume-number/g7/contract.ts	2411	12db0b8a89dfcf1a93a7b4b0e97f088cd8b617588bbc5a0620884e55c6ffc10b
mirror/cells/syntax-consume-number/g7/feature-row.json	6637	6ac864f25cbf1f0c4788e66d489313e42862dc5c0427b43bb4cabf3ec54d3c96
mirror/cells/syntax-consume-number/g7/fixtures/g7-controls.json	726	86b5ade2c88b420f372b114579cb437e66977b37f62eb3ce2875e148f6945022
mirror/cells/syntax-consume-number/g7/formation-receipt.json	6565	171516646086aea8d87d578b3a411c46c013b157173e7a62db1a26d6ac0d3cf0
mirror/cells/syntax-consume-number/g7/harness.ts	16547	fc66d47f70b0500d57232e4d1a934b08b14f56aa82d686ae607f59ad8a688cf5
mirror/cells/syntax-consume-number/g7/holdout-ciphertext.b64	129225	019e72116bdd5f3f216b7a42d8d9638ab666c6c5c8fc5ca880930ff8dd8d61b3
mirror/cells/syntax-consume-number/g7/holdout-destruction.json	5166	e946ce86e6342d8d5d362664282fa393608f4b93af87cee196d563f770e26a66
mirror/cells/syntax-consume-number/g7/holdout-receipt.json	2363	6b861aa822815600147003ca354c1b38f9ed8a20d8540f6f77aead8d4cb1f1d2
mirror/cells/syntax-consume-number/g7/holdout-receipt.schema.json	4664	fb9258cff513bb8582422d8d9f84a12ba85a11d97ef9b0b445e69ddc60ae171f
mirror/cells/syntax-consume-number/g7/lineage.json	5239	70547f84e16a6ad3cce672503d1a141d5124f91bb982bda3be2026c28416fad6
mirror/cells/syntax-consume-number/g7/manifest.json	878	4a1b7096fb48a69240b66a2b9a4fb42a1707f71b5d0e0af0dcf50d8bf6c43422
mirror/cells/syntax-consume-number/g7/pre-author-receipt.schema.json	2028	ac25a7f0349c4d4268ad9105c9334f8529114f118cafe8e1034517e19dad9911
mirror/cells/syntax-consume-number/g7/rejection.json	3979	26c964c3ac29bba9f9741aa89cc4208be793edfdd15ac4ddf68963c50f4d63f3
mirror/cells/syntax-consume-number/g7/reviews/challenge-a.json	24077	5f1dcc96532b882fff0bcb40fd7af17cc694ada778b09a052cc6f6293420d6c8
mirror/cells/syntax-consume-number/g7/reviews/challenge-b.json	13444	b7fe735c15b4cea1e81ef80d5ea07900d12f1b36af016002eb90bf0aad0501d8
mirror/cells/syntax-consume-number/g7/root-gestalt.json	5406	986f3890522361536b25bb7c283e80323b924bce680eb85e7df8a444d67b2d82
mirror/cells/syntax-consume-number/g7/root-gestalt.schema.json	5235	e0fe2aebb61e3c57d42d74b905d2767e3be0cf68238b0a6413ab82892f261b3c
mirror/cells/syntax-consume-number/g8/adjudicator-receipt.schema.json	2070	fbfa37f0c555977b0adaa48b3b3f2d74be57bd2e9a3a80a4003d4bc8aa79ba87
mirror/cells/syntax-consume-number/g8/author-admission-protocol.json	5504	cc5b3e78ceb703bd5993f5a52f3ea6e71eda67a3f1550f964b24459c58f99191
mirror/cells/syntax-consume-number/g8/author-receipt.schema.json	2990	c6f070ab1c70ca8ae58f43408210b4568c3ec4e40fce9bce9ee91051224a86ff
mirror/cells/syntax-consume-number/g8/benchmark-attempt.schema.json	1356	37e6b98cf9e5811cc7995598aa323cba584f01afafae5b46561c0002c0980037
mirror/cells/syntax-consume-number/g8/benchmark-evidence-root.schema.json	1262	22af67ee6c58744927bd1771b047f300528de57369ccdd179986910e71b781a0
mirror/cells/syntax-consume-number/g8/benchmark-validator.mjs	16488	10d397e7fd3bbd4373d58e58b8b62ed758d73b3f43a1ddd6e01c856cce00f260
mirror/cells/syntax-consume-number/g8/boundary-manifest.schema.json	1154	88a4cf0cf17ae5bcde2a1d50c019f7912aedc48581c74d76546cfe9a94690944
mirror/cells/syntax-consume-number/g8/boundary-review.schema.json	1974	e5d45d3c7e623cb6a8edc2a68d53afa7ed7d8bdda2845d3f266478e3e90c856f
mirror/cells/syntax-consume-number/g8/candidate-set.schema.json	1834	ecbfd8f9661a1ef3ed5f009b92c73a2f0195b350614628a2b63458481bdfbcf0
mirror/cells/syntax-consume-number/g8/common-law.json	2581	31d6477455e31a1b5af6af1a976080f1e53919b735438a4abae027ff1563e32a
mirror/cells/syntax-consume-number/g8/contract.ts	2725	7dec8367db6040150e8be4e31eb762e2c5927c1b86e7d54671277545ddf2f73d
mirror/cells/syntax-consume-number/g8/feature-row.json	5329	558dabbd0c8b9a22346d04be0b8dc759321cfc3d9dd08bb193b7b4e90acb8958
mirror/cells/syntax-consume-number/g8/fixtures/four-seat-satisfiable.json	5253	f58af0d672eb76ca41a043ba1aa8e0d41a1d1c922b74d9338a71802f5cf1dcaf
mirror/cells/syntax-consume-number/g8/fixtures/g8-controls.json	888	3a9e47f7bff1e08f3ba2cd8d7c3aef6dd3fef06de77d049f6d38bea949d27d82
mirror/cells/syntax-consume-number/g8/fixtures/pre-author-missing-review.json	1755	7f398d3d841838a98166f08198baa135544aa53fb4da292927fe66c9f0627d09
mirror/cells/syntax-consume-number/g8/formation-receipt.json	9872	ad53112eb32e7f9d918aa928215e1f8f6bffb2745589dfd6f21977bc71c6f0ba
mirror/cells/syntax-consume-number/g8/formation-validator.mjs	43852	5ab1d6d34e841b5159285a7f544e018f879fff35842ad2668e0f51f210e1f018
mirror/cells/syntax-consume-number/g8/harness.ts	18556	5a5f9a440f0d2df0f1bdeced756b304224b33e8c794cecc4ef830bef74226864
mirror/cells/syntax-consume-number/g8/holdout-ciphertext.b64	287609	bba30de346a637ba718334606153e1ce47325fa623daf21cef34bb978eff9319
mirror/cells/syntax-consume-number/g8/holdout-destruction.json	5827	30862497e808cfc0795f73f80c98c8f2788e98e8b54d48f94369f19653d3dece
mirror/cells/syntax-consume-number/g8/holdout-receipt.json	5651	bbb1c02e327eda8f3cc17073bb752c82fd8bd8f2b7d742333248bb5d75a073a9
mirror/cells/syntax-consume-number/g8/holdout-receipt.schema.json	5954	97f35d52bae6142cbad427679e91cba61c119453d200d937c5f4d2abde36dc77
mirror/cells/syntax-consume-number/g8/owner-law-validator.mjs	51646	d6f7bd556ffd2b55761526eea91e93943bc347097a401013fd8ecbe7cf30ace0
mirror/cells/syntax-consume-number/g8/pre-author-receipt.schema.json	1404	ce1a1457ca7c5380a119ac3870e90b36aba3ae22dab6bee233c904ecf1475b8f
mirror/cells/syntax-consume-number/g8/rejection.json	4310	2b4c7d38a48a4d850f5dd9fde2e3ab821404675c5155ad103c601bccdc524b24
mirror/cells/syntax-consume-number/g8/review-evidence-root.schema.json	1220	16b066bd95c088117d0d66045b03bf7c5de9ddcc0528012fd55c3e8fc02b908d
mirror/cells/syntax-consume-number/g8/reviews/challenge-a.json	9079	34d9293325b088346a159867e59663c78cc68ff576cd24c5da369faa36644118
mirror/cells/syntax-consume-number/g8/reviews/challenge-b.json	11375	2f6ce247be13d93c9fa780dd762ea684d88ec7c08dc46bada019ff3ae69daa21
mirror/cells/syntax-consume-number/g8/root-gestalt.json	3419	3a0a048d8b5e1466de7fb2339529022ac184782f5b9dc0e07e5de64c29f52da1
mirror/cells/syntax-consume-number/g8/root-gestalt.schema.json	2146	985c3cf227444f9e73688f051e4c2739778e095fec1c14161d6806d4b9396649
mirror/cells/syntax-consume-number/g8/seat-delivery-manifest.schema.json	1702	e516a9dbb08f03cd21def02dfeb4e0bffa79d2b7905c74f9ce95ba5d11dbdd42
mirror/cells/syntax-consume-number/g8/seat-packets/b.json	744	62d8eccc8618d446427fc1c0410c3cc5a0958b5520427dc4f34c1f409845818e
mirror/cells/syntax-consume-number/g8/seat-packets/d.json	887	92d3d722ec48367645ef2f75654d84864d21f4d3852c83970b24ff6b0c15a32f
mirror/cells/syntax-consume-number/g8/seat-packets/h.json	1035	8575d33fb4d03df7e78349b6d166bf44e0e0666e5b2ea0cb68f1f01f3e046814
mirror/cells/syntax-consume-number/g8/seat-packets/s.json	969	8b281f7cc6d85f08bb6b1774c3e86a52ae684df4c2589ec567df94761154831b
mirror/cells/syntax-consume-number/g8/skeptic-receipt.schema.json	2928	82027589f802969ef3e6e4e5d53043ca7c6fdfe50040b9e5b788df14250c7a71
mirror/cells/syntax-consume-number/g9/admission-validator.mjs	30798	f8a00dc67637ab968a00480f6c3a3bcede6b50adb0bc4186fca345b235d697cb
mirror/cells/syntax-consume-number/g9/feature-contract.json	3945	92cc3f90352c2e6250f16d93587ebfd74f51d2878fd5e8fdf312035b60514a1a
mirror/cells/syntax-consume-number/g9/formation-receipt.json	3562	21991b481df84081f105581bcbb80ff49f98e1688b080046a33e6688047e353a
mirror/cells/syntax-consume-number/g9/holdout-ciphertext.b64	181721	44abeb756059679db7fc09554c4ac159abee8ed625cf5f96f204d7a01dedb4c6
mirror/cells/syntax-consume-number/g9/holdout-destruction.json	7748	32dab18505059a4dd73005f3695ab6aaa054f2baee30e964bcabdfb35be2eada
mirror/cells/syntax-consume-number/g9/holdout-receipt.json	2368	c9006ca78471593933f1c8a14b38d19b63b04c0182c8a5fae2dea0c7fd359144
mirror/cells/syntax-consume-number/g9/protocol.json	2501	31cb95bc9c16767cf584453a97a6f217b67e71700e85fd80d5caeb03024d4496
mirror/cells/syntax-consume-number/g9/rejection.json	2510	5c0a532b45a3f44c59f28a4fea5e058dadeea19a3d9608fd6d5632b442e90ae4
mirror/cells/syntax-consume-number/g9/reviewed-subject.json	944	c7704187954057b5fa7f566f60324c9a908e5b94e7128d793945b80d54852ade
mirror/cells/syntax-consume-number/g9/reviews/challenge-a.json	9094	b9f97284fff79c313c583bd8beae0b4abd6a02cbe86e53365ede1edc6882924d
mirror/cells/syntax-consume-number/g9/reviews/challenge-b.json	10487	885859d8cc1d72f27669a153572dc6df5cc7a36f10b7d43b97d8f9e6ebde39f5
mirror/cells/syntax-consume-number/g9/root-gestalt.json	4619	84a1826fac44505ba2ae3fbcc918b7684b0e94104b5d05421c1b385f4df1e412
mirror/cells/syntax-consume-number/g9/seat-packets/b.json	620	93d5b9cbb79fb3a4a7005fa7bf3179d2039bd3005b37617a2d6e4ed21ad68916
mirror/cells/syntax-consume-number/g9/seat-packets/d.json	705	4ecacaad93c3914bc7e981dc43562d777882e983c17e1ded7c78d103c94b72d0
mirror/cells/syntax-consume-number/g9/seat-packets/h.json	556	0fad6c8846af8c487d45ff7d3b3355c8cd2a0a35ad9cf926596af3dc671b7b14
mirror/cells/syntax-consume-number/g9/seat-packets/s.json	606	ed4244f51a3b5a0ab2b18151fbfc0f871037395737c8f23c9b99d15c69bdc72a
mirror/cells/syntax-number-start/contract.ts	1135	091ee01e5b12e3701a3b5240fcdea2f912f937fb3094d6342da862fa2891274f
mirror/cells/syntax-number-start/feature.json	9435	9a2ffb3e10915656dec49f9c5ee79a570b46cad1ad9443c2ce4146b838f59765
mirror/cells/syntax-number-start/fixtures/cases.json	4614	7ee0228067bcc4ac785595689e308bccceac04448fe9ac8a46253b4fb181f23b
mirror/cells/syntax-number-start/fixtures/manifest.json	1522	42e9bf55f17866a78a54f5e258b1c643e0b0556f4bb8f4fd2a216a8168a9506f
mirror/cells/syntax-number-start/g2/benchmark-protocol.json	3598	3c893d1ad6c5a425f2589c85ca1fe13c12b7241cf309e990f963c408d34a1f75
mirror/cells/syntax-number-start/g2/contract.ts	1386	678d44e452f41cc2bf51fe1a4e432ac082ca76ecb68136cf5496d886b8d3b6bf
mirror/cells/syntax-number-start/g2/feature.json	10067	78a1b20726fa2943f6e818f9aa63ceea104235251c6486d103040ca2f230c81b
mirror/cells/syntax-number-start/g2/harness.ts	6510	46c89e2dd0c46d45b3c594254f1b4795c8df441b46ec8682ac5ce2514131caf9
mirror/cells/syntax-number-start/g2/integration-base.ledger	1756	115b93f3b44fd0df7fc941e499e9392405a39267b87c2867617521f93e273b4c
mirror/cells/syntax-number-start/g2/manifest.json	2617	72183fb4dc3dae48c0e554bda1846beefcc57fcb1fe7874db7b092e2d23df9f5
mirror/cells/syntax-number-start/g2/promotion-protocol.json	1919	f487b6d6b3ff921cd8bf3c68938f0f1752b3d9994d284e0aeabaa3440e283e75
mirror/cells/syntax-number-start/g2/rejection.json	954	815f4635a49c66ad141594618227b0047c0db9904efb1bfe05b019a874a34c57
mirror/cells/syntax-number-start/g2/reviews/architecture-boundary.md	1634	11d7bd369fcf30f427a30e62b07ae84eb00d3f988e3de9b114c5a453f92b4bce
mirror/cells/syntax-number-start/g2/reviews/specification-boundary.md	1436	70ba291f593dee1f6f0ca5b5638aa343088718703a1f77f9fb9fe7ee7195d224
mirror/cells/syntax-number-start/g3/benchmark-protocol.json	6749	f6f79fa87f7b1c800434faaf6d38b8f499ab880a8ef2268f0fabb002f37b55a8
mirror/cells/syntax-number-start/g3/contract.ts	2830	31ffbac4e1833a3a31342e4ce5dca47eb19c3c996b71e76eb28e92003de54322
mirror/cells/syntax-number-start/g3/feature.json	12220	418497ede79bd23afab6e53d63e05887b703a33b1cd69a52f4fcbacb61c406f9
mirror/cells/syntax-number-start/g3/fixtures/cases.json	3893	14154a45452971f40d0661afdaccd63ee391cec6dec6a7d1d7f79dbaaa2b6706
mirror/cells/syntax-number-start/g3/harness.ts	15655	60f0f60504f2bc2a55c6e1d79970762716a0dbc1a85219cb625d7341e00a3ec9
mirror/cells/syntax-number-start/g3/manifest.json	3626	fc137224741dd4a0322efc9fd13cb6b12e213775ef56e287b95a72b9199594e2
mirror/cells/syntax-number-start/g3/parse-that-dist.ledger	5586	998c5668fa103e4692d69f48a0665f152cb1d014b11fa668c99693307ef1690b
mirror/cells/syntax-number-start/g3/promotion-protocol.json	2143	b0b79f1aa27de96f69eb42207b75632f6ff746c7313f164396df6283dfd4acd1
mirror/cells/syntax-number-start/g3/promotion-verifier.ts	5861	fc1078dbbad8af3948cf337b7d129143550af75b74c692a112d1d579885cb432
mirror/cells/syntax-number-start/g3/rejection.json	1156	15334aac506e9f9a42dd5c5867a9bd434d9b1e0c1b42f5221b079255834bac6c
mirror/cells/syntax-number-start/g3/reviews/architecture-boundary.md	1539	d0b2ff5343545caba6e84a20b129ccc0b0fd7a9903c3c27d8585e8fa1c8a0fdc
mirror/cells/syntax-number-start/g3/reviews/specification-formation-boundary.md	1847	334006b6dd6db7ef3cb875b0240e10ec0f300cbb352841bf792dc191a571c205
mirror/cells/syntax-number-start/g4/benchmark-protocol.json	6795	6a4e478ec551a67b7a2151dc4ed8930df68dbffe9b61d2be916af8125ac6008f
mirror/cells/syntax-number-start/g4/contract.ts	1207	cec73b16fe84603eeb485dea3bb2d789aa4cb66bc8ad230d71faf2da17e2e0b9
mirror/cells/syntax-number-start/g4/feature-public.json	16016	f3ff92a0b3589c00e3ec6a2b29e0394961db1b9a7bc63a3521c30209852acb1a
mirror/cells/syntax-number-start/g4/fixtures/endpoint-cases.json	3053	b1e52a69e275dc27722a67066b03b40163a1787fe37dc0aae1bdd6b1cb1dc187
mirror/cells/syntax-number-start/g4/harness.ts	11879	92ac650855113414b80a49d954a507f33c6461d9b62fa6b363530fb086949f05
mirror/cells/syntax-number-start/g4/holdout-receipt.json	3204	3da23e5c9d4944e5930079df3427a2f3305da5236c8549e1f772d540c60866e5
mirror/cells/syntax-number-start/g4/manifest.json	4552	8d5a75cf11d63fc250e9968641aae377ac8a97ed4a160470468d5c508064a342
mirror/cells/syntax-number-start/g4/promotion-protocol.json	2067	2ee8fd4259700c155f3eebffbd9939d16888b795db37c86fc952a95205b02d5b
mirror/cells/syntax-number-start/g4/promotion-verifier.ts	8138	92f7d384baffd7b6e592c3af3b04239c9409a72acff36d7d45e5e71213b8a8ee
mirror/cells/syntax-number-start/g4/rejection.json	1285	8ae33de7976ebd96b060d7580dcf21e93da971ae628d66975510783795d119aa
mirror/cells/syntax-number-start/g4/reviews/challenge-a-specification.md	6421	37ac9c3150622c2c3f9ea758af904ab657f0a503ea717487dcb5a610b3b5bbf5
mirror/cells/syntax-number-start/g4/reviews/challenge-b-architecture.md	9294	ee73c763133904585b4c1ac20844e090d43815fde75ff3c0d3350f2f8e9a1ba1
mirror/cells/syntax-number-start/g4/root-gestalt.md	3273	1da3fa80041d6339b65b2e25638bb24390d083b8efb1fbd0fdc806b7addb689e
mirror/cells/syntax-number-start/g5/benchmark-protocol.json	7194	19c98f8a49dac002127f4d2a799523b9204519e95e79a0f71729234178b8d204
mirror/cells/syntax-number-start/g5/contract.ts	1308	19b5986cc18df6f798afcab2a53e4f72046a0cbc788543ee94baa46b3606339b
mirror/cells/syntax-number-start/g5/feature-public.json	16915	87e3f7bda096701bbe7faad422db37351e67f1b71c1957bdb9e980f91bc3d7ed
mirror/cells/syntax-number-start/g5/harness.ts	13128	3f60d0be173947d93d1bf2cc1b55d38314d0146ef74b2b8c4e3b84c36999bf1b
mirror/cells/syntax-number-start/g5/holdout-receipt.json	5712	5edada80093d8d2f40293faaf613e366d25b85a75c5a85c8ec2c31828e0c8e15
mirror/cells/syntax-number-start/g5/manifest.json	5839	41c482b059ddab64c51226a05022016c17adb55cb73292d665d29298aa1a0109
mirror/cells/syntax-number-start/g5/promotion-protocol.json	3880	e01ce5369cd7b1056ed01720ea97dd32f11b9cfb897620da150c8cfa247c1714
mirror/cells/syntax-number-start/g5/promotion-verifier.ts	14129	62ec088ccbfebe89fa9717290eeec188e93fcf0db20bb7ebbba1721971be082c
mirror/cells/syntax-number-start/g5/rejection.json	1753	a8fd4cc5a9d3d4ed8258778b90a5f7466e65c2fc002d78222dedf6c69508e0f3
mirror/cells/syntax-number-start/g5/reviews/challenge-a-specification.md	10099	4f9df0cd2a0c012a2b167cb4ec64972ba29ad490f296f383dac8610d95835307
mirror/cells/syntax-number-start/g5/reviews/challenge-b-architecture.md	11325	a8c1669c95f37ec4a838b352cbaefbe11d4715d58193d61caa6078f30b67542f
mirror/cells/syntax-number-start/g5/root-gestalt.md	2998	7409c84b1cff505614e82a1950dadc38ad28ef7e0a6a519e7232616bd6135c99
mirror/cells/syntax-number-start/g6/benchmark-protocol.json	7220	a3cfc5356d535c4a8a100bb7301cf58b7775479db04d5d0b69249b58bf72a4ed
mirror/cells/syntax-number-start/g6/contract.ts	175	e8e1f82bd0eafafc3795fa4cddbd04dd22d5653e4364b5b6e6f3468017b3d51e
mirror/cells/syntax-number-start/g6/feature-public.json	19707	8a5559937ce73bd0db576fb36a35427a182c0cf682cae42c50781552e6a8c667
mirror/cells/syntax-number-start/g6/harness.ts	187	8de9fbd556b3f4cc95e3d99fd32615401c4ebb7fdc26500231d1a37d2ad7cb4d
mirror/cells/syntax-number-start/g6/holdout-receipt.json	8789	3331940795e87ab747910ae92467c570aeee0c8a1cbedeaa688123a15aef038c
mirror/cells/syntax-number-start/g6/manifest.json	7663	fc3c059accc160841c391bb20bee0364e2defb3b69a8661ae00cfc9fa0e1f064
mirror/cells/syntax-number-start/g6/promotion-protocol.json	6681	2e451ffe56181c245410b98f334d8815184aea7554f7426d6bab0fbb2ba464e9
mirror/cells/syntax-number-start/g6/promotion-verifier.mjs	17792	040f7482d6d3d1e2504f3d5e8f2b94d7b3c37eddd8a74eec74e109924909507c
mirror/cells/syntax-number-start/g6/rejection.json	1861	ce4ad499fcb180b79826036c6798528ad8490367924982c409d7f7d40d790612
mirror/cells/syntax-number-start/g6/reviews/challenge-a-specification.md	12889	89b112ab2621b4a21c281af706c826ff218875833c61430b432fa4312dbcb29c
mirror/cells/syntax-number-start/g6/reviews/challenge-b-architecture.md	8468	0809fb83866d14fddf22eb795a1ec136d11485d42e8a3f48116292428eb5ff2c
mirror/cells/syntax-number-start/g6/root-gestalt.md	3160	3866bc53927393dab1372598db5ca6510bd98c8aec7d3a11a15fcf4962ceb6da
mirror/cells/syntax-number-start/g6/typescript-package.ledger	12054	3a08d88df997493df6c0dc751d81e52377f155defada21c1a0a7d4d0df048f47
mirror/cells/syntax-number-start/g7/benchmark-protocol.json	1054	b3939805eb229ce6b010386db04a833a2ed22a4ab61bcb245703a911410a6e90
mirror/cells/syntax-number-start/g7/contract.ts	190	9e8a24d12444f7631bf5fa66e1c7011a20e32f1bc0d80ac488df758b9f96db3e
mirror/cells/syntax-number-start/g7/feature-public.json	15611	b3cf8f8f0dc4d84399dd853ca93070ac5f412ff1fa99d316f856ec82f3f90a46
mirror/cells/syntax-number-start/g7/harness.ts	188	c595d3ad5ddba2996bf55c7e166e5f6f08342fffa668e20687087d0f09e56932
mirror/cells/syntax-number-start/g7/holdout-receipt.json	11856	fc5fda34c0912fcbf7b1cd45797871b3734fbed6cfad5a4732adee854354682f
mirror/cells/syntax-number-start/g7/manifest.json	6668	0927a5e276f3d3902b6b9a0d5b353d06ffc6131d51a2f5370be03fa9da64b37c
mirror/cells/syntax-number-start/g7/promotion-protocol.json	7286	64e37760ea312f69759800abc6a9d593bcdaa583b2cbb4d7268bdc91beb9dab8
mirror/cells/syntax-number-start/g7/promotion-verifier.mjs	31585	7e22b43b386ff4a38d24f6f6f978a13ca0310b9ea06fac1140eb3737821badf5
mirror/cells/syntax-number-start/g7/rejection.json	2782	45318a954e312c1f85fa666ef320033b2ebba4b217e2d564616e9c6b96465b04
mirror/cells/syntax-number-start/g7/reviews/challenge-a-specification.md	19381	73eaab221d69b335a7a2021298d408752915be3321180182c07c68728af942da
mirror/cells/syntax-number-start/g7/reviews/challenge-b-architecture.md	19401	f5fc571456cc722bad83b3d0049103b1492cc2e54a219e521dbb7b7e3ff0d9d1
mirror/cells/syntax-number-start/g7/root-gestalt.md	5935	cb56fdcb6aeb56dc6ea7c10e040cc840df608cba426dbdb2f133ab46536a0b96
mirror/cells/syntax-number-start/harness.ts	4194	a2457a17e920925d63308bcab7f4081de9dd81302582c7f55441b5e436bfdc35
mirror/cells/syntax-number-start/rejection.json	1302	f500fb39ffba2a85ab19dad6c8f98b0dfcdeaa17b3b42de95b4f387fd381d57c
mirror/cells/syntax-number-start/reviews/g1-architecture-boundary.md	1482	ae2578b03843a1fd11272f34029135370cdce502ad76bc332c1e4d6f7e5044a1
mirror/cells/syntax-number-start/reviews/g1-spec-boundary.md	702	53f67689e26e5d08bde4556449b92d4a2518863c71eb4a07dc7b829e2338e700
mirror/cells/value-percentage-literal/g0/BRIEF.md	2496	842e0873ab5a3e9b3a5e64dbfda85db1ca860e8a60f1daec63dc2c7cbd68b193
mirror/cells/value-percentage-literal/g0/benchmark-peers.ts	1461	390e2f36ca29f7b460b9cf77c8e45e26052adebeeaa2f70942596e4cfc22ef4d
mirror/cells/value-percentage-literal/g0/benchmark-v2-manifest.json	3206	758c7ac72eb64b927d7133ba776ecc7fe9b67d981aa9c583f649920113090f51
mirror/cells/value-percentage-literal/g0/benchmark-v2.mts	9871	5d023307c52aad192a2980777a83a71f5be5aa19b45444615685740d20e081d3
mirror/cells/value-percentage-literal/g0/benchmark-v3-manifest.json	3141	e9dd4951b6948a7a33ad6c43d15a1073c4b061d0a78645569f44e28044762cb0
mirror/cells/value-percentage-literal/g0/benchmark-v3.mts	10321	a64223edf8a9420545f44b2fe7e9930d188f6edb2e2d0a803d9d495c947854b4
mirror/cells/value-percentage-literal/g0/benchmark.mts	7453	701a0848ba7416a0dcc259bfd82f152be2e130f4f11c9a6fb57995e484761e81
mirror/cells/value-percentage-literal/g0/candidate-set.json	1366	a73cdcd6f8dcf4f8002b3cf0d76105d762dc0b47893453a15cc748bf0c06f6e1
mirror/cells/value-percentage-literal/g0/candidates/b/index.ts	287	2b3ffe8e18d32d62c25de28ad4ef2d0246c23ab81440fcc83bf3faf5c4d445c2
mirror/cells/value-percentage-literal/g0/candidates/h/index.ts	283	82d426f494fed3e14cac1ddf7c20ca787b1f731fe11c7e48d422a0a1b8c4a02a
mirror/cells/value-percentage-literal/g0/candidates/h2/index.ts	283	d0f45033ef35c19fb83c832c0de6544092fa8cc243abb6617633b493cae222ed
mirror/cells/value-percentage-literal/g0/candidates/s/index.ts	332	0657c2bb60a9200c5ffc26aef3d7a1049219657757797901bc4b4a435f14b654
mirror/cells/value-percentage-literal/g0/evaluate.mts	1442	e9326867cb1ae4f3f3fa71189a3955be307b1c54744c93a6529e95df2dfd0b02
mirror/cells/value-percentage-literal/g0/evidence/benchmark-first-attempt.json	14748	7b954f247eb7f7127b15f126c3681587c6efff925ca8cf009e7a7b449a0ddad3
mirror/cells/value-percentage-literal/g0/evidence/benchmark-second-attempt.json	15169	30ff0f2dacdc4fc617d8cebb1ad6235ef1a1dbe8a6e0588d7d8a9dd37d758808
mirror/cells/value-percentage-literal/g0/evidence/benchmark-v2-first-attempt.json	59943	d6c5c639e7c74049c651e3f0c1fbea299890e6e996a35d37b4e580653d925d2f
mirror/cells/value-percentage-literal/g0/evidence/benchmark-v3-first-attempt.json	64019	3fc52108c858532d46402c2e68f4c971da2194afbc39bc640663007bec5f019a
mirror/cells/value-percentage-literal/g0/evidence/correctness.json	1152	bcda3c31143f0ed09d47ca8ff750af30c8b3a1fd1e69c8d109f03daf74e62579
mirror/cells/value-percentage-literal/g0/holdout-erratum.json	453	caaf4b8127d4d242eebe8a13a60d389af77a208053800e9cd676b634c0e95af6
mirror/cells/value-percentage-literal/g0/holdout-evaluate.mts	1833	c7bf56e43ec0c6c1c561f04fd02b3637ccb5037ed0934ea4a301fecba9b2ef66
mirror/cells/value-percentage-literal/g0/holdout-receipt.json	312	0e71b964306f8533b09f25f2704d80fdbcad4efeaa676d2e0673a9e0e2198f1c
mirror/cells/value-percentage-literal/g0/holdout-reveal.json	593	689f68dd26ced87c895431a34b36b8fd3a33723736f904d2f84fc7430a1a9c76
mirror/cells/value-percentage-literal/g0/public-cases.json	579	35304fbed79db3827e1b83631f7e5ea8ecfca883dbc7dff4aaec726f692549b0
mirror/cells/value-percentage-literal/g0/reviews/skeptic-1-semantic.md	5078	c2ae4d83147e455b27da1b6d4a07d20234c3b9826bef1b013e2d848c219b6ba6
mirror/cells/value-percentage-literal/g0/reviews/skeptic-2-architecture.md	9136	db6e4ac2d6f0ae8d157a4d1ce3bc6c71af823641cba0934bebdcf60343281cb5
mirror/cells/value-percentage-literal/g0/reviews/skeptic-3-state.md	6514	049f2020e9ec68210d3605087bec99896689b0bba243b7138dae38588a465c16
mirror/cells/value-percentage-literal/g0/reviews/skeptic-4-benchmark.md	9098	309c40110df5e91a6e894c3f9030e1603e6dc82b004c10c0aca6a522c0691805
mirror/cells/value-percentage-literal/g0/reviews/skeptic-5-gestalt.md	7708	306f275ff117fff3f5d4b383ead7b9c4938152c9edaf4a3a0b0974c2becee7a9
mirror/cells/value-percentage-literal/g0/skeptic-subject.json	1237	81498cb4afeb0fac70f83afe17342c88ac90fc7eed396b98a44a1c52400e4ca0
mirror/cells/value-percentage-literal/g1/ROOT-DISPOSITION.md	3033	2fa3b007ba9d5ed1973324c27f4a58bb45f3d09464148c5bcb1656d6c74826fe
mirror/cells/value-percentage-literal/g1/bbnf-uplift-receipt.json	588	aad1e2377401292b2f564dee5fd97967a8ebd08bea8004397e4f23c9cae3e857
mirror/cells/value-percentage-literal/g1/benchmark-v4-first-attempt.json	64037	67c5d229f00a15d2fab565ad14cb436a1de648973a7acc99dcceefae556f1ae4
mirror/cells/value-percentage-literal/g1/benchmark-v4-manifest.json	3306	52f6e74b511a020847b03c3fb9ac7ee90cf1307fd21f30d1fcddd20a0a2f43db
mirror/cells/value-percentage-literal/g1/benchmark-v4.mts	10330	723c3053d1076667d2a1a817f7a9e808fd184ef591dd224efbb33559ecc3450d
mirror/cells/value-percentage-literal/g1/candidates/h3/value-unit.ts	886	1d1c37d20a9ef97f13466e96fbd65175d7c387aebd877ef400c81951fda23dc3
mirror/cells/value-percentage-literal/g1/correctness.json	916	fb632b374fac73883c6b4084e4cd956b90fd3cb014f2857ca479f3ba7c33303e
mirror/cells/value-percentage-literal/g1/evaluate-numeric.mts	1489	49d393cdfe4c9b3fb8ee3dce5093ee7e1921fefaf69f91ebbef9832c06cb445a
mirror/cells/value-percentage-literal/g1/reviews/skeptic-1-semantic.md	4447	46a971a756cfeca3c30678331922a41e4400168fcb883e9d8bbbfa1a155a5418
mirror/cells/value-percentage-literal/g1/reviews/skeptic-2-architecture.md	8329	19c65ff785eb8e718b6136e7f67ef098861978024b29f37cc43fc4a63d7fc94d
mirror/cells/value-percentage-literal/g1/reviews/skeptic-3-state.md	5582	f2a328b5cbd9fde269ed4db8b2562bf7dfd8cda892d9bfdfdabca3b14b4112c1
mirror/cells/value-percentage-literal/g1/skeptic-subject.json	1957	580785f22eb20a9d6893ba9db16d29677b6bb2d6200c32f4f9c7b2f7d0628be9
mirror/cells/value-percentage-literal/g1/smoke-bench.mts	1580	639a34c1b0ffb316eedb48863d8408d70f18e92ca7a133c7c901ae2109e13ae2
mirror/cells/value-percentage-literal/g2/ROOT-DISPOSITION.md	1078	47328b13202eb51289acfe1abbe8b25a59f9af384c37a66625c6b8bc621978cd
mirror/cells/value-percentage-literal/g2/bench/benchmark.mts	7196	efa5b36c86eeaa989001fcb6aa34737347a2d26e8e6e35e99fdc3af1f40dd130
mirror/cells/value-percentage-literal/g2/bench/corpus.json	160	bb3da7228959c74fb38c4629d8a26ca710eaf37145d029c263c84dad6acf04fd
mirror/cells/value-percentage-literal/g2/bench/manifest.json	2085	892fc427132b5f2162fd873b365f9178031ae260cd97d43813e77f008eb59317
mirror/cells/value-percentage-literal/g2/bench/raw-attempt-1.json	7507	c012e01d32dd42a2cf902b41ca646e21ac34717668de643c9c8b91139316d06b
mirror/cells/value-percentage-literal/g2/evaluate.mts	1531	bf239e03c6f9e6581f511395edaa5ce4ea8330f975897139997813500a232960
mirror/cells/value-percentage-literal/g2/integration/grammar/css/l4/value-unit/numeric.ts	560	8c3ac689f2e24635216ac0499f23166996ac0136e0b6876e82a8da4f75eb95aa
mirror/cells/value-percentage-literal/g2/integration/grammar/css/l4/value-unit/percentage.ts	233	b3ce3d8c08b382d08fb2716d31f8b906ff8b72beab3c8213e2a830d554ff2a39
mirror/cells/value-unit-known-dimensions/g0/BRIEF.md	2926	5ca2a681200b98961d5815bddd9213c5ac82da353e226ed6ca20c0fa6959d07c
mirror/cells/value-unit-known-dimensions/g0/candidates/b/evaluate.mts	2586	712446b834ae89928ea90e24757f8e46afb6d2d5f000b631d249d39af916005c
mirror/cells/value-unit-known-dimensions/g0/candidates/b/index.ts	1690	19bfcd4f5e94ac221d571c4eb72fa9f16c23f11cc95a23bceed74bb8798d3561
mirror/cells/value-unit-known-dimensions/g0/candidates/b/tsconfig.json	138	7f52b8eca6c2a7496841e877c6262fe06f26f558769f5451ff955f6ded7b2424
mirror/cells/value-unit-known-dimensions/g0/candidates/h/evaluate.ts	2008	02086db8a998de66fb764469b10b65425a47202d938da225ad2a45507062864a
mirror/cells/value-unit-known-dimensions/g0/candidates/h/index.ts	1719	3d3580394d991e7d269e0f8269accb9466eed4221a6f60cbaaecb9be032a438e
mirror/cells/value-unit-known-dimensions/g0/candidates/s/evaluate.ts	2851	75046391fc8c0a9e04d52ab529f99a95d625a7ab75cd93a25eae5294a5bc0005
mirror/cells/value-unit-known-dimensions/g0/candidates/s/index.ts	1892	ea6668ee8814057dcdd307f1b5056aa9e0fa0293f5a3a1b26d904f7a8575b713
mirror/cells/value-unit-known-dimensions/g0/evaluate-all.mts	4647	ec98929fd3c1b26a4fcad998a258b7eba603b3d82199be021c00110d44fb7f15
mirror/cells/value-unit-known-dimensions/g0/fixtures/manifest.json	1052	fddbdbaba3b6437c85950a412d2cb11f525a12ce57e61e4495f199b524321c2a
mirror/cells/value-unit-known-dimensions/g0/reviews/skeptic-1-semantic.md	5989	bb93119dabc472d66d53e3bb92369bb20b47659f38b536ce05b5b9aa15498b7c
mirror/cells/value-unit-known-dimensions/g0/reviews/skeptic-2-architecture.md	12222	4e713fcc624c1cc9b352b014e821a19f749dfd9127abc3b5a5a35af763c1b32f
mirror/cells/value-unit-known-dimensions/g0/reviews/skeptic-3-state.md	6102	1b2ef120ba806117f0f559747aa5167d5d4630eb132f9497b27ef2cd9f7900de
mirror/cells/value-unit-known-dimensions/g0/subject.json	1558	b2f89725927bbf910cdeca31393af38131031cb8cd1281c168b47f7b24aeef16
mirror/contract/source-parity.ts	4635	16767c2c7dabf5c678182ee94c31775c176b1933957fc0b303f6679790830b8c
mirror/deps/color-model.ts	6758	458ccc7d80c6480dc8e8b1714c90e42defdec80477b6a3bd5d89844283c4d994
mirror/deps/foundation.ts	279	5f1eb2fe18e11cd8bb5a01fdd5e2319f2c41fa2acb86642e4f7836bbfd8fef46
mirror/deps/value-types.ts	678	784d901d334499e4e92a0b61f63b324751c340c0685c9f36af9f0e9798c3bddb
mirror/grammar/color.ts	1897	22e89a9810bf5125022656473fc9e9369b9826f5e0fe025fafdb895961542c62
mirror/grammar/combinators.ts	1022	0c0867fb8a07be425f98ac62cbd9d9fe0d22aea982bd4d580cd65b7219f19cbe
mirror/grammar/component.ts	1648	32ab5011fbd72986a2955f69244ad99d0c1c114646f7b276302e28cfbf21e684
mirror/grammar/css-token.ts	2599	c258e98e22bd979d44c2dca1734b776db811f736c20a55378badf194660bc2a4
mirror/grammar/css/l4/color.ts	11714	3bf492c9ec213194c32a0f614631b683a5be68a63c23bee011fcc78609fedf95
mirror/grammar/css/l4/color/project.ts	15597	8eaa5fbb89b6748c30ae01f845d152eda3d084a84bcb85e82aeb07d4123868b3
mirror/grammar/css/l4/combinators.ts	1175	be3f6efc6d6f3919e5d1e67c260b02ac6d49111bd9b2966492d692a0cb34be08
mirror/grammar/css/l4/syntax/atom.ts	5268	45bba904ce5614426e285a18ae74e2a1fcc687e91421b66b60f4a21efc797165
mirror/grammar/css/l4/syntax/component-value.ts	7152	21c79c16681a98b8c3e59b6be489291d72bb2468ff0328716c938dff7e4bec48
mirror/grammar/css/l4/syntax/source.ts	1720	0c0d11442d1c837a11a82a6304d01abacc75b50232d6f3c82f8b773333c0ad81
mirror/grammar/css/l4/syntax/tokens.ts	8389	f2c4f0ce0bdc5a4437c7cfd6cb981af7e12ac37c720e48945c3bf99a2ce330bc
mirror/grammar/css/l4/syntax/types.ts	1957	0c7cc1664faa164f916850439a11135faa98fa71a5dc379beae336f712377986
mirror/grammar/css/l4/tokens.ts	1641	bd021f01f11e1fa2c98409fdf9cbdcce42771b9979f5085cb3881fb745260411
mirror/grammar/css/l4/value-unit.ts	2497	0b271307c758a99bba065c9efb23e4f15bb7c73466390018fc5a5e9cc97f275b
mirror/grammar/css/l4/values/project.ts	8402	06b50cd490f3f7b285426b371a0d74abf1d9fe390247909e927e6e93ccc66cf7
mirror/grammar/easing.ts	6393	1b90e9575a15a267eff123e31aab5f3cb288980b65e838c6f2c7d2c33dee8e90
mirror/grammar/index.ts	289	a473537a1ba8ae4a25978d700bf7f71a125390aea8d7307bd971fdb8973083f1
mirror/grammar/keyframe-selector.ts	3652	3b8945b97fb1f4e3d3567317d20f26bf1aab474fe0f2f2a60d7dc1ccd0661b73
mirror/grammar/value.ts	4406	36e7d92aae4e71b8682847584eabfd0b89f9dd952f52c5c1c62108c5a0c3480f
mirror/harness/differential.ts	4524	bec3f1b4e6230d83359b89a29b057b9545e636a5a4401c8026d46ba5cccaa9fd
mirror/index.ts	1338	65f3d934624e899a7242505985742c3fc6f0ac712dd4b32db9955ff74681ce89
mirror/lexeme.ts	4345	9bcd11381d9d9c5b8b9389dbea556b80f6a394e4e6f85f1f0558fd64bf03bffd
mirror/named-colors.ts	3906	0f96a86eaddfa35ddc371110c5ca755b574740255906741d30ae4b41d34fa8f1
mirror/node_modules/.package-lock.json	32598	e9f4a505235463036a2dbde546768fa8b4e9a9ed3e2c50c012532c1358c716d1
mirror/node_modules/.vite/vitest/da39a3ee5e6b4b0d3255bfef95601890afd80709/results.json	1568	3c3dd31b04b253708b5b3fb92693a0231adcfcd61111920da5fb333eb6de38d4
mirror/node_modules/@esbuild/darwin-arm64/README.md	145	ee16cb15a2211accccb38f378786bfe48bc5dcfae5db554352424cd710470efa
mirror/node_modules/@esbuild/darwin-arm64/bin/esbuild	9934834	3e030ee2aa86ad3c33e5e95ae0e53bb03de40e0da35c9b1180a67de4a497cae5
mirror/node_modules/@esbuild/darwin-arm64/package.json	383	79a69873b3ae6dbc47d8c3c8027b9563630f65e8fe58690183c5398a52410e7f
mirror/node_modules/@jridgewell/sourcemap-codec/LICENSE	1080	769d154fbde32a915af110b1123650bc79f4cbe675acc66e005265bf069c6c6c
mirror/node_modules/@jridgewell/sourcemap-codec/README.md	10051	50e5282b46bafe5e2c87a0f224a86876067694f0434c5b27c0ea2d5bbceba5d7
mirror/node_modules/@jridgewell/sourcemap-codec/dist/sourcemap-codec.mjs	12869	e276b90d09864ee9cc96a49b84dbfdf311b8c65a986f78417b95a3d930968e77
mirror/node_modules/@jridgewell/sourcemap-codec/dist/sourcemap-codec.mjs.map	9612	7f14b50b5cbd1710f6073cb7dc6e9914afeaf6dbe24d81892702357535ec499b
mirror/node_modules/@jridgewell/sourcemap-codec/dist/sourcemap-codec.umd.js	14590	25f02490d5179a4c28d6799e2c290be162be1010e6a101d77f5511683ccd0ca3
mirror/node_modules/@jridgewell/sourcemap-codec/dist/sourcemap-codec.umd.js.map	9700	ca577b575f6fdd28181e08ab3e435fd4d68b30e88ca935f5114e273f89c84ddf
mirror/node_modules/@jridgewell/sourcemap-codec/package.json	2150	398fc774628ec1592c794e8c14ecdc0096206a2521545e527e5a06429dac6006
mirror/node_modules/@jridgewell/sourcemap-codec/src/scopes.ts	9713	1db13eedacbcb83d4c0ca6023379de51240be2b50cfe96b2d6513789a31ab9af
mirror/node_modules/@jridgewell/sourcemap-codec/src/sourcemap-codec.ts	3203	d3fe1debb387fc47fad36e4624eca9fe46928f14374d8ed749c94f0aaae9ef2e
mirror/node_modules/@jridgewell/sourcemap-codec/src/strings.ts	1503	d9c2ebe7557f5bd45a06a34d7e88d58d554f4a091a9384204f2933582e3ef390
mirror/node_modules/@jridgewell/sourcemap-codec/src/vlq.ts	1387	dd0d7471c014cb6b65d3bfd6b32bc9cfab8a1e3afcc5305d84cec8e12bdd4812
mirror/node_modules/@jridgewell/sourcemap-codec/types/scopes.d.cts	1151	9215cd205d56527b92fe419ee695fc44aab8401725fa8bc6cb1415287689abdf
mirror/node_modules/@jridgewell/sourcemap-codec/types/scopes.d.cts.map	1348	4648b2216cf2dfa12eb81b786c62d6ae52c522e8861d8f7c2178470f3013be29
mirror/node_modules/@jridgewell/sourcemap-codec/types/scopes.d.mts	1151	9215cd205d56527b92fe419ee695fc44aab8401725fa8bc6cb1415287689abdf
mirror/node_modules/@jridgewell/sourcemap-codec/types/scopes.d.mts.map	1348	4648b2216cf2dfa12eb81b786c62d6ae52c522e8861d8f7c2178470f3013be29
mirror/node_modules/@jridgewell/sourcemap-codec/types/sourcemap-codec.d.cts	699	29fa06dc682489232f9dbb7aa841fe191a3a6db71fbcbd0acd08b8271bab61bc
mirror/node_modules/@jridgewell/sourcemap-codec/types/sourcemap-codec.d.cts.map	705	6ea45d22e586c07a1fa7a19ee5be8c73e44b6c5659eeab3d2b6fa2f9bdff65d4
mirror/node_modules/@jridgewell/sourcemap-codec/types/sourcemap-codec.d.mts	699	5dd2f77f43dbcf9a146023c7df2b4b56b13a141741fb1840be99e879e908c2d2
mirror/node_modules/@jridgewell/sourcemap-codec/types/sourcemap-codec.d.mts.map	705	6ea45d22e586c07a1fa7a19ee5be8c73e44b6c5659eeab3d2b6fa2f9bdff65d4
mirror/node_modules/@jridgewell/sourcemap-codec/types/strings.d.cts	361	28fae3d88328335f864e689b012e5d12c9dbe4df4b5537a3bd1bb4a3bab153cf
mirror/node_modules/@jridgewell/sourcemap-codec/types/strings.d.cts.map	422	01801f41a1f267a7fef5576710998d477ea647b27ae75b7c3e47ac87874f085f
mirror/node_modules/@jridgewell/sourcemap-codec/types/strings.d.mts	361	28fae3d88328335f864e689b012e5d12c9dbe4df4b5537a3bd1bb4a3bab153cf
mirror/node_modules/@jridgewell/sourcemap-codec/types/strings.d.mts.map	422	01801f41a1f267a7fef5576710998d477ea647b27ae75b7c3e47ac87874f085f
mirror/node_modules/@jridgewell/sourcemap-codec/types/vlq.d.cts	442	74aa834329a3a320abd9efb47f8496b5be0b557c2655dd18583e0d71cd7ff225
mirror/node_modules/@jridgewell/sourcemap-codec/types/vlq.d.cts.map	449	9e95ab088727ad7778086299e22bf0a3af9d641f1d0fbc26d712a974ed2c6868
mirror/node_modules/@jridgewell/sourcemap-codec/types/vlq.d.mts	442	43504e7ab93cba4503fa62dfe8903fb0cc44e8812d586d8d6e47f985d3292fb5
mirror/node_modules/@jridgewell/sourcemap-codec/types/vlq.d.mts.map	449	9e95ab088727ad7778086299e22bf0a3af9d641f1d0fbc26d712a974ed2c6868
mirror/node_modules/@mkbabb/parse-that/dist/ansi.d.ts	541	9bc13af47652a5dd13900d4c08bdb76c4eec8502525e5ac6d755e89ea4355add
mirror/node_modules/@mkbabb/parse-that/dist/ansi.d.ts.map	576	ee800711aef671d9b70ab0c0245110f8b5aefdd134e0f165760abef834812966
mirror/node_modules/@mkbabb/parse-that/dist/core.cjs	1826	c8ed84f48e9eacc029ba664510d075f1c454d66c1141c04fd651823460c0acb4
mirror/node_modules/@mkbabb/parse-that/dist/core.cjs.map	2719	1b5b904e5198a72cd39937b5f5f51555f08ea5d5c119f9aad4a366d22e3585e2
mirror/node_modules/@mkbabb/parse-that/dist/core.d.ts	470	07cc47e309bc8b534d8538c68d14273027df6820e942dfaa3a1651c4efe773ea
mirror/node_modules/@mkbabb/parse-that/dist/core.d.ts.map	517	4f70e25a72706386d20676c7f959444dcf708e5a9496d3316c24d7a7cb12602b
mirror/node_modules/@mkbabb/parse-that/dist/core.js	1336	d577cc3e19b3a7e138ad433670ebdf4857776744c3375ae174391e2f68e642f5
mirror/node_modules/@mkbabb/parse-that/dist/core.js.map	2695	7ecab29b4067118fb52a16697a55502b12e424e192ec3e1386d4824491c7481a
mirror/node_modules/@mkbabb/parse-that/dist/debug.d.ts	1165	8735ea0ba0ea027d026f96e7aabeb05a0f2148141a3c7a167f576b11775678d9
mirror/node_modules/@mkbabb/parse-that/dist/debug.d.ts.map	1024	f4fef918a56ef7ced39f4bd9638134d9a696908162e59e59bcae813673f25017
mirror/node_modules/@mkbabb/parse-that/dist/diagnostics-DDazRHgl.js	3516	894b001a9849c5d771f52b91835544fa9bea4fa98a6c4359bd4f5475d61faf90
mirror/node_modules/@mkbabb/parse-that/dist/diagnostics-DDazRHgl.js.map	9007	7026cb1b248a496638e8d42912c1cc8db2713133f82c86a33566a180d4fecfc0
mirror/node_modules/@mkbabb/parse-that/dist/diagnostics-DpUY87_d.cjs	3787	b20db94bf98c80fd81681c00203de1f58f5858a3ba9a754e369aac988e22b60d
mirror/node_modules/@mkbabb/parse-that/dist/diagnostics-DpUY87_d.cjs.map	9021	89e474a7df15cad2942a794c4745cde91d936644fc15690d6dba7a59b9319ed9
mirror/node_modules/@mkbabb/parse-that/dist/diagnostics.cjs	567	1e20f38779ab578643fd2d1cbfb1a28220295a4c3fc961f6430aa7f3677cfa26
mirror/node_modules/@mkbabb/parse-that/dist/diagnostics.cjs.map	105	1479f37e6fc88e9860bf774c6c5a52b626f033cfd299c20172e22ad074e8128f
mirror/node_modules/@mkbabb/parse-that/dist/diagnostics.d.ts	271	2a3ac1bedfe6a07024103b046cab70ae9276526c22082ba7f06c87d1246298c0
mirror/node_modules/@mkbabb/parse-that/dist/diagnostics.d.ts.map	287	53bd8124d261ed8a34c5e9903d58d13339c502a73c2bd5462c8d052de5907340
mirror/node_modules/@mkbabb/parse-that/dist/diagnostics.js	282	006aee90367d191fcc89340d1912be999009b9850b23ea6dc17a2c0c286b9522
mirror/node_modules/@mkbabb/parse-that/dist/diagnostics.js.map	96	01086775c19b23f5197f9576d10efbc0232f5c26a14b14459a9567eac3f1fc59
mirror/node_modules/@mkbabb/parse-that/dist/index.d.ts	835	23d9c642af4cb6195652d1d60dae1dc569680d708ab56b6bc9e01c35b0852e33
mirror/node_modules/@mkbabb/parse-that/dist/index.d.ts.map	785	3afc8760ad24758c036de2f6c24e03a8d867a652fcc70289c5a1510068ef4b5d
mirror/node_modules/@mkbabb/parse-that/dist/lazy.d.ts	558	1ebb71fde2264dbaa62591672ee00fb74daefbc19c916bdbf0a6cb30f682e6d1
mirror/node_modules/@mkbabb/parse-that/dist/lazy.d.ts.map	531	966db30b0884a27d1ed14c92f847262d13527a71567dfc8378453ceb68214372
mirror/node_modules/@mkbabb/parse-that/dist/leaf.d.ts	2014	ca3a8e2cb9257f9d56e95b247c4b58e46524ae68a84172ea217d3eb3c4a24869
mirror/node_modules/@mkbabb/parse-that/dist/leaf.d.ts.map	980	d89c94e1aa101848346388058488e42f9b3ab214aba09a6371e6d56b0b57ed77
mirror/node_modules/@mkbabb/parse-that/dist/packrat-entry-46NYx4_U.cjs	41041	c9ea5ec805f438e4e1384750d13aa0b3df8cd178a26f6e213d8f4c9ecf3fbc2c
mirror/node_modules/@mkbabb/parse-that/dist/packrat-entry-46NYx4_U.cjs.map	115526	155bbe79744cc22fa2ed0601b52fd36f906558e80fde9890a92327de050edc56
mirror/node_modules/@mkbabb/parse-that/dist/packrat-entry-CS1td-8B.js	40576	1f8674c3d325579363356e1fd091a3735ae9a7ac9da0cb61a4ca0ebfb6d474a8
mirror/node_modules/@mkbabb/parse-that/dist/packrat-entry-CS1td-8B.js.map	115144	33185628fcd7dfc69980624e6f55bef16c2774aa593e611c2406c7970df733b0
mirror/node_modules/@mkbabb/parse-that/dist/packrat-entry.d.ts	109	a4b4107196c5db66ccd5f28ad13a3f17f32ce23e296cb38e92030bba193882e9
mirror/node_modules/@mkbabb/parse-that/dist/packrat-entry.d.ts.map	185	8b8c995a4ca69ff57d02ee3c0b5dc24754687ca08629ff472071741c7040326a
mirror/node_modules/@mkbabb/parse-that/dist/packrat.cjs	302	e6bb63185b2c1d7ebafa115c20e1eed88efb6369a70a6ca730bb7a1adc169193
mirror/node_modules/@mkbabb/parse-that/dist/packrat.cjs.map	98	937d7c7919a610455fd7083dfaf4176d8c7dc0df7af411714c65eed9e796a7b3
mirror/node_modules/@mkbabb/parse-that/dist/packrat.d.ts	2623	72eb3b100518a4e41153fa404f5a91ae7aa924cf328dde8aecd228ca8c40d776
mirror/node_modules/@mkbabb/parse-that/dist/packrat.d.ts.map	1373	cc1f310b71ffb8e1b680c3bf4baf956282342d28a4aca64a233807b568bf5814
mirror/node_modules/@mkbabb/parse-that/dist/packrat.js	158	3dfe8ad5c8c894bb51cd3b70c243acbc2a3e2db9ba7367aa6140d45042a7906f
mirror/node_modules/@mkbabb/parse-that/dist/packrat.js.map	92	5cc9fb7d3af8e2fd0fa2c3fbfde3d7d152594c168836d977205120bcb6a0276a
mirror/node_modules/@mkbabb/parse-that/dist/parse.cjs	1922	c6ac1f04c1654d922e35e192412f64080b46138b8f4b8fb76a4769897f31259c
mirror/node_modules/@mkbabb/parse-that/dist/parse.cjs.map	133	83f2c197ccc1e053444633f0605a2cec1cf92cfefc159d4c786ae06f5f6860e7
mirror/node_modules/@mkbabb/parse-that/dist/parse.js	1109	2ad25cf0093f5caf66b359aae563eb0a6d4e77a38fd569b430b70cdd2e4ed56b
mirror/node_modules/@mkbabb/parse-that/dist/parse.js.map	93	3373200c77f6d2fca9bb99fb81c772c0062760826622ee33d2a6900b510d4ea4
mirror/node_modules/@mkbabb/parse-that/dist/parser.d.ts	3163	009bcebba834146cde9b92ef46184ddff8776d69fca2747bc38bff8e085cb642
mirror/node_modules/@mkbabb/parse-that/dist/parser.d.ts.map	2263	596b1dd31f5640eeeec90af56f82df78e18fe8ff690b5188d700ed491d897ebf
mirror/node_modules/@mkbabb/parse-that/dist/parsers/csv.d.ts	211	a4b7176795ffb20e4101e19a0cc864df5bdbb57989743d65a344434d359e6f0c
mirror/node_modules/@mkbabb/parse-that/dist/parsers/csv.d.ts.map	214	42020c03685f80553d3db2ceeb25d3b4ae977570052b15f9b6dd400a7741128d
mirror/node_modules/@mkbabb/parse-that/dist/parsers/index.d.ts	229	f0a9c294ed27bbf60cb016b93b93c5e6be5e1b4344dcc7fd9e05456016c62f64
mirror/node_modules/@mkbabb/parse-that/dist/parsers/index.d.ts.map	303	b056ff4f085af690a940463cd7a45e8e6473963d49eaca9ec9f0a7bccdaf0b58
mirror/node_modules/@mkbabb/parse-that/dist/parsers/json.d.ts	299	aa71889395dc20afa5a894383bdf44a00822f8f2dc5ce00ecc7bfc3071455b1b
mirror/node_modules/@mkbabb/parse-that/dist/parsers/json.d.ts.map	348	289f99607b46753ea7874c0d6698d5ffe0c6cb4371ee36499e5f07582d69dd8c
mirror/node_modules/@mkbabb/parse-that/dist/parsers/utils.d.ts	461	85eff08bf44d5f87d73b68095f0f777ff738746bdd41705d2e0cad0125b0468f
mirror/node_modules/@mkbabb/parse-that/dist/parsers/utils.d.ts.map	304	f73f4d808949e276f8500b9e49d7c1339337973e1298f44fb8e594c6d4aeb908
mirror/node_modules/@mkbabb/parse-that/dist/split.d.ts	194	a1c8fbf29cf0dd0712c1e5f32c3d492296474c31bcba01f9acff9b9a5a8bd789
mirror/node_modules/@mkbabb/parse-that/dist/split.d.ts.map	263	854d909c885a58e23d6f36e32bf099499670a931f183b63c704a759f26ee8b68
mirror/node_modules/@mkbabb/parse-that/dist/state.d.ts	3228	b4775848829812f6e039461cc437d40053819700f4bead0838830b36ea0abe25
mirror/node_modules/@mkbabb/parse-that/dist/state.d.ts.map	2130	62bdb710cb04c5f9459572e505ab0d982f725fd95990252da46ed70d5834802e
mirror/node_modules/@mkbabb/parse-that/dist/utils-entry.d.ts	332	39a5478b98c0d4f80aba12c6deea9dfcb71680eecfd65bd43c74e3471fa800d7
mirror/node_modules/@mkbabb/parse-that/dist/utils-entry.d.ts.map	365	e41ac29c2f02cc2011aaccf8616c7cb79e3abea133e144f57845205229f70135
mirror/node_modules/@mkbabb/parse-that/dist/utils.cjs	2465	010faf81d11f7e5bbfe10e7af7971db14928a23842129f6fd039c4bfce75a753
mirror/node_modules/@mkbabb/parse-that/dist/utils.cjs.map	5152	a3194f5adc4d4c65bdb2ce6fcd1d29b0c378b642f5f9b80e1cb7da9127d67ef6
mirror/node_modules/@mkbabb/parse-that/dist/utils.d.ts	2068	e9eead31ec62f89d81a2ef5a1f8ce5be40f2049f00c688df5baba7ca12336041
mirror/node_modules/@mkbabb/parse-that/dist/utils.d.ts.map	1399	566b89d88498157507a3f8f51721428ac5dcd76b003a87ea9ce193883779ff7d
mirror/node_modules/@mkbabb/parse-that/dist/utils.js	2039	0d40636b1124f1b381c6cfa762b996d278d8586743a4553d330699b74d4f9a5e
mirror/node_modules/@mkbabb/parse-that/dist/utils.js.map	4933	d242ba4f2070099bbde6f569ddde224d57b29237be1dce0cbcdc0ac4f6d4e1e1
mirror/node_modules/@mkbabb/parse-that/package.json	2772	f53ca9b85c43e65c1f3f8a21414f990211d8d0e6a7f07df805557cdb6b50f4ff
mirror/node_modules/@rollup/rollup-darwin-arm64/README.md	90	6529dcd9e87e25a13c98a6ce7faa78973e9137f8db4acdf910e2158bb7184a38
mirror/node_modules/@rollup/rollup-darwin-arm64/package.json	451	c346f9386b10e7c2f3ac9d19083221cd2629ca125aa90644b3115ea8743c066a
mirror/node_modules/@rollup/rollup-darwin-arm64/rollup.darwin-arm64.node	1780336	1b14be77a4e56595d6d6a326855705aab673ad4f3f7cefe50055d8895f58c5f5
mirror/node_modules/@types/chai/LICENSE	1141	c2cfccb812fe482101a8f04597dfc5a9991a6b2748266c47ac91b6a5aae15383
mirror/node_modules/@types/chai/README.md	1009	885843315389cf2c05776cca29f4855304dd0eef55a5b3f6714245b44f8db920
mirror/node_modules/@types/chai/index.d.ts	87485	9afb4cb864d297e4092a79ee2871b5d3143ea14153f62ef0bb04ede25f432030
mirror/node_modules/@types/chai/package.json	2284	273a3159a592826cc068b22356e9a3e968dffe88a0f99892032a889f28c567a7
mirror/node_modules/@types/chai/register-should.d.ts	92	71fbdc262430e2bd88eb023484ebaaa15f6ae8a4e1f9a0ff80b7bf89fbc76f08
mirror/node_modules/@types/deep-eql/LICENSE	1141	c2cfccb812fe482101a8f04597dfc5a9991a6b2748266c47ac91b6a5aae15383
mirror/node_modules/@types/deep-eql/README.md	1712	f291a03ec5c52df1f4e9b4263388840b5d699e9f5431945f07fc91bbce5536cb
mirror/node_modules/@types/deep-eql/index.d.ts	1117	427fe2004642504828c1476d0af4270e6ad4db6de78c0b5da3e4c5ca95052a99
mirror/node_modules/@types/deep-eql/package.json	792	a2e45f386b2fbaed8a8fe333502f97e59061ed738ddd0437437fde05acfa5484
mirror/node_modules/@types/estree/LICENSE	1141	c2cfccb812fe482101a8f04597dfc5a9991a6b2748266c47ac91b6a5aae15383
mirror/node_modules/@types/estree/README.md	458	284daa8ee1deb294176001d299e950b7af96026497c7147e000f15c00ee6f541
mirror/node_modules/@types/estree/flow.d.ts	4801	5e7c558636932e615efa25b9ecdeff5e80436e646b16084c7554b66ae1fe9103
mirror/node_modules/@types/estree/index.d.ts	18924	751764bb94219b4ce8f5475dc35d3de2e432fea01a0c9610cd7f69ad05e398c6
mirror/node_modules/@types/estree/package.json	829	3537a6a503f57901111d8a29df81962887653deb199b9a795c7fb50bbfdd1bdc
mirror/node_modules/@types/node/LICENSE	1141	c2cfccb812fe482101a8f04597dfc5a9991a6b2748266c47ac91b6a5aae15383
mirror/node_modules/@types/node/README.md	2284	9bf9844698615987bf248432b4e2aabdaf072fef675bfe96ddd45dbaa7d6c8d9
mirror/node_modules/@types/node/assert.d.ts	44612	a38efe83ff77c34e0f418a806a01ca3910c02ee7d64212a59d59bca6c2c38fa1
mirror/node_modules/@types/node/assert/strict.d.ts	201	7394959e5a741b185456e1ef5d64599c36c60a323207450991e7a42e08911419
mirror/node_modules/@types/node/async_hooks.d.ts	25553	3fe4022ba1e738034e38ad9afacbf0f1f16b458ed516326f5bf9e4a31e9be1dc
mirror/node_modules/@types/node/buffer.buffer.d.ts	22411	d802f0e6b5188646d307f070d83512e8eb94651858de8a82d1e47f60fb6da4e2
mirror/node_modules/@types/node/buffer.d.ts	87857	a957197054b074bcdf5555d26286e8461680c7c878040d0f4e2d5509a7524944
mirror/node_modules/@types/node/child_process.d.ts	69757	4314c7a11517e221f7296b46547dbc4df047115b182f544d072bdccffa57fc72
mirror/node_modules/@types/node/cluster.d.ts	28016	e9b97d69510658d2f4199b7d384326b7c4053b9e6645f5c19e1c2a54ede427fc
mirror/node_modules/@types/node/compatibility/disposable.d.ts	473	70521b6ab0dcba37539e5303104f29b721bfb2940b2776da4cc818c07e1fefc1
mirror/node_modules/@types/node/compatibility/index.d.ts	533	21d819c173c0cf7cc3ce57c3276e77fd9a8a01d35a06ad87158781515c9a438a
mirror/node_modules/@types/node/compatibility/indexable.d.ts	1195	030e350db2525514580ed054f712ffb22d273e6bc7eddc1bb7eda1e0ba5d395e
mirror/node_modules/@types/node/compatibility/iterators.d.ts	1303	d153a11543fd884b596587ccd97aebbeed950b26933ee000f94009f1ab142848
mirror/node_modules/@types/node/console.d.ts	21249	c2510f124c0293ab80b1777c44d80f812b75612f297b9857406468c0f4dafe29
mirror/node_modules/@types/node/constants.d.ts	816	5524481e56c48ff486f42926778c0a3cce1cc85dc46683b92b1271865bcf015a
mirror/node_modules/@types/node/crypto.d.ts	189868	f478f6f5902dc144c0d6d7bdc919c5177cac4d17a8ca8653c2daf6d7dc94317f
mirror/node_modules/@types/node/dgram.d.ts	27991	19d5f8d3930e9f99aa2c36258bf95abbe5adf7e889e6181872d1cdba7c9a7dd5
mirror/node_modules/@types/node/diagnostics_channel.d.ts	25224	9855e02d837744303391e5623a531734443a5f8e6e8755e018c41d63ad797db2
mirror/node_modules/@types/node/dns.d.ts	35538	a6bf63d17324010ca1fbf0389cab83f93389bb0b9a01dc8a346d092f65b3605f
mirror/node_modules/@types/node/dns/promises.d.ts	20582	e009777bef4b023a999b2e5b9a136ff2cde37dc3f77c744a02840f05b18be8ff
mirror/node_modules/@types/node/dom-events.d.ts	3023	71450bbc2d82821d24ca05699a533e72758964e9852062c53b30f31c36978ab8
mirror/node_modules/@types/node/domain.d.ts	7812	1e0d1f8b0adfa0b0330e028c7941b5a98c08b600efe7f14d2d2a00854fb2f393
mirror/node_modules/@types/node/events.d.ts	43169	88bc59b32d0d5b4e5d9632ac38edea23454057e643684c3c0b94511296f2998c
mirror/node_modules/@types/node/fs.d.ts	189234	a0a1dda070290b92da5a50113b73ecc4dd6bcbffad66e3c86503d483eafbadcf
mirror/node_modules/@types/node/fs/promises.d.ts	55504	59dcad36c4549175a25998f6a8b33c1df8e18df9c12ebad1dfb25af13fd4b1ce
mirror/node_modules/@types/node/globals.d.ts	13866	a4ef5ccfd69b5bc2a2c29896aa07daaff7c5924a12e70cb3d9819145c06897db
mirror/node_modules/@types/node/globals.typedarray.d.ts	777	a79e62f1e20467e11a904399b8b18b18c0c6eea6b50c1168bf215356d5bebfaf
mirror/node_modules/@types/node/http.d.ts	88427	206a70e72af3e24688397b81304358526ce70d020e4c2606c4acfd1fa1e81fb2
mirror/node_modules/@types/node/http2.d.ts	129084	017caf5d2a8ef581cf94f678af6ce7415e06956317946315560f1487b9a56167
mirror/node_modules/@types/node/https.d.ts	24807	528b62e4272e3ddfb50e8eed9e359dedea0a4d171c3eb8f337f4892aac37b24b
mirror/node_modules/@types/node/index.d.ts	3868	ad90122e1cb599b3bc06a11710eb5489101be678f2920f2322b0ac3e195af78d
mirror/node_modules/@types/node/inspector.d.ts	198848	d71535813e39c23baa113bc4a29a0e187b87d1105ccc8c5a6ebaca38d9a9bff2
mirror/node_modules/@types/node/module.d.ts	36187	4a1c5b43d4d408cb0df0a6cc82ca7be314553d37e432fc1fd801bae1a9ab2cb8
mirror/node_modules/@types/node/net.d.ts	47708	f72bc8fe16da67e4e3268599295797b202b95e54bd215a03f97e925dd1502a36
mirror/node_modules/@types/node/os.d.ts	18956	b1b6ee0d012aeebe11d776a155d8979730440082797695fc8e2a5c326285678f
mirror/node_modules/@types/node/package.json	6673	45bb6d5f970161dd90ccd30e97adf4c85fd7c53ada4954060d9c47053a1dfcf9
mirror/node_modules/@types/node/path.d.ts	8235	45875bcae57270aeb3ebc73a5e3fb4c7b9d91d6b045f107c1d8513c28ece71c0
mirror/node_modules/@types/node/perf_hooks.d.ts	38581	915e18c559321c0afaa8d34674d3eb77e1ded12c3e85bf2a9891ec48b07a1ca5
mirror/node_modules/@types/node/process.d.ts	105790	636302a00dfd1f9fe6e8e91e4e9350c6518dcc8d51a474e4fc3a9ba07135100b
mirror/node_modules/@types/node/punycode.d.ts	5479	3f16a7e4deafa527ed9995a772bb380eb7d3c2c0fd4ae178c5263ed18394db2c
mirror/node_modules/@types/node/querystring.d.ts	7125	933921f0bb0ec12ef45d1062a1fc0f27635318f4d294e4d99de9a5493e618ca2
mirror/node_modules/@types/node/readline.d.ts	25878	71a0f3ad612c123b57239a7749770017ecfe6b66411488000aba83e4546fde25
mirror/node_modules/@types/node/readline/promises.d.ts	6444	8145e07aad6da5f23f2fcd8c8e4c5c13fb26ee986a79d03b0829b8fce152d8b2
mirror/node_modules/@types/node/repl.d.ts	19507	e1120271ebbc9952fdc7b2dd3e145560e52e06956345e6fdf91d70ca4886464f
mirror/node_modules/@types/node/sea.d.ts	6195	814118df420c4e38fe5ae1b9a3bafb6e9c2aa40838e528cde908381867be6466
mirror/node_modules/@types/node/sqlite.d.ts	26142	e1ce1d622f1e561f6cdf246372ead3bbc07ce0342024d0e9c7caf3136f712698
mirror/node_modules/@types/node/stream.d.ts	85168	199c8269497136f3a0f4da1d1d90ab033f899f070e0dd801946f2a241c8abba2
mirror/node_modules/@types/node/stream/consumers.d.ts	1593	125d792ec6c0c0f657d758055c494301cc5fdb327d9d9d5960b3f129aff76093
mirror/node_modules/@types/node/stream/promises.d.ts	2971	37ba7b45141a45ce6e80e66f2a96c8a5ab1bcef0fc2d0f56bb58df96ec67e972
mirror/node_modules/@types/node/stream/web.d.ts	29569	27e4532aaaa1665d0dd19023321e4dc12a35a741d6b8e1ca3517fcc2544e0efe
mirror/node_modules/@types/node/string_decoder.d.ts	2827	2754d8221d77c7b382096651925eb476f1066b3348da4b73fe71ced7801edada
mirror/node_modules/@types/node/test.d.ts	93632	8c2ad42d5d1a2e8e6112625767f8794d9537f1247907378543106f7ba6c7df90
mirror/node_modules/@types/node/timers.d.ts	14636	f0be1b8078cd549d91f37c30c222c2a187ac1cf981d994fb476a1adc61387b14
mirror/node_modules/@types/node/timers/promises.d.ts	3780	0aaed1d72199b01234152f7a60046bc947f1f37d78d182e9ae09c4289e06a592
mirror/node_modules/@types/node/tls.d.ts	59812	98ffdf93dfdd206516971d28e3e473f417a5cfd41172e46b4ce45008f640588e
mirror/node_modules/@types/node/trace_events.d.ts	8926	66ba1b2c3e3a3644a1011cd530fb444a96b1b2dfe2f5e837a002d41a1a799e60
mirror/node_modules/@types/node/ts5.6/buffer.buffer.d.ts	21731	109b9c280e8848c08bf4a78fff1fed0750a6ca1735671b5cf08b71bae5448c03
mirror/node_modules/@types/node/ts5.6/globals.typedarray.d.ts	457	613b21ccdf3be6329d56e6caa13b258c842edf8377be7bc9f014ed14cdcfc308
mirror/node_modules/@types/node/ts5.6/index.d.ts	4062	171fd8807643c46a9d17e843959abdf10480d57d60d38d061fb44a4c8d4a8cc4
mirror/node_modules/@types/node/tty.d.ts	10053	7e514f5b852fdbc166b539fdd1f4e9114f29911592a5eb10a94bb3a13ccac3c4
mirror/node_modules/@types/node/url.d.ts	42696	7d6ff413e198d25639f9f01f16673e7df4e4bd2875a42455afd4ecc02ef156da
mirror/node_modules/@types/node/util.d.ts	98406	a7692a54334fd08960cd0c610ff509c2caa93998e0dcefa54021489bcc67c22d
mirror/node_modules/@types/node/v8.d.ts	37443	74736930d108365d7bbe740c7154706ccfb1b2a3855a897963ab3e5c07ecbf19
mirror/node_modules/@types/node/vm.d.ts	47055	3a051941721a7f905544732b0eb819c8d88333a96576b13af08b82c4f17581e4
mirror/node_modules/@types/node/wasi.d.ts	7935	ac5ed35e649cdd8143131964336ab9076937fa91802ec760b3ea63b59175c10a
mirror/node_modules/@types/node/worker_threads.d.ts	36859	c6ab0dd29bf74b71a54ff2bbce509eb8ae3c4294d57cc54940f443c01cd1baae
mirror/node_modules/@types/node/zlib.d.ts	25784	3797dd6f4ea3dc15f356f8cdd3128bfa18122213b38a80d6c1f05d8e13cbdad8
mirror/node_modules/@vitest/expect/LICENSE	1076	ddc110f3b89cc397cee99d3d64c4f746928b7a3bac02fed15101eb4d367079f6
mirror/node_modules/@vitest/expect/README.md	452	b518c9a1b0d6f5a4b4de4ebfbb43d312190173744c7f809adfb1726c49d398af
mirror/node_modules/@vitest/expect/dist/index.d.ts	27831	120a80aa556732f684db3ed61aeff1d6671e1655bd6cba0aa88b22b88ac9a6b1
mirror/node_modules/@vitest/expect/dist/index.js	66260	dd1e7e900565b46dd15eb7bf729b0b5b7a17f27a9e721527b74d43e888eb3650
mirror/node_modules/@vitest/expect/package.json	1118	329cbb991e3265ae53272bbb710d02d8da7794fdf8cc385522fd4210ae1ffb0f
mirror/node_modules/@vitest/mocker/LICENSE	1076	ddc110f3b89cc397cee99d3d64c4f746928b7a3bac02fed15101eb4d367079f6
mirror/node_modules/@vitest/mocker/README.md	225	2578cf587a3bcb6357ece99d76494d49b9fe8c2f9d248def620387d1bbdc1578
mirror/node_modules/@vitest/mocker/dist/auto-register.d.ts	13	4bd5186f89b856606fcd365feda2e5daa184651613339dcbc297e371b26dd169
mirror/node_modules/@vitest/mocker/dist/auto-register.js	341	48fbfe95b944fdffe29e2279b6c9b69d42fc587d9643b42679ec337dab78c78d
mirror/node_modules/@vitest/mocker/dist/browser.d.ts	2067	2230858ef7c7f98a7e98b5660f425c64aac1b7109924f9f4dd7c557498397556
mirror/node_modules/@vitest/mocker/dist/browser.js	3063	3f8a6f6ce1e5af6fbab25f563e0a54f9b279361fec651b991a251b65bb3c97ce
mirror/node_modules/@vitest/mocker/dist/chunk-interceptor-native.js	365	80a63f2a70cf68138b9608ab3fc69787baa23596775d11a856f0282d9f5cbd11
mirror/node_modules/@vitest/mocker/dist/chunk-mocker.js	56108	c1011d06dc6886f27178039373e58df7d02de96b0306dded3f7b33b04578a656
mirror/node_modules/@vitest/mocker/dist/chunk-pathe.M-eThtNZ.js	5149	8845b0da5f395a5480ecf6b9a4650ed503642faca99733755992f1b0fd06bf69
mirror/node_modules/@vitest/mocker/dist/chunk-registry.js	5205	0264168561ee6e53605eef45faec78b8f42b89266d2797e1959806371bd7cbc3
mirror/node_modules/@vitest/mocker/dist/chunk-utils.js	565	b96f64e277fae29d63fce6dce5adebda5f4837234615afc1499d61b2058695b7
mirror/node_modules/@vitest/mocker/dist/index.d.ts	1090	fa959bf357232201c32566f45d97e70538c75a093c940af594865d12f31d4912
mirror/node_modules/@vitest/mocker/dist/index.js	5940	adfc0cd9acd5f1ad6ce7f3d66d38a62c6294aca2001bbae3faa25af1e81bb59d
mirror/node_modules/@vitest/mocker/dist/mocker.d-Ce9_ySj5.d.ts	3421	e7c45150e7bfa58d6a28386ab11e394e1ffb293b2f0b2130616b256189a29a8d
mirror/node_modules/@vitest/mocker/dist/node.d.ts	22123	bfbb9c15d59f5b0b1c96bf84796d3f1764324146db83cb7d6002fa460bfd61d1
mirror/node_modules/@vitest/mocker/dist/node.js	46002	90c9d0c8d7fdf75293facf01675f227b08c793428fb7b8965e5f59769dd69a14
mirror/node_modules/@vitest/mocker/dist/redirect.d.ts	137	d91526f606dc491dafb987d06c3e32c2faad7aade80889569e99ca58993a10d9
mirror/node_modules/@vitest/mocker/dist/redirect.js	2139	0531ed4e7529e7ee9a553c46c2a6037e0d17ca15175992afdd380f65d640a9d6
mirror/node_modules/@vitest/mocker/dist/register.d.ts	479	d4c1f75ecf7db0550cac91a4fd953844520aa35b4fc5626295b20869bfde87d4
mirror/node_modules/@vitest/mocker/dist/register.js	1226	4da9d37e2ebbd196598fcb206765d629291e0f1816302d28f3da2687a314665e
mirror/node_modules/@vitest/mocker/dist/registry.d-D765pazg.d.ts	3102	b34b5f6b506abb206b1ea73c6a332b9ee9c8c98be0f6d17cdbda9430ecc1efab
mirror/node_modules/@vitest/mocker/dist/types.d-D_aRZRdy.d.ts	349	75d4c746c3d16af0df61e7b0afe9606475a23335d9f34fcc525d388c21e9058b
mirror/node_modules/@vitest/mocker/package.json	1920	6f9a21f0164a5dc5c57f1c135c82423938c70b573fafb805545c645a931a68ed
mirror/node_modules/@vitest/pretty-format/LICENSE	1076	ddc110f3b89cc397cee99d3d64c4f746928b7a3bac02fed15101eb4d367079f6
mirror/node_modules/@vitest/pretty-format/dist/index.d.ts	3036	5c54a34e3d91727f7ae840bfe4d5d1c9a2f93c54cb7b6063d06ee4a6c3322656
mirror/node_modules/@vitest/pretty-format/dist/index.js	54152	86715944bf341c327c98deb4b65fb8d0a5ea201f7f11d780caaaed4212048fb8
mirror/node_modules/@vitest/pretty-format/package.json	1075	45d80489327eca387a3bfb8bd70ad2851f7044e89376776678d0b0f54e19e97b
mirror/node_modules/@vitest/runner/LICENSE	1076	ddc110f3b89cc397cee99d3d64c4f746928b7a3bac02fed15101eb4d367079f6
mirror/node_modules/@vitest/runner/README.md	163	f52097f1395a46528077a1e2856deee34034239005b899289fc9f7564611da60
mirror/node_modules/@vitest/runner/dist/chunk-hooks.js	80980	5e0b0ece2242e3475a0312a375fac6e47287602792d7f4999d2d733ecda2d69a
mirror/node_modules/@vitest/runner/dist/index.d.ts	13359	f0a8b376568a18f9a4976ecb0855187672b16b96c4df1c183a7e52dc1b5d98e8
mirror/node_modules/@vitest/runner/dist/index.js	513	1802b89f2c5ab0344e0d5777d063e5ef3b019af7efed9d3db23460970bd6416c
mirror/node_modules/@vitest/runner/dist/tasks.d-CkscK4of.d.ts	20279	45cec9a1ba6549060552eead8959d47226048e0b71c7d0702ae58b7e16a28912
mirror/node_modules/@vitest/runner/dist/types.d.ts	6366	6907b09850f86610e7a528348c15484c1e1c09a18a9c1e98861399dfe4b18b46
mirror/node_modules/@vitest/runner/dist/types.js	1	01ba4719c80b6fe911b091a7c05124b64eeece964e09c058ef8f9805daca546b
mirror/node_modules/@vitest/runner/dist/utils.d.ts	2378	891694d3694abd66f0b8872997b85fd8e52bc51632ce0f8128c96962b443189f
mirror/node_modules/@vitest/runner/dist/utils.js	536	b02137824260199a8322de9ee01d91f5c7c2d4431c704b05695b316f8a6e3d72
mirror/node_modules/@vitest/runner/package.json	1152	43fa1b19947fe8434a6bc04c428488a7edb44c5d87d76d4b37a167e6b2b251e5
mirror/node_modules/@vitest/runner/types.d.ts	32	1c53e1884dc6550ce179c68e9e3086f54af258fff39eb70274ea9294eb7ce6df
mirror/node_modules/@vitest/runner/utils.d.ts	32	e666e31d323fef5642f87db0da48a83e58f0aaf9e3823e87eabd8ec7e0441a36
mirror/node_modules/@vitest/snapshot/LICENSE	1076	ddc110f3b89cc397cee99d3d64c4f746928b7a3bac02fed15101eb4d367079f6
mirror/node_modules/@vitest/snapshot/README.md	2570	205f51e29f80ac85b484481b020e739feba52a9d3baf420d6ea45aa241becf23
mirror/node_modules/@vitest/snapshot/dist/environment.d-DHdQ1Csl.d.ts	722	324ac98294dab54fbd580c7d0e707d94506d7b2c3d5efe981a8495f02cf9ad96
mirror/node_modules/@vitest/snapshot/dist/environment.d.ts	706	49747416f08b3ba50500a215e7a55d75268b84e31e896a40313c8053e8dec908
mirror/node_modules/@vitest/snapshot/dist/environment.js	1133	fef89b2b501b7b0cf816cbdc3b580ec732de601f71ab76221401498eadbce6d1
mirror/node_modules/@vitest/snapshot/dist/index.d.ts	4546	d6ee22aba183d5fc0c7b8617f77ee82ecadc2c14359cc51271c135e23f6ed51f
mirror/node_modules/@vitest/snapshot/dist/index.js	75843	b4d2cbf9e7ee958aae072f3c519d57916d00c6be65e519e3dabe8f17933de977
mirror/node_modules/@vitest/snapshot/dist/manager.d.ts	839	b62006bbc815fe8190c7aee262aad6bff993e3f9ade70d7057dfceab6de79d2f
mirror/node_modules/@vitest/snapshot/dist/manager.js	1829	b245530bee138adea2ad952b29ba6e4a6ca3131c98507b0579f2ae8f275fcfbe
mirror/node_modules/@vitest/snapshot/dist/rawSnapshot.d-lFsMJFUd.d.ts	1655	9ec72eb493ff209b470467e24264116b6a8616484bca438091433a545dfba17e
mirror/node_modules/@vitest/snapshot/environment.d.ts	38	f2d1a59a658165341b0e2b7879aa2e19ea6a709146b2d3f70ee8a07159d3d08e
mirror/node_modules/@vitest/snapshot/manager.d.ts	34	b7e28e06011460436d5c2ec2996846ac0c451e135357fc5a7269e5665a32fbd7
mirror/node_modules/@vitest/snapshot/package.json	1327	42d0d7e9522464cfd7d6aa8211cb8ed36820246c29f4ebc906fe719989091837
mirror/node_modules/@vitest/spy/LICENSE	1076	ddc110f3b89cc397cee99d3d64c4f746928b7a3bac02fed15101eb4d367079f6
mirror/node_modules/@vitest/spy/README.md	63	8b582fb625bd86439ad70d892f58a0e66950ef46f8c75e33843e1ab4f6005685
mirror/node_modules/@vitest/spy/dist/index.d.ts	14801	04471dc55f802c29791cc75edda8c4dd2a121f71c2401059da61eff83099e8ab
mirror/node_modules/@vitest/spy/dist/index.js	5655	601f8723b3673fea5b7ab54d599c29bdd94a4aaf22888681d41375d4b554fe1e
mirror/node_modules/@vitest/spy/package.json	909	71c7a2a0b747125cf83aad2009eb40b9ba4b28d0866406178ee4cd131bb0238b
mirror/node_modules/@vitest/utils/LICENSE	1076	ddc110f3b89cc397cee99d3d64c4f746928b7a3bac02fed15101eb4d367079f6
mirror/node_modules/@vitest/utils/diff.d.ts	31	05c7aef6a4e496b93c2e682cced8903c0dfe6340d04f3fe616176e2782193435
mirror/node_modules/@vitest/utils/dist/chunk-_commonjsHelpers.js	4156	3c9bdd7b396aa5297c9cacc859389ec1b9a08cb1eff5fa629e7185943f95bfb4
mirror/node_modules/@vitest/utils/dist/diff.d.ts	4592	13918e2b81c4288695f9b1f3dcc2468caf0f848d5c1f3dc00071c619d34ff63a
mirror/node_modules/@vitest/utils/dist/diff.js	78690	24ba8cd434ac38300d36dd8ab7e57c4a0f777e74b69a560f1ab21fdda5b3ca5b
mirror/node_modules/@vitest/utils/dist/error.d.ts	440	12deea8eaa7a4fc1a2908e67da99831e5c5a6b46ad4f4f948fd4759314ea2b80
mirror/node_modules/@vitest/utils/dist/error.js	5218	db4fb717645c259e9149beead55e48b85252646e3383e0b6fcef7f657f7f6c12
mirror/node_modules/@vitest/utils/dist/helpers.d.ts	2358	ac7c28f153820c10850457994db1462d8c8e462f253b828ad942a979f726f2f9
mirror/node_modules/@vitest/utils/dist/helpers.js	6804	2280f10941c55fa8b16757f2714e53bdc504995971e972f20aef61c8b6d14de8
mirror/node_modules/@vitest/utils/dist/index.d.ts	2429	0bff51d6ed0c9093f6955b9d8258ce152ddb273359d50a897d8baabcb34de2c4
mirror/node_modules/@vitest/utils/dist/index.js	21066	905db1e39c8e380d3d0eeea0095d8a3d2e0fe73a823aebe97cd52450493df5ee
mirror/node_modules/@vitest/utils/dist/source-map.d.ts	4726	d2c52abd76259fc39a30dfae70a2e5ce77fd23144457a7ff1b64b03de6e3aec7
mirror/node_modules/@vitest/utils/dist/source-map.js	34675	66efd70f9afab76fbb7911e294b8347ceb9148a391744730994e9cafcaa6b126
mirror/node_modules/@vitest/utils/dist/types.d-BCElaP-c.d.ts	1521	ef13c73d6157a32933c612d476c1524dd674cf5b9a88571d7d6a0d147544d529
mirror/node_modules/@vitest/utils/dist/types.d.ts	1466	db4da53b03596668cf6cc9484834e5de3833b9e7e64620cf08399fe069cd398d
mirror/node_modules/@vitest/utils/dist/types.js	1	01ba4719c80b6fe911b091a7c05124b64eeece964e09c058ef8f9805daca546b
mirror/node_modules/@vitest/utils/error.d.ts	32	500a67e158e4025f27570ab6a99831680852bb45a44d4c3647ab7567feb1fb4c
mirror/node_modules/@vitest/utils/helpers.d.ts	34	497d45c8ff5d5f6b405886c3ea6dbad15e3f74e16b21408ec6d5319e4f43a0ef
mirror/node_modules/@vitest/utils/package.json	1784	6c8addb8935417adf48bcc08b7c190a12364ab8ceb406b819455d1a4687e8d48
mirror/node_modules/assertion-error/LICENSE	1108	2130216d5ab4c02134f8247f32999feda0abe1eaf028218baeac445c19ce4cea
mirror/node_modules/assertion-error/README.md	1721	5560ac0761bf18948b9e93468cc1edbe7bb92766ba46fb13c4249be927c1abd2
mirror/node_modules/assertion-error/index.d.ts	704	2eeffcee5c1661ddca53353929558037b8cf305ffb86a803512982f99bcab50d
mirror/node_modules/assertion-error/index.js	1436	ae82cd43fecfc6098cc692854de413376ed62b8673936e8fd06435da744e1e74
mirror/node_modules/assertion-error/package.json	863	7a77fe7be32038e40aab9a3fc6180a6fbe3fdbb68b006b78a47401f7026e96e7
mirror/node_modules/cac/LICENSE	1117	709131d7af352b81204ada2a3d812e245a83576e327b364f92ba24c578ba9408
mirror/node_modules/cac/README.md	15770	4d142841e5504e7cbf316cd8217dca862a59bb8de13e7aff99f1a403bb6baad9
mirror/node_modules/cac/deno/CAC.ts	8133	a339654af11f347392119be13e4dd5c240daab4a281c24f2f667de0a9f272e77
mirror/node_modules/cac/deno/Command.ts	6993	7252e73944c820add18826529c56ce764f7e8fb6fcfebd771f680ca1f43ddcc4
mirror/node_modules/cac/deno/Option.ts	1497	e4ae2c9dfa3e7cb89bfd9ac095194dc97e9cb0a6f6368df2f7b0ab64a542fb35
mirror/node_modules/cac/deno/deno.ts	239	e4b3295c6dcb9b5ad7e72544b0f15968027a396465c12b5d7e863f6f124db359
mirror/node_modules/cac/deno/index.ts	236	c716f480bbb2fc178bffb25caa027785c10ee161450ede8bf2a1c8ec597576d6
mirror/node_modules/cac/deno/utils.ts	3850	e6426b2706edd6a07c287499b6ca68a2895cc48dc47a2eb602676c2a6cd05ecb
mirror/node_modules/cac/dist/index.d.ts	5060	994a9dc0817e0ffe64b9529828e003a3c495343d097e7a602027adf3cd606f71
mirror/node_modules/cac/dist/index.js	18103	a2d41f12732ef1b2bfccf14eb5b401b07e9cd906d15ec1ddc26e9c908fa99534
mirror/node_modules/cac/dist/index.mjs	17986	77a876ecf34f8eb9002725ec4d04b315f1c4be8346642c0515926c99cec76d91
mirror/node_modules/cac/index-compat.js	184	f2203c9a5ac94d665fc0ae528d9051994b3c30fbe901384d42d2fa97c91eb99c
mirror/node_modules/cac/mod.js	71	2ba50273ff762cd7acf6a08dbf83ff5f0c0c14800d38e07e9ea0991703f57624
mirror/node_modules/cac/mod.ts	44	5e642f7e9d9753f5057c549cda3a37a1c1f5f47dcd1bd2e4ee0ab919bb31db99
mirror/node_modules/cac/package.json	2518	8677bbbe7404ce455200b5f088a45f841bd8a40e7d63475ac711b631516ddcdf
mirror/node_modules/chai/LICENSE	1082	b181da80336ff9dd1043fc8be1a764d7382363433319aa872e4d2cb5ce2a3066
mirror/node_modules/chai/README.md	6206	46852dcbe122990775940b8a4a951cf9c9976deecf381a95618eb6437eaa78d6
mirror/node_modules/chai/chai.js	28	a7661d2413b60a722b7d7ff8e52dd3efad86600553eba1c88c990a0b2c11870b
mirror/node_modules/chai/index.js	142562	a38c60a6984fc6342eeacbbd676fb66a8fe1b06d67a5bc60e3431a94c347223e
mirror/node_modules/chai/lib/chai.js	1276	6c288817222636f6f9851b03282b305bca5d48444b8a46459501aa655df6a8d4
mirror/node_modules/chai/lib/chai/assertion.js	6525	fb340ceb339ebce92ce95b929de261b2ac1562b0b796d74776321caaddc07d7e
mirror/node_modules/chai/lib/chai/config.js	3785	4f01728970d30d3fa65d9465d37704ea4a31bc1a3b3a8203e452e63c5ebbe2eb
mirror/node_modules/chai/lib/chai/core/assertions.js	133661	94d8d8315f93cf32999a118d71e47f2b3a4434019d780bafc2a72419f94949da
mirror/node_modules/chai/lib/chai/interface/assert.js	89955	f316cf0ae44b28779ad2102513fe8f2f28d782009190d5f719127517ae607178
mirror/node_modules/chai/lib/chai/interface/expect.js	1252	df5d6010f281f117a0812a838874d9bc0b33375d12702a276db865e98188d9ff
mirror/node_modules/chai/lib/chai/interface/should.js	6039	fc4338c5c346e1d42b35c6416ef58da81454092478cfeb1bb84bed95babeb44c
mirror/node_modules/chai/lib/chai/utils/addChainableMethod.js	5302	ff7c71057a025c15613287a00ca68d6e1548a6745c6ca10c7940e8dbfc62b83d
mirror/node_modules/chai/lib/chai/utils/addLengthGuard.js	2529	968f8e6f911c01111e3f48036497708522f4fa55b1b0353fd24bfa2e297ab74d
mirror/node_modules/chai/lib/chai/utils/addMethod.js	2173	457e45936e4588548304856569bc057e7f404d4f22e68d4aaff220c5f49618c3
mirror/node_modules/chai/lib/chai/utils/addProperty.js	2391	4ac4ac09f4f2583b67b2c73737057e1d99361a867dfc50da6d1326e3e6cac1c8
mirror/node_modules/chai/lib/chai/utils/compareByInspect.js	770	18f4628f7dc75289518f7538a63a6b6b699526b67d51bd7eb5f644b194f298f6
mirror/node_modules/chai/lib/chai/utils/expectTypes.js	1465	b52fbfa2284bfdf1671432786cfc1d97b8381161482e65d99e31d442fe39d97a
mirror/node_modules/chai/lib/chai/utils/flag.js	881	fb7cd6a69a40b8b201d8dbc335b7577a8b480b587cfa57eacffb2d82d5c6f2aa
mirror/node_modules/chai/lib/chai/utils/getActual.js	484	108d942bf42818f3d9233806f6121f7062e7c53b46e44f813cda858a198223ea
mirror/node_modules/chai/lib/chai/utils/getMessage.js	1397	de4b8eecae95d9679861f0c170e4ee083e8dd442043054c9bd7a36c1af151cea
mirror/node_modules/chai/lib/chai/utils/getOperator.js	1324	d76c991e4d9757ea1160bc84d460eb6c0d87b31f12e2fce8fab58e0441586f49
mirror/node_modules/chai/lib/chai/utils/getOwnEnumerableProperties.js	736	c7164a3ef0f4f4997f65b7d77c211f116b6a3ad1005f4f49c45a57c73c0e06c0
mirror/node_modules/chai/lib/chai/utils/getOwnEnumerablePropertySymbols.js	800	8c47f7f0744161b73ce0b2266c5a208c311c2fb77fc569802db3a6e2ac65ac33
mirror/node_modules/chai/lib/chai/utils/getProperties.js	816	fc4ef2c905a3a175b30c5d1975ba2753e3f49758de4217e7f562cd5cc99612ff
mirror/node_modules/chai/lib/chai/utils/index.js	2721	f743b513e8fb833407a8302b5f3f469dba22dbb8bc903c0d42756970009761d4
mirror/node_modules/chai/lib/chai/utils/inspect.js	1120	b2d2fda350cfb35d864d8e6e166fa46cac978ac7eb5a3d73e673464662ef31a4
mirror/node_modules/chai/lib/chai/utils/isNaN.js	164	908e73dbd791cbb490d63e845678d0b6663275d5ae991e5190d1c4ff39e7559c
mirror/node_modules/chai/lib/chai/utils/isProxyEnabled.js	601	ad1a9b49c81b5dc815d1623f2c66e32a25d32cb0bcafd1ffc0dcd86064e736f6
mirror/node_modules/chai/lib/chai/utils/objDisplay.js	1240	39123381ac403a65113bec811a1e7f13ba22ec627b1248f580f12cc97c66feba
mirror/node_modules/chai/lib/chai/utils/overwriteChainableMethod.js	2165	e3025f7d6c44f5e37c77b89bc2fa669f40319ee9ade30fcb6a21b191bf7cac4f
mirror/node_modules/chai/lib/chai/utils/overwriteMethod.js	3124	ae3c300c45099640ba4eb69ca4be9c3acf1c66cea9963a8a43b6ecbc21aa0795
mirror/node_modules/chai/lib/chai/utils/overwriteProperty.js	3235	c42d3d9290ff58bbb4b6aa1786fe9cad3dc1d542276f9ec01e1790e785c09f33
mirror/node_modules/chai/lib/chai/utils/proxify.js	5493	b3c30bdc066087af99f2511dcaa7d12fe2c070f3ce4e728d11ae32c2abe55f96
mirror/node_modules/chai/lib/chai/utils/test.js	477	295b1f8dc11eb19fcb138f3ca142cce39dfedcff9548431edd6c803bee06476c
mirror/node_modules/chai/lib/chai/utils/transferFlags.js	1402	f4788ae4f1c458636d9251cbdfaa78480ad9dd0ea7d6e5294ac1183a0c89bf65
mirror/node_modules/chai/lib/chai/utils/type-detect.js	384	7fa320ad305f687653782849b710d722df227b3b8a86e87abd6ab233b09816c5
mirror/node_modules/chai/package.json	2071	25ef536c7435582fe1bfa2c299c691517763bb7a6aac25c4e33a508a5905f02e
mirror/node_modules/chai/register-assert.js	64	b5b75f64093ea4c085e5e88aa9d21a7f523eca000c69b46d52fc34657d99b10a
mirror/node_modules/chai/register-expect.js	64	0fc79a0b0f6d0d7f6550fd463760a01f679f8ecbcfb06c2e60c712a6e26a77e9
mirror/node_modules/chai/register-should.js	66	bf7be140e8e6316cd35ea47c9b8daac98e79f62b6ddb481cacfc282cb31bb384
mirror/node_modules/check-error/LICENSE	1109	e5aee0714b6ecc416454b968d1017570ef609f20d8722ab84b07acd550b78198
mirror/node_modules/check-error/README.md	4106	97a80655f71276d93e7c267544db9b60ee623fe5e8488ece9961792ce14262c1
mirror/node_modules/check-error/index.js	4194	41130f4de20ea4fe602774456b19cea4f2922a2c3d54c89f492ef1711c3f6d2b
mirror/node_modules/check-error/package.json	1206	0a58f4d67c1455b141c79b8cdabc009baeba2729b37d4b3b528c0af493d09185
mirror/node_modules/debug/LICENSE	1139	3a61c6c96caf5c1d9b623fb9b04c822b783dfcb78aa7e49c76a3f643e6ed7f95
mirror/node_modules/debug/README.md	22115	486cb669048bd5014adf9ea117e27a45c4e61b0e668f464c724273beb8170797
mirror/node_modules/debug/package.json	1479	ea8e33d63fe5f3a4c36609b6c3df8e2ef1f8b8ba2fc3a2e1e53cb27291f384af
mirror/node_modules/debug/src/browser.js	6103	19920671f5902f64ad8ea11767fa50ea9d7a71ae0b7dff7ba5693c0075afc763
mirror/node_modules/debug/src/common.js	6915	dbe83d2bb5837f3c4d7fe537b8004c585987270eceed5b06b8e078deb0ae214a
mirror/node_modules/debug/src/index.js	314	aa127ff1752b7d9c7415c5c7bb6994d9aa722b81bcbcab4bd48316b013d23bf3
mirror/node_modules/debug/src/node.js	4728	d7b26d7c92f8ea7794b77ce11f3c11cd18c9084df7c357e3c7025344fa28aac6
mirror/node_modules/deep-eql/LICENSE	1109	e5aee0714b6ecc416454b968d1017570ef609f20d8722ab84b07acd550b78198
mirror/node_modules/deep-eql/README.md	4204	964f7691413504360af008adf98fca9cb3dc0b29f69e16070deb17eb9b3f4bce
mirror/node_modules/deep-eql/index.js	16662	9930db669e6df2c30db7400cb25bf1c606c89a96408a452faafb20f75808ae23
mirror/node_modules/deep-eql/package.json	1913	0ee7e49522979ad93908876af0e32a812da311ba86d720ebd1f226a4c8c74635
mirror/node_modules/es-module-lexer/LICENSE	1095	fecc38b5e10d889686b3862e7ade17e8b3e5c94b24b7256b05a354d8524b3274
mirror/node_modules/es-module-lexer/README.md	10042	854ff7cd25a00194709f8a84e65498a971fc6fca451a1ee25238ca168c7b1dd1
mirror/node_modules/es-module-lexer/dist/lexer.asm.js	20560	11c73b8379b531f2b77ffd89c75ca720ecf7059ab15bdc71da66ee22f3fc9ae7
mirror/node_modules/es-module-lexer/dist/lexer.cjs	14323	4e55aa9233ffc5f051b44808b5e2f9c747fe9b1fa91b5de19c6134ebc4837cbd
mirror/node_modules/es-module-lexer/dist/lexer.js	14204	36dc42b0c379cc7d0911ffbc136844729fe3a529f89194ed672cc911d5357f46
mirror/node_modules/es-module-lexer/lexer.js	26309	0d169263f971b3f4896d44359b6c4e313302f3afb7bc83ae05a6b58679fc3bff
mirror/node_modules/es-module-lexer/package.json	1464	de68b22f72517f94d53290ecdbaf975f5e79ca26d8757768b07c5b466749c494
mirror/node_modules/es-module-lexer/types/lexer.d.ts	5443	d62a1b6519b6f83b368e0232833fb230a17b13a8293e672d444c9de74f5517b1
mirror/node_modules/esbuild/LICENSE.md	1069	b40ec5baec7bb34fa5b1c09521fa3cd52d5fad7adafed74932a2010d3612a681
mirror/node_modules/esbuild/README.md	175	6d481cd60ec3c679e5e395f547ab4221147f35642894f6b95a8df38fd25c87bd
mirror/node_modules/esbuild/bin/esbuild	9934834	3e030ee2aa86ad3c33e5e95ae0e53bb03de40e0da35c9b1180a67de4a497cae5
mirror/node_modules/esbuild/install.js	11160	10f6fa3644d8d23d066ff67b0ae449074e75884503546a9fedb667f1dcb9ade2
mirror/node_modules/esbuild/lib/main.d.ts	23392	161c8e0690c46021506e32fda85956d785b70f309ae97011fd27374c065cac9b
mirror/node_modules/esbuild/lib/main.js	88706	0d1241812c443111d39475dfc66836003e9ef8b87e54d990dd67df29d20010e1
mirror/node_modules/esbuild/package.json	1490	cb7d5b1fe478f8cbaae566a86031b6fdf5f7d444354f35d1cb3cba9adf6d2935
mirror/node_modules/estree-walker/LICENSE	1126	8a6dcbabe7179f9c8489c08a7d874d0f1e093ae7449e03756ccf87cb9d0e296e
mirror/node_modules/estree-walker/README.md	1591	182114d9ab2e497c9d147a0984f445ff1dc195691dc8d0cf562a631ad97ea0aa
mirror/node_modules/estree-walker/package.json	720	c459668153035def85be26dbeb40caf315191da06ac8a092cd8024b677c2fc21
mirror/node_modules/estree-walker/src/async.js	3474	8fb7cf3e50e8966368ffb69be9a6a8c6b54343807f008f10bafbba2c209f3476
mirror/node_modules/estree-walker/src/index.js	806	731c3f79f1e9609575d34fb76aa1ffba7c5a29adccc97912dd12fced80431a5b
mirror/node_modules/estree-walker/src/sync.js	3418	599fd208deca092860f442fcb775c501168cbc4c6e1ac1d93c518fcbab8d5048
mirror/node_modules/estree-walker/src/walker.js	1393	eadf0a365eaf36198f6637574f4ebbd3fd95e18fba93442c4d767044a38eb74a
mirror/node_modules/estree-walker/types/async.d.ts	1455	e344cc4394fa9b1f42058282fd262657a90f7b121677e99d527dd393cadd4226
mirror/node_modules/estree-walker/types/index.d.ts	858	bf8f7578124e832be0956030b8d6cd38cc81cafb973dc6f7154265a1ca1545e9
mirror/node_modules/estree-walker/types/sync.d.ts	1408	94894f6fb4c3d669472c373e07d291a3fe14c19f3f195fb1e6338e7df0a25154
mirror/node_modules/estree-walker/types/walker.d.ts	1350	d8e062c357df76b711f92e07446c99714390a79b9ab008facfb18b457aa436b4
mirror/node_modules/expect-type/LICENSE	10760	7c6cc83c84eaa249a85bf12fe3eedd831bb50c696e8890b5248223ae68c7b408
mirror/node_modules/expect-type/README.md	38766	6add033c8506d4247d89570cd9f6157d1f9461723127219a5b235b234d6e738c
mirror/node_modules/expect-type/SECURITY.md	421	ec859663a4d0572a13a3f00c576246f876548029e40ca044da2af30a941a0a17
mirror/node_modules/expect-type/dist/branding.d.ts	6478	cd4cd9220a1ba793bc935e76d8e5481c110a90d9868ae7866a182ee71cdb6abb
mirror/node_modules/expect-type/dist/branding.js	77	d43aa81f5bc89faa359e0f97c814ba25155591ff078fbb9bfd40f8c7c9683230
mirror/node_modules/expect-type/dist/index.d.ts	37958	c4a5f91feb9c5a6b2a91089d959c38391b79a961db3b9cc73b8877d57ad7dcdc
mirror/node_modules/expect-type/dist/index.js	3670	504d5879f4328b88c20d58391e5b493c72a2a18a530b3e05e71f79956a7700f5
mirror/node_modules/expect-type/dist/messages.d.ts	5570	0a7fb8619b10bc05fd933ca9ac1c8b2ab2220be7a57b57565c3ac158595494ef
mirror/node_modules/expect-type/dist/messages.js	1125	e062c2666b2204e889e64985d7d1bc7b9bcd9de0422cda1b1be4b4b63a5c4721
mirror/node_modules/expect-type/dist/overloads.d.ts	23165	a87be4662442b3feeffc331ecafe6b36cafd08727e2d7f2425a5099577e7fd18
mirror/node_modules/expect-type/dist/overloads.js	77	d43aa81f5bc89faa359e0f97c814ba25155591ff078fbb9bfd40f8c7c9683230
mirror/node_modules/expect-type/dist/utils.d.ts	8434	dd51e53752b310bd20c9b1a87bbf12b1fe2be7fe40f505b43199496481096275
mirror/node_modules/expect-type/dist/utils.js	540	57cbab158e5dd81f975b55d6a78918fdf03c28a2dfd7e9a6c0b8d55aba066152
mirror/node_modules/expect-type/package.json	1122	0e7a8ee8b23ae57ee5a3a98daba3ce476786ca5675f7f60b6a8ac320b83501a0
mirror/node_modules/fdir/LICENSE	1053	9a39f2aadab11a3697edd668ff2d8ad885b649737b7ab4d3bf12b34e5ada0c86
mirror/node_modules/fdir/README.md	3851	99ba9a269bf78c24621c0eaaee2978fd2deea1680c147ede89eb2f900ea1d562
mirror/node_modules/fdir/dist/index.cjs	18210	ec92c1fdd78905a7b6d1ea3391aeca2cf19d10e6bbd04db0de158fbfc8b6cff4
mirror/node_modules/fdir/dist/index.d.cts	5129	84e9a7a30adfbe64e51de98c71cc5b8403f6c1af16301c6f40fc2febc4be6fd3
mirror/node_modules/fdir/dist/index.d.mts	5129	84e9a7a30adfbe64e51de98c71cc5b8403f6c1af16301c6f40fc2febc4be6fd3
mirror/node_modules/fdir/dist/index.mjs	17225	4a0266bf60373bc08bcac35a813587ead767864b3a80b5dca10bff999e05e32d
mirror/node_modules/fdir/package.json	2694	aca49395d61ef383a09f74555c66ed45817ca2b5724e710a4dc9e0471b83d8f5
mirror/node_modules/fsevents/LICENSE	1133	2a8a5d6197bb97a018b8a190dd3ed853d750ca87c8e80c17aad41d6c6ff448e1
mirror/node_modules/fsevents/README.md	3203	0311b7e1a5a37192243d37889a838d2252b2201554e9db49b57a657f9fb517c7
mirror/node_modules/fsevents/fsevents.d.ts	1431	5c246116b08ff4de6926ed0d5d065249857b256fb45ef3681b46a4bdc03412ec
mirror/node_modules/fsevents/fsevents.js	2483	1d75660f48786792f0e98d6dabfd301883c8f2a8f61aa690cbf58fb4386c0f1a
mirror/node_modules/fsevents/fsevents.node	163626	40f2f51199e4f5fc46fa6b985fb3461bb63e6cd86c62bfa9bcee45ed4438d5fb
mirror/node_modules/fsevents/package.json	1348	500839fcc76f6c5efcb454e6614b23c26775e75e1140619fff9ca64c291aec2b
mirror/node_modules/get-tsconfig/LICENSE	1089	10c904a49af44409b073532e45a53fd4df19bdf26eaf9afc7917258c2b354382
mirror/node_modules/get-tsconfig/README.md	8304	0735cbc7ad6193a7c3c2737819be4f4b96107fa28c63aecb5e8372040858a000
mirror/node_modules/get-tsconfig/dist/index.cjs	24535	2565f23aaba3da531bb08c5278556715c0c904cef632d6c4c52b42230d2ea6c2
mirror/node_modules/get-tsconfig/dist/index.d.cts	51882	d8af17cb4c5babfc822cb6dade139c25957f9f3881e9df5d0d68c1f9be3f6eaa
mirror/node_modules/get-tsconfig/dist/index.d.mts	51882	d8af17cb4c5babfc822cb6dade139c25957f9f3881e9df5d0d68c1f9be3f6eaa
mirror/node_modules/get-tsconfig/dist/index.mjs	24518	3bcce3de2def9c607ef6b02ed523653ff098c4fdca268ab16c0dae59b269759e
mirror/node_modules/get-tsconfig/package.json	1031	f95040f5fbc86748ff1a08c9169585def994bd9769f57de1da404859c24316e8
mirror/node_modules/js-tokens/LICENSE	1139	33038d552d766f4501d8da25b66053ed217c61274ffce1c6bee413bb037c259c
mirror/node_modules/js-tokens/README.md	440	295a11f47f24d6a42512f36f502553cd7b195f3a926b5eec80b97ed2d6df135e
mirror/node_modules/js-tokens/index.d.ts	1477	a46147f499d4246998d1e44b43beecd2ee04c0a330c35863eaeccc827a737fdf
mirror/node_modules/js-tokens/index.js	12624	4bdde5039cd09fa5a03bbea6faf287f91a195d4202e98138b8c3fa0576801595
mirror/node_modules/js-tokens/package.json	391	3409fe9f61aebdb37b9ebadea6d47f44a2da768e7bbca200bd66dd81f28777b6
mirror/node_modules/loupe/LICENSE	1102	592141f7b861426ceeff937d85ad04ada5f66e386c5a8696ed1bd680f2cdb552
mirror/node_modules/loupe/README.md	2203	7142bab7fbd910e37dc3d68935b2875771c4469ba3753187c343a433417fde30
mirror/node_modules/loupe/lib/arguments.d.ts	168	8bdbbc7a7e507d4b23806a23f014c3ec618ac984a74092153f08bc279d075bf8
mirror/node_modules/loupe/lib/arguments.d.ts.map	245	d52e7c4e62c564cc0ab05a106737738c82c2e8c695af46b738dd351a1c4bf034
mirror/node_modules/loupe/lib/arguments.js	246	404d025426787646a08bb03a783160004558c77aafa5a8d27d24f7ba5fe454ac
mirror/node_modules/loupe/lib/array.d.ts	169	1af9455a2a41e908d413ba04a9fa87d40acfbfc8a0071378766f95ace5a16b8a
mirror/node_modules/loupe/lib/array.d.ts.map	241	5350ca1067e0bf0245aea01bb2c102670d088c7803e58e5ac00e262a189ba748
mirror/node_modules/loupe/lib/array.js	795	26eb29350a564d5bfcd0b9d3bc03fbf3b3e61f7a4cc9eec501620b5aeb37fb02
mirror/node_modules/loupe/lib/bigint.d.ts	160	f486c32d7c9f6b277fe4d694d9f212c9e800a1f0e2bbff74eeb5c2b027b10ddf
mirror/node_modules/loupe/lib/bigint.d.ts.map	227	7855916db127fd7079ff79f9510fc2d382eb9357470de2fd779d874d413e9c61
mirror/node_modules/loupe/lib/bigint.js	270	b609cc49e18392ccf092bcce065dc41294de3a218bce7540ad4223f367985a49
mirror/node_modules/loupe/lib/class.d.ts	189	d2e954798551080c919f4fb5085d88ad4eabc4519474ff1201930aae1c339787
mirror/node_modules/loupe/lib/class.d.ts.map	275	8528fb17f23326965aa30fa5ba44cadf6ef7eb2d1ca58ccdf806a7c83125b767
mirror/node_modules/loupe/lib/class.js	584	787b16ff2d2d3ad09b40f86d06f76ba0dc55bbfcde2f86bb4ef225fb3446e886
mirror/node_modules/loupe/lib/date.d.ts	158	ddebf49726c2874ed4641cdef5d32e3ee20f506745f76f0c366ecdc6026e75ed
mirror/node_modules/loupe/lib/date.d.ts.map	223	499cd5340a103ac8f95d3373fdc1fcc164c862f17f2292009b8d74cd7ceaa3bf
mirror/node_modules/loupe/lib/date.js	486	358966745ff371d63f24d15a7765b52caa6c032b9a634145893f9fe6d19f9ed4
mirror/node_modules/loupe/lib/error.d.ts	157	ffdcbe287b61e71e8e7f458cb02a8a51e5eae9d201e3598cd0c7b71c20690540
mirror/node_modules/loupe/lib/error.d.ts.map	227	1c8333d04b4cd1c88ea141a5aa42d40562bba3d9b81b0c311a3e825dd0a40065
mirror/node_modules/loupe/lib/error.js	1105	e13e9e53692d35eeea37e93cabc1062d97d801ac413b26ddce7a5212e795173d
mirror/node_modules/loupe/lib/function.d.ts	249	7279f2b5eccfb44c2267423f7a537e260124fbf08abb7b2101622364849e1e83
mirror/node_modules/loupe/lib/function.d.ts.map	317	a73e39daae36ad7ff72443da940fb26fd8e506672f75214feab1d6777b79b5ae
mirror/node_modules/loupe/lib/function.js	381	aec65e4f295ba93768fe0d5cb94089d2a17f31221ea54d4e180bf03975c78d8e
mirror/node_modules/loupe/lib/helpers.d.ts	684	09b7092433362e24e88c3072ca464c5e7bf21586658ab0d36a8172ac278a617e
mirror/node_modules/loupe/lib/helpers.d.ts.map	750	90ad5fdee6dac0243a1e3d7d916ab12c32b76530aabdcf616a8c4589823c5916
mirror/node_modules/loupe/lib/helpers.js	5596	b09f94ca54b0c9a2df2b8a4f9d3951da96a9c5ae291aac25366258dbd2894c62
mirror/node_modules/loupe/lib/html.d.ts	437	ae9e0de94b872288f2fa2291f548c4c734ce7c3345bd8ef3b2167432b7def975
mirror/node_modules/loupe/lib/html.d.ts.map	502	725657b67fee7d694f833f6c54f8ef6c829c535712deb46fa1619f3f21c5503e
mirror/node_modules/loupe/lib/html.js	1735	bf21d578c2a4ec522d36a8aed9c0eaffb501def795dd769c6ef01a837d221200
mirror/node_modules/loupe/lib/index.d.ts	427	a1c1c8509a5be09b7d14e5cb63e9fca02b6d10b2c5a2bcea7b56edcaa248a46d
mirror/node_modules/loupe/lib/index.d.ts.map	432	91b1847de7adedd97ecf0f003ae0cca74883cc9eb9f4df1d9405a09c40aa33dd
mirror/node_modules/loupe/lib/index.js	5847	26cfa7659e15ba08cb45829fbbdb52a8753e00ae96b6a988eea4432cfac973dc
mirror/node_modules/loupe/lib/map.d.ts	166	2a6449dba2b584cd595320410986de08a790460af00c37cbee3aa431913573cf
mirror/node_modules/loupe/lib/map.d.ts.map	257	30778d672201855689eaff0f7d8ed86ed383968e68e12fa06fc7167e08ae3bbf
mirror/node_modules/loupe/lib/map.js	680	2910fe80f619cd4da65a76dd41fde6f915460e977678878d463e7868d420c0af
mirror/node_modules/loupe/lib/number.d.ts	160	0ad45e684c0031a3436ab285cbec7b2ff58775872ebb985e250af064226f7fad
mirror/node_modules/loupe/lib/number.d.ts.map	237	4a3f63541845d2abcdb4e6025c31c9732b0c2e028a42c61d8ce3539d9f91b19f
mirror/node_modules/loupe/lib/number.js	642	6b118098dc135e3b9e2c5a5be52255162678969b879c85dc5ee7dcbfecf2d3c9
mirror/node_modules/loupe/lib/object.d.ts	160	7a4bbef334d8fb00a5df28256bf70bb5e115dd795e0fb3cd01c4ad6e866598ff
mirror/node_modules/loupe/lib/object.d.ts.map	238	03df50dcb055aa6d542071ed06dae8936096eb687a188d5ebc7ccb5f7925c2ce
mirror/node_modules/loupe/lib/object.js	924	a904cb60872f204eacaa62a2bdea32f79db2266619ea49452c7e785e1b749458
mirror/node_modules/loupe/lib/promise.d.ts	238	674ce4d0fe59ae0ba7ebe122318f2eb3852afac85eb83ac985fe6ced5188d7e2
mirror/node_modules/loupe/lib/promise.d.ts.map	301	88d2aa520bf3f107712a06cc417445849b3ccdce2391b9df699c3c750fd36f9c
mirror/node_modules/loupe/lib/promise.js	78	da1e5bc3e1b99bbcd170dfb779223a9260742411aa7a2546da511cbfcd66f6b1
mirror/node_modules/loupe/lib/regexp.d.ts	159	8123509848c64511e2e960f6d6ce6972bf72d7c809bd4a5b3d048d2d94953c9e
mirror/node_modules/loupe/lib/regexp.d.ts.map	237	de4bd6a6401f50922f250020c448ecd645e38e3e31a296e0e73a8f1d6c5e9990
mirror/node_modules/loupe/lib/regexp.js	331	8c5c8ca138ea48364ba69947226072e1f0149fb5475ce4ee7b18c1792b69a806
mirror/node_modules/loupe/lib/set.d.ts	157	755703bcd634c5848502d8ecff8f9a3ce90ebed3ca23c1a431bd69c9bd4b3c63
mirror/node_modules/loupe/lib/set.d.ts.map	246	895d862f7c22baa444aa0d444947f469dd3739c41f6c0b3d5119ce9a91a7abf2
mirror/node_modules/loupe/lib/set.js	414	29b9313ba4376768d3f48d46a7f578796bc5752d9d17c5aa4f16c49e5531d5c9
mirror/node_modules/loupe/lib/string.d.ts	160	fd05a1761a84d9e5358adb774aeee2312853448673c1904a082e95bbd9cad785
mirror/node_modules/loupe/lib/string.d.ts.map	238	8449e6c8206aa845fffe2105112368e92d41ec13b1abde6b1af1aaf7cc4dc1a1
mirror/node_modules/loupe/lib/string.js	828	7e3ec319428cfedefc7acc5b191843f593561438b30f640915655f6dd5fd4362
mirror/node_modules/loupe/lib/symbol.d.ts	98	ae66bc8507565210c7b8bb272349c09e4aff29babd3b1632290972e7e16630ce
mirror/node_modules/loupe/lib/symbol.d.ts.map	171	bbc9d53c3be12d1180cb38c471e6688274c7da98e7c013805bda89d0097765bd
mirror/node_modules/loupe/lib/symbol.js	209	4e787049d906004d72205b012a155314a11002cec140385619268578ff9173ad
mirror/node_modules/loupe/lib/typedarray.d.ts	328	5b728e621d8419da42ecbf3b63cd913f735aabd05e3fd486ca9a88f2d2efa89a
mirror/node_modules/loupe/lib/typedarray.d.ts.map	362	2da06d5f39d4246aceed5842e75c892783d12142b15a1aeec89dab890273c9ad
mirror/node_modules/loupe/lib/typedarray.js	1719	68637fc99623cb68769c00d75d5ca9be90ffb403c122c8921196c383d5ab3ce6
mirror/node_modules/loupe/lib/types.d.ts	426	12ea9da80b41d3707dd2b1bcad4a780cf6d5ac21192646782aff7e8f76374c37
mirror/node_modules/loupe/lib/types.d.ts.map	543	5b4613503210ea5369c2baf936cc21a8eca70a2ff51885aed2d055fad0f3782d
mirror/node_modules/loupe/lib/types.js	11	8e609bb71c20b858c77f0e9f90bb1319db8477b13f9f965f1a1e18524bf50881
mirror/node_modules/loupe/loupe.js	19115	b060b1cf1e7d2896ffefbd01614c9b7fd1d4494947082b3465eeca9b33c6f5c1
mirror/node_modules/loupe/package.json	2170	576be81053b77e14f3ccb78111e9c0dbf19164f59d3eeff9763d620d21ef2591
mirror/node_modules/magic-string/LICENSE	1051	1cbe51b907662f6cb1492b16c359384a595180bf0e4d101603ed525e75c4e484
mirror/node_modules/magic-string/README.md	12608	b50a551dac4fc247382d78b52b8c78a797d914c51bee6df30de2621eac18847d
mirror/node_modules/magic-string/dist/magic-string.cjs.d.ts	10017	2be2227c3810dfd84e46674fd33b8d09a4a28ad9cb633ed536effd411665ea1e
mirror/node_modules/magic-string/dist/magic-string.cjs.js	38935	15e180b8bbb5a3fa6a945951b5802dfb75a0967e82f9beeec520cb1ea0fa9ee2
mirror/node_modules/magic-string/dist/magic-string.cjs.js.map	95751	51cd0dfd7f484bf2fcd4fe0bd6022e97af178e40191e6037922e81fef6a031e7
mirror/node_modules/magic-string/dist/magic-string.es.d.mts	10017	2be2227c3810dfd84e46674fd33b8d09a4a28ad9cb633ed536effd411665ea1e
mirror/node_modules/magic-string/dist/magic-string.es.mjs	38739	d637092a6c7dd947e1b27aef30e97d1a5f59dc39b69ef8f4f0e37e766e4df159
mirror/node_modules/magic-string/dist/magic-string.es.mjs.map	95273	4b5e7000c7ce13ab9b731341d53354d18fec2135ec8eac9e079397f8fab924d8
mirror/node_modules/magic-string/dist/magic-string.umd.js	42936	8288c7ef6ff77798ad32cd8d8380cc71fb045b290b7e936ea60bbf934041bfd4
mirror/node_modules/magic-string/dist/magic-string.umd.js.map	112594	1c81a7fb5801ccd073a86132141196564c0ced673b0615c6f361f389fda9c449
mirror/node_modules/magic-string/package.json	1840	86814aaf7dacba9d31fbf361c3285981f1cbbda0a87108caa4131d297bd9eba2
mirror/node_modules/ms/index.js	3024	e5f0b6a946a9b2b356a28557728410717df54ea2f599edb619f9839df6b7b0e9
mirror/node_modules/ms/license.md	1079	1662fae9b5314d11cf51284e2dcd1f006a354f7343f08712a730fcff9a359801
mirror/node_modules/ms/package.json	732	1a6b4d9739790c0b94ab96c8cc0507e281c164c311ff4fbf5e57fb8d26290b40
mirror/node_modules/ms/readme.md	1886	8bf6c4f414b123ea2a9375b91982882d01d8561ce7d12e3bb4f448c23359f040
mirror/node_modules/nanoid/LICENSE	1095	da4db1480d9beea3483a2eda5c53b22238d0827d57da162b48f122e04d2d9987
mirror/node_modules/nanoid/README.md	1479	daaa77dac35f5cfd9c8f173c0b6dfefff05a6388b8343b5a08cc8ea8e66857d2
mirror/node_modules/nanoid/async/index.browser.cjs	1002	a41ebf01ccec641716b861ebd83e80dd2782742996bd06e5ab747abfb78e4ac2
mirror/node_modules/nanoid/async/index.browser.js	992	813aca446f1a32d7783e46657a5538528365d31b9c6dbf1a86cce67ad8209f37
mirror/node_modules/nanoid/async/index.cjs	1008	0b7044701c3c4624695366e91735f4769d593c1144c1b04982fe74819969ef20
mirror/node_modules/nanoid/async/index.d.ts	1505	6eed88ce45c41746dee34d61027633a63a9ead098bf4fe8005667e1cf655cb02
mirror/node_modules/nanoid/async/index.js	991	54a81268c35104735ae437480800defe1e535f506bc78fdcd0f6e248c5233c5d
mirror/node_modules/nanoid/async/index.native.js	829	bab9c2ec89fcc455b5d3fd517f7b2bb4ae9d9ddc27e22ed903e272bb95b893d0
mirror/node_modules/nanoid/async/package.json	233	0e02b9178f3638eba65e96c8643f3bf08ea192dcef7faadaf3c38c50a829b301
mirror/node_modules/nanoid/bin/nanoid.cjs	1129	e4eb9be1a3e3feb3f8979ef08c3bf3ef8430f4f22df9c4e427353a1577accbe8
mirror/node_modules/nanoid/index.browser.cjs	1088	7e45975a7a07da58d2f19fb5ff5c3842fb4e24e294d5968b1e4cddcd1e997da4
mirror/node_modules/nanoid/index.browser.js	1074	e66f4e60e558b134b4747affb4da180950d5eaf607e22333d694a52474a89a11
mirror/node_modules/nanoid/index.cjs	1425	4fdab1df29655fecefa75316231e36e01df39efcbca3b02554538f755a728a1f
mirror/node_modules/nanoid/index.d.cts	2252	a45ee7555d019a67fbe092898d1aef0b1d02a9f6679ab84461ff515b4460d706
mirror/node_modules/nanoid/index.d.ts	2252	a45ee7555d019a67fbe092898d1aef0b1d02a9f6679ab84461ff515b4460d706
mirror/node_modules/nanoid/index.js	1469	871d00b6e541be2bd30caa46a2756548364b553d4be10a8a1edf11a2b0128585
mirror/node_modules/nanoid/nanoid.js	169	8d11a2a154f892b392c0c84dbe3cf9515413e1976103e1827e1a90685b78ae32
mirror/node_modules/nanoid/non-secure/index.cjs	518	73b3dc5bf17d98fc9b9894748907e338c536f47412ae495a5f8052565381ddb2
mirror/node_modules/nanoid/non-secure/index.d.ts	983	f001cc8fd6bd0ce527923f124a5d7309abcab5927852ebadc0ef71d2b1f3ae7c
mirror/node_modules/nanoid/non-secure/index.js	508	c899e2811f0c0b89624f11370da64d381ef3f96be2937c1414130895f5622325
mirror/node_modules/nanoid/non-secure/package.json	99	2f9b8c4bee9312538f388b49c13987f4565ac25d6756fabdbbb771d339945e3e
mirror/node_modules/nanoid/package.json	2283	c6acf9ab29ee1c38ec6ef8dff594fc6218fd48028677632662c7397258986a8c
mirror/node_modules/nanoid/url-alphabet/index.cjs	121	fdb8efafe73e611c45d1fffb25360888e139d5be3ab7982783db22aba2f21518
mirror/node_modules/nanoid/url-alphabet/index.js	111	6c605b83f3d32f76692741ed948e678b8092ea7d2e1b8b637c4982aff35e6e9e
mirror/node_modules/nanoid/url-alphabet/package.json	99	2f9b8c4bee9312538f388b49c13987f4565ac25d6756fabdbbb771d339945e3e
mirror/node_modules/pathe/LICENSE	3355	52e92576851154bad7737e90cc72818936f43665cb0e3f7428ed8edc8cc5709b
mirror/node_modules/pathe/README.md	3048	47b7ea0d3dfaa71bf75fc69bd5239ffcbf4540249637db84cbec2285ceb2cf11
mirror/node_modules/pathe/dist/index.cjs	1249	1f4ca8018d88814e25ea558a3aed3532da23ca0b426eead27b0a4f101ee62ae9
mirror/node_modules/pathe/dist/index.d.cts	1901	199b8737f31ccad3c57ffa105cc5bda788431df584f620429cf385a3a0e6709d
mirror/node_modules/pathe/dist/index.d.mts	1901	199b8737f31ccad3c57ffa105cc5bda788431df584f620429cf385a3a0e6709d
mirror/node_modules/pathe/dist/index.d.ts	1901	199b8737f31ccad3c57ffa105cc5bda788431df584f620429cf385a3a0e6709d
mirror/node_modules/pathe/dist/index.mjs	876	9998af9290974a85a0dea395aabe596dd267c3e3ea8668f0abf9248d04fd75b9
mirror/node_modules/pathe/dist/shared/pathe.BSlhyZSM.cjs	13027	216f157b0d829b31f0709a706e5a59ce4cfc45ca4156f7467a3520a5062e6829
mirror/node_modules/pathe/dist/shared/pathe.M-eThtNZ.mjs	12786	5a087c7848e128640d114aac23965f9fe73dce651a1e4c307f399dc72800afbc
mirror/node_modules/pathe/dist/utils.cjs	2521	2fbf157878053bfe5f298b2f2233105af0e6a1b6e1bb46f24b7d8d4cf084f51c
mirror/node_modules/pathe/dist/utils.d.cts	1599	6b713044588d07735dfc31bbe5ebd41cb608c9982643af703641bb683d69f882
mirror/node_modules/pathe/dist/utils.d.mts	1599	6b713044588d07735dfc31bbe5ebd41cb608c9982643af703641bb683d69f882
mirror/node_modules/pathe/dist/utils.d.ts	1599	6b713044588d07735dfc31bbe5ebd41cb608c9982643af703641bb683d69f882
mirror/node_modules/pathe/dist/utils.mjs	2406	12bf9533748eb9b718d277884c258908acb27e94213604f57da60787cecb9465
mirror/node_modules/pathe/package.json	1534	6cccffe6bb2a39e2e4f257aefc3f5d553d98199a0c79558bdb5ea2880fa030a3
mirror/node_modules/pathe/utils.d.ts	30	0a9392a978ea08e5c58d8801c15864694157ffa0b9019ccdb2bb533183f091df
mirror/node_modules/pathval/LICENSE	1096	5d45910e7ed82fecc3e29b40a5b3a17ceb609fda19f860aa2ec180d87f4f9d4a
mirror/node_modules/pathval/README.md	4027	26d3bb35f84d76fe46a60fb9c276b7b6d62bb1013fd3e7bd786dc2fc25606f54
mirror/node_modules/pathval/index.js	7690	692a15540eb5818cc465ea5a7cb1e8fdcf143e02d3dcc19a5ccc26bbbfd2a02c
mirror/node_modules/pathval/package.json	1526	66c51bced00e284db042748deb34d3ab3d4428982818a10f78064cea4bc9a991
mirror/node_modules/picocolors/LICENSE	787	6582629e2979466878f6014313dcc2f3756c9616148682227ce3063dde310750
mirror/node_modules/picocolors/README.md	622	5027b2836551ea0f91fa27b97335de905e24e1459d590eacfa45c0156962b70c
mirror/node_modules/picocolors/package.json	552	ef2ac226c4811d312e12c64214c453878653e834482125ae475f27cea60de737
mirror/node_modules/picocolors/picocolors.browser.js	598	a2e045ba16013e35c7045797ae940e3ea1c0e0ada13467bc73f7538690ea091a
mirror/node_modules/picocolors/picocolors.d.ts	138	8c5f0739f00f89f89b03a1fe6658c6d78000d7ebd7f556f0f8d6908fa679de35
mirror/node_modules/picocolors/picocolors.js	2663	213bb870fcaad4def0215fe34fbb0f529836cc4d2462e02f14f1a49d09781625
mirror/node_modules/picocolors/types.d.ts	1013	590595c1230ebb7c43ebac51b2b2da956a719b213355b4358e2a6b16a8b5936c
mirror/node_modules/picomatch/LICENSE	1091	d0cd141b0c322fded5dfad1d4645bb2fedfc05b7321fe1009469638190d59ef9
mirror/node_modules/picomatch/README.md	28319	a69b87120fe2b9cb8f9057eaef6b9f9887f803e02185ca2f431e8162f6312220
mirror/node_modules/picomatch/index.js	479	02ae26406508e28f9ba0865be16cf77f0b33de6c4d4d49c212c4176df1d5625a
mirror/node_modules/picomatch/lib/constants.js	4552	c28f952d2758261fe5428a121add485cc25b03e0193633f649de903dc0e5e222
mirror/node_modules/picomatch/lib/parse.js	34668	73211a8ba85ce257b827abd8960e52c9750385b3fd18e8ef1080b114d774eb23
mirror/node_modules/picomatch/lib/picomatch.js	10722	fdd249d7ffff853f3bb1c77eafc8baa1a437bea85a94c35877b83c6a40d9ca94
mirror/node_modules/picomatch/lib/scan.js	9189	227fcc994a477ea95c5a0435d32783566334c6bd0dcc4a103029735ad8c9c535
mirror/node_modules/picomatch/lib/utils.js	1994	f04604f70cd1a3f6ace80b84766468674ff38b4bb83818d2ef1d81fc6355f935
mirror/node_modules/picomatch/package.json	1915	fb7766f5f9c724e13e075760a95d16f87cdb327143d153a913135fde267ec615
mirror/node_modules/picomatch/posix.js	60	5695ff5dfcd5a338a40630bd506056f2950bcb08fe1cc068519cbbfe60add480
mirror/node_modules/postcss/LICENSE	1095	5be1f3465bba68a626777f984878814aaf35e7ef8e9fd314d469bcf887050fb8
mirror/node_modules/postcss/README.md	1098	1d4d9506e11bffb80fbcd6f25221925e867e75f24d0ee998faf6711e01b4132b
mirror/node_modules/postcss/lib/at-rule.d.ts	3356	17f2922d41ddd032830a91371c948cd9ce903b35c95adca72271a54584f19b0b
mirror/node_modules/postcss/lib/at-rule.js	471	33b932bda8f304e9838a70232673326b6c0fd5fa030df35071bf36c127042a0b
mirror/node_modules/postcss/lib/comment.d.ts	1680	6332f565867cf4a740a70e30f31cefba37ef7cebcf74f22eab8d744fde6d193e
mirror/node_modules/postcss/lib/comment.js	203	674385438f42526f2c05c19dfb66fcc521f5cf180ccc85b3215ad5c07ac21a40
mirror/node_modules/postcss/lib/container.d.ts	14025	2977b7884aedc895a1d0c9c210c7cf3272c29d6959a08a6fa3ff71e0aff08175
mirror/node_modules/postcss/lib/container.js	12350	e2fc6a559238ac8186ef56d13d340b7c62c04ba9551e2edc027e761eb393ddd0
mirror/node_modules/postcss/lib/css-syntax-error.d.ts	6447	e16dc2a81595736024a206c7d5c8a39bfe2e6039208ef29981d0d95434ba8fcf
mirror/node_modules/postcss/lib/css-syntax-error.js	3402	904b4bb371539a6303e4e211f0a8991fde7bc94d8674253d627389ff291d0ec1
mirror/node_modules/postcss/lib/declaration.d.ts	3833	cc4a4903fb698ca1d961d4c10dce658aa3a479faf40509d526f122b044eaf6a4
mirror/node_modules/postcss/lib/declaration.js	495	2ccb78406c7a45aab26fc463a0fe5e3e855caf3ab1ba283616ae867046aa3b54
mirror/node_modules/postcss/lib/document.d.ts	1884	e392e8fb5b514eafc585601c1d781485aa6dd6a320e75daf1064a4c6918a1b45
mirror/node_modules/postcss/lib/document.js	654	f66f02fde48389fe1a361a8f71da7ee0236a49c94cf22378e70ba6a2e9f4fab1
mirror/node_modules/postcss/lib/fromJSON.d.ts	160	97bccf79859464fcd23ee7f3f3d00c4287089e420b77ff395068eb2b209c3e22
mirror/node_modules/postcss/lib/fromJSON.js	2810	2d9efb16f305c45f05d30e6727ad3d475c89e08ef893d913c3839f5ce899db17
mirror/node_modules/postcss/lib/input.d.ts	5126	e5bab5f871ef708d52d47b3e5d0aa72a08ee7a152f33931d9a60809711a2a9a3
mirror/node_modules/postcss/lib/input.js	7274	52358502e6ea455d421d21a98fc0a3be3b974ca624b96f43b318780f3e150bc2
mirror/node_modules/postcss/lib/lazy-result.d.ts	4939	a039dc21f045919f3cbee2ec13812cc6cc3eebc99dae4be00973230f468d19a6
mirror/node_modules/postcss/lib/lazy-result.js	15166	a4fdeb2ff9d738f58120bf1927543018793e64f823108864e2d0120670f3453d
mirror/node_modules/postcss/lib/list.d.ts	1424	3eed76ede2a1a14d7c9bb0a642041282dcc264811139d3dd275c9fe14efc9840
mirror/node_modules/postcss/lib/list.js	1227	6df35bac40d4c449ae8e9078776e5c17c529337830a01472761902a546032f52
mirror/node_modules/postcss/lib/map-generator.js	10031	feccbc87472d5d1cc660c2bfd4958cbe5442173f03cbfa518808725f684a313c
mirror/node_modules/postcss/lib/no-work-result.d.ts	1503	3fbe57af01460e49dcd29df55d6931e1672bc6f1be0fb073d11410bc16f9037d
mirror/node_modules/postcss/lib/no-work-result.js	2619	11e06a9b30ab844b877f489ad7870e2a319507aed4554a58a757b7dfd7699505
mirror/node_modules/postcss/lib/node.d.ts	14688	3cc8a3d123b6b232d48d34b51b785f9da8d193f5b5817fa521fcd2f3b9315c55
mirror/node_modules/postcss/lib/node.js	12643	1cc8d56d0c77783fa7fecf702321129936efa3dc504eb4528042a103fe54770d
mirror/node_modules/postcss/lib/parse.d.ts	133	526d4d924f94e938d5c81ec74eb0ada1067a31321dcdd830aee4d66d08bd8bff
mirror/node_modules/postcss/lib/parse.js	1147	7662c5ad1fd5f97a7c1615f0e5e7bc268e762916bcf6fb7bf9dda45537493764
mirror/node_modules/postcss/lib/parser.js	15168	5ac73eb5da16ec8f998a1a5aac28b15815c892c2a3957ab06ee8333f8718be6e
mirror/node_modules/postcss/lib/postcss.d.mts	1046	8d369483f0c2b9ee388129cfdb6a43bc8112b377e86a41884bd06e19ce04f4c1
mirror/node_modules/postcss/lib/postcss.d.ts	11654	354a7f8e1287d9d6b7561bc97fdd8cbc2f7c1dd79e4cb37b942e8a5cfaff1085
mirror/node_modules/postcss/lib/postcss.js	2898	8314c843f5dfa922e6f3fb9b8d8bf3e4b0be0d94b08075e1b4f3599f4276fb67
mirror/node_modules/postcss/lib/postcss.mjs	980	986ebc2d661a3e93b6e026dd2e1925e18167efdcc963f4043a65e1859974664f
mirror/node_modules/postcss/lib/previous-map.d.ts	1757	52dcc257df5119fb66d864625112ce5033ac51a4c2afe376a0b299d2f7f76e4a
mirror/node_modules/postcss/lib/previous-map.js	4778	8d41a57e20c31504342b278f488cacb846b78dba4f54ea342eadd19a2f3c14de
mirror/node_modules/postcss/lib/processor.d.ts	3345	f760be449e8562ec5c09bb5187e8e1eabf3c113c0c58cddda53ef8c69f3e2131
mirror/node_modules/postcss/lib/processor.js	1739	7d0e33fda6cbf4e285a7057d30db995bf2db2579913a5ca4e6e62d8aecaf7284
mirror/node_modules/postcss/lib/result.d.ts	4346	44325ed13294fce6ab825b82947bbeed2611db7dad9d9135260192f375e5a189
mirror/node_modules/postcss/lib/result.js	738	b4239438538d41187fc9a572c83bb89b09524301764ebd4f46c71fe31edd04dd
mirror/node_modules/postcss/lib/root.d.ts	2253	19ee8416e6473ed6c7adb868fa796b5653cf0fa2a337658e677eaa0d134388c3
mirror/node_modules/postcss/lib/root.js	1606	872a512fa232b23f5231070bd981d3eb390316d8776ba5ccb64f723e4b7088bb
mirror/node_modules/postcss/lib/rule.d.ts	2879	46e4a36e8ddbdfb4e7330e11c81c970dc8b218611df9183d39c41c5f8c653b55
mirror/node_modules/postcss/lib/rule.js	569	216ca23a33b1a0145c7925daa442a34e33a9ea41c6f3bb58fca7c4fb355e0166
mirror/node_modules/postcss/lib/stringifier.d.ts	1360	0807e4031561395faa159ca7ff21991d63f3f7df894907ec447d4a62a8e66214
mirror/node_modules/postcss/lib/stringifier.js	11580	fb46963c85be5a3a56d54214e8f3810b0f0f1850814f202b15d45283b4e2f005
mirror/node_modules/postcss/lib/stringify.d.ts	163	5ed0ab0fc1719c68007cf670abd22f78c7767a3b9f4465ad5a29a255adc0c939
mirror/node_modules/postcss/lib/stringify.js	213	99229cdda200513f88f7fee46004d5c39c1492a73451509e66164d26dff34abc
mirror/node_modules/postcss/lib/symbols.js	91	eb8ab8b9648d400ec3e8e37e75dc159734b97ba21137f12da11b4afc2547a1b4
mirror/node_modules/postcss/lib/terminal-highlight.js	1399	27f1eb6cc633f3947e053c96f16b1754bcffcda2742ecc9a1e11cc2a75d70d9b
mirror/node_modules/postcss/lib/tokenize.js	6700	ddfcaaa01f5eac9e4e8652044df1401ce6cc70295fd3f9fbb214ca66fb2bec72
mirror/node_modules/postcss/lib/warn-once.js	256	5683ff69eeb8e77373a4bd0e0b9da611c7575ee434ba3c458c0552ab4806464a
mirror/node_modules/postcss/lib/warning.d.ts	2924	1328ab4e442614b28cdb3d4b414cf68325c0da0dca07287a338d0654b7a00261
mirror/node_modules/postcss/lib/warning.js	1151	eb7656e1b8501c7b7c3b925b3875363e30b5d23477424bc444dc6289993c16b7
mirror/node_modules/postcss/package.json	2497	8443e17cd3367dcb3884be8b65fca0d53ecf007d5887fc6444454afe420dd3e8
mirror/node_modules/resolve-pkg-maps/LICENSE	1089	10c904a49af44409b073532e45a53fd4df19bdf26eaf9afc7917258c2b354382
mirror/node_modules/resolve-pkg-maps/README.md	7773	cb82232c87083b5f5afc2a4b4ed80b6dc3680ee443d1d52b16be8523283c2dc4
mirror/node_modules/resolve-pkg-maps/dist/index.cjs	2150	dc0ffaba25e180745bb1ce1622be094bbc97d07dc275c52413eb546580d9ff49
mirror/node_modules/resolve-pkg-maps/dist/index.d.cts	497	f21fca4c17af045586afdcd64c029379b52374b28f7a0bdebf04abffe708c1a2
mirror/node_modules/resolve-pkg-maps/dist/index.d.mts	497	f21fca4c17af045586afdcd64c029379b52374b28f7a0bdebf04abffe708c1a2
mirror/node_modules/resolve-pkg-maps/dist/index.mjs	2080	5472eb24afa47c614e7edaccb0ccb4c6259f897d875c27057ee00b7c2cdc3672
mirror/node_modules/resolve-pkg-maps/package.json	951	e372f809865bc3fc6ad75be76a90b031eece36e9d12d283de9955aca6be8537d
mirror/node_modules/rollup/LICENSE.md	35231	fa1bd040c5bdeefe65b3821cebf474f2733ce65df13089bd151dda1778e62fe8
mirror/node_modules/rollup/README.md	9999	509a34b064a1698f3f1ac659b9630ed9663059ddb6c4d5d033449b0fb2540da9
mirror/node_modules/rollup/dist/bin/rollup	82278	81ad04a796d8a10f6ca75bdf0ff62fad01fdb4192cd37b081efd6e4a8ae99772
mirror/node_modules/rollup/dist/es/getLogFilter.js	2088	e13560c8e2fe57a42752ba80981808f417be00871c889dc7f1a9de835cdb7e1a
mirror/node_modules/rollup/dist/es/package.json	17	6dc1b06d6b093e9cccb20bee06a93836eee0420ae26803ca2ce4065d82f070d1
mirror/node_modules/rollup/dist/es/parseAst.js	293	49ee54c91215cfc69112a246c816bfa7f74f23209011d9fa5ad0356d6f5e3403
mirror/node_modules/rollup/dist/es/rollup.js	430	d2f80c23732869ebb3416acddb0af10c4d91a5ad3848899d1db8d0b2c1941e91
mirror/node_modules/rollup/dist/es/shared/node-entry.js	948069	71c61a71ae164358135143b510acbd4e5ca47babea368e2ad4de4691221cffb9
mirror/node_modules/rollup/dist/es/shared/parseAst.js	86189	df33a03f314b30eabc6f81de4cd2af5b2a4841e576852c5ab96c82a015e27552
mirror/node_modules/rollup/dist/es/shared/watch.js	264026	5a060da972f5272817a0e99f67810c55c941b86131c07f7db41c16ad0122a564
mirror/node_modules/rollup/dist/getLogFilter.d.ts	171	e7cbf7017d77efd5099e08d85bf58c7658f29edfce5ab0db8faccb86fe9736fa
mirror/node_modules/rollup/dist/getLogFilter.js	2230	8d19c99bc8afff334e7469b8ab1088f553de5b0f8577504634253d4e547ba38b
mirror/node_modules/rollup/dist/loadConfigFile.d.ts	471	da9f07c6be066d7b02671ee64ac78bd56cd1a57d98f1ad6b2ef54f685ca146cf
mirror/node_modules/rollup/dist/loadConfigFile.js	705	6598dc1351a5aa64aff039572bcedb135077cbb036ed541bda6469ca8b687296
mirror/node_modules/rollup/dist/native.js	5116	8f91208795ce224b196754fff229bbc108c10746a24ba5acda84fc0d550cb919
mirror/node_modules/rollup/dist/parseAst.d.ts	134	a660aa95476042d3fdcc1343cf6bb8fdf24772d31712b1db321c5a4dcc325434
mirror/node_modules/rollup/dist/parseAst.js	506	1b76db7c3af580c6ac97e34a8ddaf7dd4cc66f04cd649a1a4a7f1be34598c763
mirror/node_modules/rollup/dist/rollup.d.ts	36145	ee70b8037ecdf0de6c04f35277f253663a536d7e38f1539d270e4e916d225a3f
mirror/node_modules/rollup/dist/rollup.js	4701	4afcb1ade043bf512ca372b67d78763da68fa476a83f035ed87cc1f6e86bf670
mirror/node_modules/rollup/dist/shared/fsevents-importer.js	884	ac637d331ac10d2d94626806a8024e29a054c29f1d0ec65eaa0bdb5aa9645140
mirror/node_modules/rollup/dist/shared/index.js	254170	dea284bb364888758b65166c0224f7e180ed54e1ea44eda04d082518b75d1892
mirror/node_modules/rollup/dist/shared/loadConfigFile.js	22927	f08ab5abc29cfa90239d5d5de00559eae38d7c0bb16e7efeacd060626875fd06
mirror/node_modules/rollup/dist/shared/parseAst.js	95295	b036250bda3a9b644690d0b4c0014db0b01a88f2138685fd6a092c98b6226867
mirror/node_modules/rollup/dist/shared/rollup.js	947237	c7175df573f0e118fdceba2b80a78bbe668d7ba046898e5b46c4f94db7f39da1
mirror/node_modules/rollup/dist/shared/watch-cli.js	18481	2f573e6ddca7653f953c7b1cf35e605fb6f11ef50114b3680bb2f176a2ba42e6
mirror/node_modules/rollup/dist/shared/watch.js	10556	558e824a3f1023e372f7fa8aa0ceccb1a460fcdfceefa1fd77c2a82a474412a4
mirror/node_modules/rollup/package.json	12427	f4c43bde641711b4e7cda761bf681dd6b694e58e10cb02bc8a4f691f39f2a8a4
mirror/node_modules/siginfo/.travis.yml	1523	47297c8c9359716fc1e5b52bb17699b07d51f14293935439dd07cfc197c85531
mirror/node_modules/siginfo/LICENSE	744	3bdddf0b9b08aaa2fe4365b803fc958ed32c0597ca0bd727be8d9fcb8b248d18
mirror/node_modules/siginfo/README.md	1130	81f59874faa10713cb070c30f67382a025b1f6836f0a982ee590fa7fe67d5d16
mirror/node_modules/siginfo/index.js	453	09cf26cfbfa7d0b90a6e8cb0fe2f680a91eab3d515a4772240afcfebd6e1834e
mirror/node_modules/siginfo/package.json	676	ff13b85283144b84f297d757a7b5dcffc7abcc469b3b22bb6fc94b6b1ae5f662
mirror/node_modules/siginfo/test.js	263	91b3fd7ffa1aaecf9ee51b7b65c519836df401436ee2fdea55371db2fde8c1f6
mirror/node_modules/source-map-js/LICENSE	1526	6cb0631f71c7749763fd3dd1d5bee52dd1070ec17f2edc1710079ad070bd2fbd
mirror/node_modules/source-map-js/README.md	26040	8e1a57daf01cd2fc8969ecd0afeae51d1c05c7c79e9413ea82016a0f65e97646
mirror/node_modules/source-map-js/lib/array-set.js	3197	163bb3055aaea7140167740036a83161fd912c344b14f992754b80f21477d754
mirror/node_modules/source-map-js/lib/base64-vlq.js	4714	f3407e528f54ec0787bd0a71eeac0c99fffd98445916fcbe116dc69ca3be928b
mirror/node_modules/source-map-js/lib/base64.js	1540	651bf433cf05e9ec8cee0b94639483236a605d48279e83d3d5c5de81c21d6599
mirror/node_modules/source-map-js/lib/binary-search.js	4249	c7f4a47a125af0bd860443dfd71d2f412d1a97dcb53ab7038189d63b91dc32bd
mirror/node_modules/source-map-js/lib/mapping-list.js	2339	35ddb82861f11a70ab84cb47d620fcb28d7f884bb444644e06bde815b836ef9e
mirror/node_modules/source-map-js/lib/quick-sort.js	4068	72ed4911cdc72232cac53cac995e28e865cd4302186173bba74ff6436c089915
mirror/node_modules/source-map-js/lib/source-map-consumer.d.ts	40	2ca1c32e3bd72c64662adf034d97df8606ba1e1399cafc75567809ecff4bca95
mirror/node_modules/source-map-js/lib/source-map-consumer.js	41580	78f7a8f6d20f51a99a9cbd8d552321b1a72de9b9fb9c39dbeb27dc84eb2eade5
mirror/node_modules/source-map-js/lib/source-map-generator.d.ts	41	11f9b1e28747ca9cf5f4f7d41a7f261ac98ecde6be7dc146824fa275ac1f169d
mirror/node_modules/source-map-js/lib/source-map-generator.js	14933	645482e8d23fd49cd025a0ad07c2e2beb173995138370d6a73e596e18e889bd8
mirror/node_modules/source-map-js/lib/source-node.d.ts	33	e4a2e40e293158fb2ab29aadb9eaa6400c8d9be5851d45a95a76f9e2a4bb7c8b
mirror/node_modules/source-map-js/lib/source-node.js	13808	b45db8183550ca1e6259976f6ceee89f6764360c56cf206701bd2f7471144e31
mirror/node_modules/source-map-js/lib/util.js	15403	0629f3ae2f3049cda3a2e87ea651dcf0cc71108f4681795ab989a8ac1573fc03
mirror/node_modules/source-map-js/package.json	2548	58f8e94a461a5e461e0cb2bb2be681cbd89b9181989fd26fceb858e67711469a
mirror/node_modules/source-map-js/source-map.d.ts	3408	402e5c534fb2b85fa771170595db3ac0dd532112c8fa44fc23f233bc6967488b
mirror/node_modules/source-map-js/source-map.js	405	dc098456c2d9ab90a4c0a17cca9be16665b9813df20906553a98b0088a157be7
mirror/node_modules/stackback/.npmignore	13	16d30e4462189fb14dd611bdb708c510630c576a1f35b9383e89a4352da36c97
mirror/node_modules/stackback/.travis.yml	47	58a941c0a476def880909ff08ee6537f39e3e552cc5ea76873de31409a8a05da
mirror/node_modules/stackback/README.md	1900	0ac49857291755487f92130e4e2eec3e88b8012a7e42a6549763929ba4e6a4e5
mirror/node_modules/stackback/formatstack.js	2360	3c1191bd7094a36098418e7d1606e2a49e7ee25b5ddee54b0b2514ea1a43b8a7
mirror/node_modules/stackback/index.js	1458	bc58b3118cb8b3d1a674a7e70c2d6091de3dd31deeb3e1d1f06a54a1a452fd34
mirror/node_modules/stackback/package.json	485	4d984909b27d37d2f1a379b9cda7292a6e3a133c076df166d740a17514ac6e60
mirror/node_modules/stackback/test.js	621	bafcd0f7608bbfb56f07ab3a92fee18884dc619ef3bc06ccb207ee7fa43c75e6
mirror/node_modules/std-env/LICENCE	1079	a6f36438e46fb911859f3b9c4cad045ba64e1af3d8f4512c60258fa2d7552d28
mirror/node_modules/std-env/README.md	2702	25ccde6e0d0081b959637057660839dd52b97a523d0e882825efe7ccd6b72c83
mirror/node_modules/std-env/dist/index.cjs	5343	c6b20d870ed0a47e81c72058d6548a33087b592ae8dfca64a4cd04bc6e43d1bd
mirror/node_modules/std-env/dist/index.d.cts	3962	6c0c1b8e1cfb378e5253d0ac220672ce58700fac09f01e2cc6ae3b6f95099fd2
mirror/node_modules/std-env/dist/index.d.mts	3962	6c0c1b8e1cfb378e5253d0ac220672ce58700fac09f01e2cc6ae3b6f95099fd2
mirror/node_modules/std-env/dist/index.d.ts	3962	6c0c1b8e1cfb378e5253d0ac220672ce58700fac09f01e2cc6ae3b6f95099fd2
mirror/node_modules/std-env/dist/index.mjs	3712	f2e16b1afb63f0ebd77704ae74c55310ca03cb8ab5e828aba853374c506fc69c
mirror/node_modules/std-env/package.json	1333	47978ed306b2a6054d237c3d48f37681aac1de0648ab1544fc6ce44295024a83
mirror/node_modules/strip-literal/LICENSE	1094	af32efdd008a371c77b13eef5010c81d6c5c2f67c054b6bb74317e13ac38c171
mirror/node_modules/strip-literal/README.md	837	6a93ec69ff0dae1ec992625c684d23cad0c6f53a8de15aaf42444d73aea51297
mirror/node_modules/strip-literal/dist/index.cjs	2647	9e92612c47211fb58a7943bba8579889c8e6d8a04cec21130b73d7651b32664a
mirror/node_modules/strip-literal/dist/index.d.cts	812	390140c96dcaf0831d24b5408d19af017e3a8f150fed140791d976ac20dd2da7
mirror/node_modules/strip-literal/dist/index.d.mts	812	390140c96dcaf0831d24b5408d19af017e3a8f150fed140791d976ac20dd2da7
mirror/node_modules/strip-literal/dist/index.d.ts	812	390140c96dcaf0831d24b5408d19af017e3a8f150fed140791d976ac20dd2da7
mirror/node_modules/strip-literal/dist/index.mjs	2377	09add00f6be42a217929bd3b10e9220af69bb659a5bac650cae7517f8cae31cf
mirror/node_modules/strip-literal/package.json	1462	449a78d5321c299b0ea753390cc04a31750d1d66b608870ca9829ca524cb7188
mirror/node_modules/tinybench/LICENSE	1065	cebc084d54e6dd99e53292ddb4bc1cdb63d9bfcd9ce438fe3aa6eb106d79e2ea
mirror/node_modules/tinybench/README.md	13406	26639345f07dc0296bb796628a36bcfd452c1aec60368c82ff58252df43a59da
mirror/node_modules/tinybench/dist/index.cjs	15265	5527557ba0f67cd323d3a4f9e0b521197cd0689e528b601d9bdbb8204aba1e03
mirror/node_modules/tinybench/dist/index.d.cts	9058	69bf2422313487956e4dacf049f30cb91b34968912058d244cb19e4baa24da97
mirror/node_modules/tinybench/dist/index.d.ts	9058	69bf2422313487956e4dacf049f30cb91b34968912058d244cb19e4baa24da97
mirror/node_modules/tinybench/dist/index.js	14553	e47e88c53aaa2ab5ac12299a13eea36d33b3abfe23ab30772da04d4fdeafe9fb
mirror/node_modules/tinybench/package.json	540	74cf001e0ad7780cb3f596a75a2595d737337741ba76f734811387a5139ff327
mirror/node_modules/tinyexec/LICENSE	1065	f95f668fe64081ddb4153b322e34fdd719b991285ed08177d5ad7133b7988d92
mirror/node_modules/tinyexec/README.md	5596	779d48620cb9430abf9e3fe8cfeb61d31c7a4750140ca3d57f1f45e573c71599
mirror/node_modules/tinyexec/dist/main.cjs	16245	d106dd253dc0bb8372c3b1ee1a5b7620acc48b393854d03ff606e736d96a88df
mirror/node_modules/tinyexec/dist/main.d.cts	2645	36af3dd51c7546974b4b018d4552a784e5d9b0a773c9edd422be8da63870735f
mirror/node_modules/tinyexec/dist/main.d.ts	2645	36af3dd51c7546974b4b018d4552a784e5d9b0a773c9edd422be8da63870735f
mirror/node_modules/tinyexec/dist/main.js	16289	2e2cc31e1b0fe5a1edfb756b4cc7c85af37a30e82d2fc360e52321ccc96d0b56
mirror/node_modules/tinyexec/package.json	1601	37b9e1a7b215d99d4696da75b08818204c8b382387db8591fb7ae8d5d7b1be78
mirror/node_modules/tinyglobby/LICENSE	1076	22c68811e174cbbfb3813d4135918df4f540959c14d872e601d9abe83d3cde8f
mirror/node_modules/tinyglobby/README.md	931	657d808498dddf2ea2049dd44f008cd18c260893ef73920285d7b3e9afcb7072
mirror/node_modules/tinyglobby/dist/index.cjs	13706	ee408bbc9665cba5800a6b2a0c89dd3df9820baa30d4ff3ba2f2435f16ce9f94
mirror/node_modules/tinyglobby/dist/index.d.cts	4688	737da79b3269b992ed4aa9a9f799ec85ae0eb5236a3f63125382e52e02e0c832
mirror/node_modules/tinyglobby/dist/index.d.mts	4688	737da79b3269b992ed4aa9a9f799ec85ae0eb5236a3f63125382e52e02e0c832
mirror/node_modules/tinyglobby/dist/index.mjs	12438	fc1bed0d5da56d4638002af7deaf6d179e183a85de648c180839ca36b21b3b50
mirror/node_modules/tinyglobby/package.json	1761	bd2b2af3c9ba0580f1acfb22c55d0b6d29abf683af5cac8a2efe82fa7c943f23
mirror/node_modules/tinypool/LICENSE	1209	0d506ca1b2adc4ee63a9e2384a85d6cf9f014b4cf3d00c162cd60216450324fa
mirror/node_modules/tinypool/README.md	1425	6f0afe73d54dbd98bfcf0de2a4e41944e04df17b6eb25ffaa0802a7e898b8f67
mirror/node_modules/tinypool/dist/common-Qw-RoVFD.js	1078	dcd47ce2017183f8175fe9310e1260040cb18121c3321a10ce4b0aa753486cad
mirror/node_modules/tinypool/dist/entry/process.d.ts	11	4f1bad288ada6326583a3e6a0a54d7627a03eac3b668adeea9dded12ac5656b8
mirror/node_modules/tinypool/dist/entry/process.js	2048	a73d2103a366a3dfdbe65495eaa26df058af1e3ad12339fd4b0f679e7c70989f
mirror/node_modules/tinypool/dist/entry/utils.d.ts	249	b0f56be369862edabea33b247e92ab03920b65b386813fe07d7bb14b9e493942
mirror/node_modules/tinypool/dist/entry/utils.js	108	e07168279fe1316d5aeda98b6e547832bc07fb3202b20d34116a12f0110f374d
mirror/node_modules/tinypool/dist/entry/worker.d.ts	11	4f1bad288ada6326583a3e6a0a54d7627a03eac3b668adeea9dded12ac5656b8
mirror/node_modules/tinypool/dist/entry/worker.js	2736	e08e03c909cf9b5790f5969d09e4114d5b8908f3c0b75fbb487010f8cd54393e
mirror/node_modules/tinypool/dist/index.d.ts	6243	e9f73a253b5e6651687e80d0aa2d40d173eff70ed4e98ed0eb139730a28b3ce2
mirror/node_modules/tinypool/dist/index.js	26655	21a972f29f565170207234994faef33fa4366f7ce2375e166f91a15bb2497fa5
mirror/node_modules/tinypool/dist/utils-B--2TaWv.js	1213	ac4e5e0ab782dc88fdc03fd83df4c6a4f12d20b517ecaa4d546c1ad9c94b931e
mirror/node_modules/tinypool/dist/utils-De75vAgL.js	213	6a5e149a69ac5533bf1c54852fee9d8e70478b914e28cf55110584647d7ffc6e
mirror/node_modules/tinypool/package.json	950	fab0aa2756e7cf5c2dc020daafa86c2b5fa3cfd2f9087393418b9a7379dc3dda
mirror/node_modules/tinyrainbow/LICENCE	1065	cebc084d54e6dd99e53292ddb4bc1cdb63d9bfcd9ce438fe3aa6eb106d79e2ea
mirror/node_modules/tinyrainbow/README.md	508	067a9a2ee7c7fff919159244471222a94bcc8eca1fc73ff54e8339e1384c091a
mirror/node_modules/tinyrainbow/dist/browser.d.ts	311	fb7c8d90e52e2884509166f96f3d591020c7b7977ab473b746954b0c8d100960
mirror/node_modules/tinyrainbow/dist/browser.js	255	8b0466aec0e0f59b0dc96719a509025c7120b4c28337da6ca808de2810f27b83
mirror/node_modules/tinyrainbow/dist/chunk-BVHSVHOK.js	2231	d5815006b0924992c6afbf13f5b7b47eb87997d33e14f4fdeb0882b3670bf252
mirror/node_modules/tinyrainbow/dist/index-8b61d5bc.d.ts	2218	f9b028d3c3891dd817e24d53102132b8f696269309605e6ed4f0db2c113bbd82
mirror/node_modules/tinyrainbow/dist/node.d.ts	311	fb7c8d90e52e2884509166f96f3d591020c7b7977ab473b746954b0c8d100960
mirror/node_modules/tinyrainbow/dist/node.js	340	b5d16f0f1abcd114b4d0d9c3deda65b20521b5d5542da4e12eafbff0d387448c
mirror/node_modules/tinyrainbow/package.json	869	0cb71f642cec4eaf8db6e4142e12482e32ed4914bbefe5cb2a699c3b2fd39ae7
mirror/node_modules/tinyspy/LICENCE	1065	cebc084d54e6dd99e53292ddb4bc1cdb63d9bfcd9ce438fe3aa6eb106d79e2ea
mirror/node_modules/tinyspy/README.md	498	84e4b6b72f5f5d918d5acb52e6fab032bf2693a37a0d3cb701536c1ebe94a721
mirror/node_modules/tinyspy/dist/index.d.ts	3328	8490622d20bba888a20c76c090d58c44edc8a3816a3c89bb21ad52217bfc088b
mirror/node_modules/tinyspy/dist/index.js	5071	1694395db833db3892ddbdac83d9614ff3b5bdc63cd78b70d653a4f7ba0460d6
mirror/node_modules/tinyspy/package.json	765	7e78b77f1d3ca418c431900bb94b650482f2d010d0943e51f39674d34092c4ce
mirror/node_modules/tsx/LICENSE	1088	8dded67841a9261a622c739fb61c81785e93765de852828ceeb9403d20a74581
mirror/node_modules/tsx/README.md	1375	bdc095a5be01c6f9e626b417ba025fa5e8dad669f081540f58e4ad9daede0971
mirror/node_modules/tsx/dist/cjs/api/index.cjs	586	b396a280df2ea1de64a7fa989db0d46cf1b90fc07f12e4dc5e57d5e5a99d4feb
mirror/node_modules/tsx/dist/cjs/api/index.d.cts	1090	8c2b1a98cc24f9efb1d8705b3c3c1929d3a4f42273466da97df62c7b253eaeee
mirror/node_modules/tsx/dist/cjs/api/index.d.mts	1090	8c2b1a98cc24f9efb1d8705b3c3c1929d3a4f42273466da97df62c7b253eaeee
mirror/node_modules/tsx/dist/cjs/api/index.mjs	513	685c2a23306b7bba191e8f4f123382fa380fdcb2a58bbb1cc46a1f0a6d2255ff
mirror/node_modules/tsx/dist/cjs/index.cjs	484	a6d966dff90f93d5a9cb22206d9a37f05eb3f66f004a07424bd96aebfeda9acf
mirror/node_modules/tsx/dist/cjs/index.mjs	412	940bf50aae38d11425db038dfacd2102e469eca6b6e896879c927611e593f6cf
mirror/node_modules/tsx/dist/cli.cjs	120491	d92878011c9fd0087d7fc2ec3b96acb42b5fc5d8c4eb59a8189aa7261137d66c
mirror/node_modules/tsx/dist/cli.mjs	120402	d2fe680e64f08c2210a3e8a9ea98a011cc921733244d34cd5ca7387fadd0b6a1
mirror/node_modules/tsx/dist/client-BQVF1NaW.mjs	500	334ad3dbfaf820eeb08dd2fa40750c8316e6f8a61311bdf99defd3c361fbece4
mirror/node_modules/tsx/dist/client-D6NvIMSC.cjs	549	af10790d58385f62c205140c3f7c25dae26638c2961fa24eb958f888d8995a40
mirror/node_modules/tsx/dist/esm/api/index.cjs	1255	b97d8aa5122372689e759de9a7c30e6d1f29eb683a7a714beaab953cc8eceaa7
mirror/node_modules/tsx/dist/esm/api/index.d.cts	1152	eb9096c517da313cbedce8818d9cadb82bbf02cd6f4a65db4cee42ac01f4272c
mirror/node_modules/tsx/dist/esm/api/index.d.mts	1152	eb9096c517da313cbedce8818d9cadb82bbf02cd6f4a65db4cee42ac01f4272c
mirror/node_modules/tsx/dist/esm/api/index.mjs	1109	477bed5ef167ef825ec4cb99ed010ac6d70833d1b4e8b46e23825cc6de543d8e
mirror/node_modules/tsx/dist/esm/index.cjs	7649	ba62cca86f69032499267d8e18e5e68df74ee2e2591c8f5ff12109459f78c221
mirror/node_modules/tsx/dist/esm/index.mjs	7013	8d78e315d6536ae04297aaf0d6d8ec9543e00e20fe5c4f46232daa82e8745fa1
mirror/node_modules/tsx/dist/get-pipe-path-BHW2eJdv.mjs	368	307483caa22c2406677b4bd513bf602b4de3986f3e23eac7724e99c0d7ddc8d6
mirror/node_modules/tsx/dist/get-pipe-path-BoR10qr8.cjs	435	70a7fd0d550d1df1336946c504b36dcf97658a7c3328e02a69834ae0c4bfee91
mirror/node_modules/tsx/dist/index-7AaEi15b.mjs	52247	47851348bc3bbc11413edd4bf44758b7a85e28419847583231d74a182b044e22
mirror/node_modules/tsx/dist/index-BWFBUo6r.cjs	1181	fe29b97b254312970fceb8995a519abc8751f26972c221281959a7d77858a464
mirror/node_modules/tsx/dist/index-gbaejti9.mjs	1058	76febbe946957c96066d1d59293c4a26fc874c05876394cf4c178e4f4d0b6ba8
mirror/node_modules/tsx/dist/index-gckBtVBf.cjs	52353	49ad679be79684c7706ad7ca495f0afa7bfa361b354eb77e6389cf19df91c524
mirror/node_modules/tsx/dist/lexer-DQCqS3nf.mjs	13456	6b77bebaee2dd7741177e287a78ef4329d9ef91f6939d09cfcf0029b3859f883
mirror/node_modules/tsx/dist/lexer-DgIbo0BU.cjs	13507	9b92935847bf0f6daade96b21c8271139ed8b48ef3fa59647af0ef1d36770db0
mirror/node_modules/tsx/dist/loader.cjs	1032	ff33128961cec9865a3c8ffb37f4edaecfd1ba960cc9a0a249f816594972dcf9
mirror/node_modules/tsx/dist/loader.mjs	729	0b1c5b86192772fe9257710e739959cee5947c11ae1f93b61abfaa9b80c6def1
mirror/node_modules/tsx/dist/node-features-_8ZFwP_x.mjs	526	dbf95f05cce9b129a9a89f33f43b7804ab641aa8b256e7cf64ad9f92b880cecc
mirror/node_modules/tsx/dist/node-features-roYmp9jK.cjs	628	18c0185390eec5bb60600ecb503a933673a77832bb93db3a258933f4ab051768
mirror/node_modules/tsx/dist/package-BTMRuUqB.cjs	47	829c8795e2559b5a0ada3d1504ac26684bdd975101349a13c1cebad47798c5fc
mirror/node_modules/tsx/dist/package-BgRDTLo0.mjs	31	86f765f545b86c010f2919fbcb408d30181e01ca51a6f47bbc7f808b0a63ea93
mirror/node_modules/tsx/dist/patch-repl.cjs	506	33f5f6755270054783f4c568d0d48d4a79fecde965ec6f91ca27f0f949ba6da6
mirror/node_modules/tsx/dist/patch-repl.mjs	496	3850acac507aa554620693d272bed6b7ac1e1b8ab5af406581c632522ad8c872
mirror/node_modules/tsx/dist/preflight.cjs	944	efb25b4ba82e5ee5c5860685d1fe55eb3608f403b938936806c8093738bc8ebd
mirror/node_modules/tsx/dist/preflight.mjs	909	d26f694c3b0472136c6e51343f78acc90ebded19146fb0aec932319e0e6dab7d
mirror/node_modules/tsx/dist/register-2sWVXuRQ.cjs	1664	583b65c6caaec95e71e73fa65617c95162428aacd845394689f690b48a9328d5
mirror/node_modules/tsx/dist/register-B7jrtLTO.mjs	1472	10184ddf4354bab38743d80a5844796f26ffc4589d2820781da90c6a67507aaf
mirror/node_modules/tsx/dist/register-CFH5oNdT.mjs	7496	7c7d2d4f757a1a35610b483e0348aee2eb1140968631f4b2105c4b4ad9ffbf0a
mirror/node_modules/tsx/dist/register-D46fvsV_.cjs	8003	7f0e410a859fadcc75a452160e69c860543f5e13e2321b934c0bc4e3d14c01f6
mirror/node_modules/tsx/dist/repl.cjs	758	e00ab6e739a7b761c8c29730242b76daddcc670d1cee530e9036a585e9b988e1
mirror/node_modules/tsx/dist/repl.mjs	718	d3e7b2d695d204585966233eca99e51c2b6930159b4262a3f73f10581547fe23
mirror/node_modules/tsx/dist/require-D4F1Lv60.cjs	524	468f626104c0572958b7944fbce075777efa2f4ef1577c9fa0c89499cb9e100b
mirror/node_modules/tsx/dist/require-DQxpCAr4.mjs	465	dc1b6944ffaa8f4d70e5007116b9aeac77c1cdf80a62526763eab34a123fa902
mirror/node_modules/tsx/dist/suppress-warnings.cjs	497	028063d20bd49083f03a0b1ed4f7a3d55fac1f64f5aca0e58e1ec61601f20ee7
mirror/node_modules/tsx/dist/suppress-warnings.mjs	484	4c7d8eb24f7c16282453bc18d649c310028a63d3850e6590338932cdd896017f
mirror/node_modules/tsx/dist/temporary-directory-B83uKxJF.cjs	166	da189099aba4a7aff1e0ca337cd71410a0f96abc66298403db041cb812cbd24c
mirror/node_modules/tsx/dist/temporary-directory-CwHp0_NW.mjs	151	e0771b7d9b216d438ff2ade7494a7a3ac6202c66cb752f2cd99bffb3d78226fe
mirror/node_modules/tsx/dist/types-Cxp8y2TL.d.ts	135	f462b6fc33bc3f82d1551ac0678834dfff89192ce1e848eb0bb8ca5bfe8bc76f
mirror/node_modules/tsx/package.json	1624	6a87ac1c6bafd1620e605b25c31d7910c24373ec3688613cbd6c3a2f6937b2aa
mirror/node_modules/typescript/LICENSE.txt	9197	a7d00bfd54525bc694b6e32f64c7ebcf5e6b7ae3657be5cc12767bce74654a47
mirror/node_modules/typescript/README.md	2842	73147458477d90cd6236627cdd9b0871df12e6e8a21d2d0fda6d1ad2826bdc0e
mirror/node_modules/typescript/SECURITY.md	2656	7b6976eec43edfa68b79a459dd089c56b7a395916dbf1a01bd11e6d86e12128f
mirror/node_modules/typescript/ThirdPartyNoticeText.txt	37824	1af3c68039c57e539422da82a4faada506ce6d0ea6f90e0b699d02dbcdb7a90c
mirror/node_modules/typescript/bin/tsc	45	8d5fa5bd883fec0979fc2004f1fe1d99aef40570155d550eadc0b03b55513bf0
mirror/node_modules/typescript/bin/tsserver	50	a088f0c3419bcb2f7b860ad42e4c9f25ead067eda70af6a10d0a7d453954aada
mirror/node_modules/typescript/lib/_tsc.js	6172356	1f62c69e832fbbbd05a6dac950f152937f594a4d0b88087be5406ace348efcb5
mirror/node_modules/typescript/lib/_tsserver.js	27888	0efcc88cdf0593cc1dcc8b6afd605c7bed9eca6f648c70c8f0df8695114bf6d7
mirror/node_modules/typescript/lib/_typingsInstaller.js	10363	62a69c574365f1c81633b86b3214f9df860aad08843028dd5244b00aa7f1e190
mirror/node_modules/typescript/lib/cs/diagnosticMessages.generated.json	318547	9c4c6f726bbdcf2da2edc1923f6cdee702c763dc0eb43f6d0249b454b423bb2a
mirror/node_modules/typescript/lib/de/diagnosticMessages.generated.json	342271	10998e643094406a6cf8c1c00968c8cc18d025301c652cf70d5e5a531d65951d
mirror/node_modules/typescript/lib/es/diagnosticMessages.generated.json	338080	2fc5a25f023d0580205cf1013e7be550d8afb8d7e03e9c7fc8a63cc093665c84
mirror/node_modules/typescript/lib/fr/diagnosticMessages.generated.json	343789	7e1cacc55a018ebf75a9bdee065cc35a5e60629bebbcb7e76ec680632175a645
mirror/node_modules/typescript/lib/it/diagnosticMessages.generated.json	337356	bf389c03b5f84f1d3286f053d826b79c6c858eb00181ed7512ca9a264528c3b0
mirror/node_modules/typescript/lib/ja/diagnosticMessages.generated.json	379138	dd8c00139bc47591eb6f1b223f542ce6abef0159d37a0b4c4f8f49fb4cbba8c3
mirror/node_modules/typescript/lib/ko/diagnosticMessages.generated.json	344019	23197c948d3e62f41a697bd31ed60d384d0f21fed183e4d4dd143dd79a0e26ca
mirror/node_modules/typescript/lib/lib.d.ts	992	a7297ff837fcdf174a9524925966429eb8e5feecc2cc55cc06574e6b092c1eaa
mirror/node_modules/typescript/lib/lib.decorators.d.ts	13192	8e7f8264d0fb4c5339605a15daadb037bf238c10b654bb3eee14208f860a32ea
mirror/node_modules/typescript/lib/lib.decorators.legacy.d.ts	1326	782dec38049b92d4e85c1585fbea5474a219c6984a35b004963b00beb1aab538
mirror/node_modules/typescript/lib/lib.dom.asynciterable.d.ts	1887	d7a3c8b952931daebdfc7a2897c53c0a1c73624593fa070e46bd537e64dcd20a
mirror/node_modules/typescript/lib/lib.dom.d.ts	1383175	092c2bfe125ce69dbb1223c85d68d4d2397d7d8411867b5cc03cec902c233763
mirror/node_modules/typescript/lib/lib.dom.iterable.d.ts	26212	07f073f19d67f74d732b1adea08e1dc66b1b58d77cb5b43931dee3d798a2fd53
mirror/node_modules/typescript/lib/lib.es2015.collection.d.ts	5229	dc2df20b1bcdc8c2d34af4926e2c3ab15ffe1160a63e58b7e09833f616efff44
mirror/node_modules/typescript/lib/lib.es2015.core.d.ts	22866	c57796738e7f83dbc4b8e65132f11a377649c00dd3eee333f672b8f0a6bea671
mirror/node_modules/typescript/lib/lib.es2015.d.ts	1241	45b7ab580deca34ae9729e97c13cfd999df04416a79116c3bfb483804f85ded4
mirror/node_modules/typescript/lib/lib.es2015.generator.d.ts	2557	515d0b7b9bea2e31ea4ec968e9edd2c39d3eebf4a2d5cbd04e88639819ae3b71
mirror/node_modules/typescript/lib/lib.es2015.iterable.d.ts	18200	0559b1f683ac7505ae451f9a96ce4c3c92bdc71411651ca6ddb0e88baaaad6a3
mirror/node_modules/typescript/lib/lib.es2015.promise.d.ts	3200	0dc1e7ceda9b8b9b455c3a2d67b0412feab00bd2f66656cd8850e8831b08b537
mirror/node_modules/typescript/lib/lib.es2015.proxy.d.ts	5251	ce691fb9e5c64efb9547083e4a34091bcbe5bdb41027e310ebba8f7d96a98671
mirror/node_modules/typescript/lib/lib.es2015.reflect.d.ts	6493	8d697a2a929a5fcb38b7a65594020fcef05ec1630804a33748829c5ff53640d0
mirror/node_modules/typescript/lib/lib.es2015.symbol.d.ts	1649	4ff2a353abf8a80ee399af572debb8faab2d33ad38c4b4474cff7f26e7653b8d
mirror/node_modules/typescript/lib/lib.es2015.symbol.wellknown.d.ts	11003	936e80ad36a2ee83fc3caf008e7c4c5afe45b3cf3d5c24408f039c1d47bdc1df
mirror/node_modules/typescript/lib/lib.es2016.array.include.d.ts	5204	d15bea3d62cbbdb9797079416b8ac375ae99162a7fba5de2c6c505446486ac0a
mirror/node_modules/typescript/lib/lib.es2016.d.ts	965	3facaf05f0c5fc569c5649dd359892c98a85557e3e0c847964caeb67076f4d75
mirror/node_modules/typescript/lib/lib.es2016.full.d.ts	1032	807e0e0bdc67605dd28efe18f20ab5fcd75d944ef95936120702335f9379094b
mirror/node_modules/typescript/lib/lib.es2016.intl.d.ts	1484	68d18b664c9d32a7336a70235958b8997ebc1c3b8505f4f1ae2b7e7753b87618
mirror/node_modules/typescript/lib/lib.es2017.arraybuffer.d.ts	915	eb3d66c8327153d8fa7dd03f9c58d351107fe824c79e9b56b462935176cdf12a
mirror/node_modules/typescript/lib/lib.es2017.d.ts	1162	e44bb8bbac7f10ecc786703fe0a6a4b952189f908707980ba8f3c8975a760962
mirror/node_modules/typescript/lib/lib.es2017.date.d.ts	1916	38f0219c9e23c915ef9790ab1d680440d95419ad264816fa15009a8851e79119
mirror/node_modules/typescript/lib/lib.es2017.full.d.ts	1032	1d242d5c24cf285c88bc4fb93c5ff903de8319064e282986edeb6247ba028d5e
mirror/node_modules/typescript/lib/lib.es2017.intl.d.ts	1449	4de680d5bb41c17f7f68e0419412ca23c98d5749dcaaea1896172f06435891fc
mirror/node_modules/typescript/lib/lib.es2017.object.d.ts	2473	69ab18c3b76cd9b1be3d188eaf8bba06112ebbe2f47f6c322b5105a6fbc45a2e
mirror/node_modules/typescript/lib/lib.es2017.sharedmemory.d.ts	7198	fef8cfad2e2dc5f5b3d97a6f4f2e92848eb1b88e897bb7318cef0e2820bceaab
mirror/node_modules/typescript/lib/lib.es2017.string.d.ts	2378	2f11ff796926e0832f9ae148008138ad583bd181899ab7dd768a2666700b1893
mirror/node_modules/typescript/lib/lib.es2017.typedarrays.d.ts	1542	954296b30da6d508a104a3a0b5d96b76495c709785c1d11610908e63481ee667
mirror/node_modules/typescript/lib/lib.es2018.asyncgenerator.d.ts	2692	ac9538681b19688c8eae65811b329d3744af679e0bdfa5d842d0e32524c73e1c
mirror/node_modules/typescript/lib/lib.es2018.asynciterable.d.ts	2257	0a969edff4bd52585473d24995c5ef223f6652d6ef46193309b3921d65dd4376
mirror/node_modules/typescript/lib/lib.es2018.d.ts	1088	5e1c4c362065a6b95ff952c0eab010f04dcd2c3494e813b493ecfd4fcb9fc0d8
mirror/node_modules/typescript/lib/lib.es2018.full.d.ts	1074	95f1023b824c2c511c48f1201e2d1188bcb0ca1138a309a870b956d2e92e44ab
mirror/node_modules/typescript/lib/lib.es2018.intl.d.ts	3021	9e9fbd7030c440b33d021da145d3232984c8bb7916f277e8ffd3dc2e3eae2bdb
mirror/node_modules/typescript/lib/lib.es2018.promise.d.ts	1353	811ec78f7fefcabbda4bfa93b3eb67d9ae166ef95f9bff989d964061cbf81a0c
mirror/node_modules/typescript/lib/lib.es2018.regexp.d.ts	1232	717937616a17072082152a2ef351cb51f98802fb4b2fdabd32399843875974ca
mirror/node_modules/typescript/lib/lib.es2019.array.d.ts	3163	d7e7d9b7b50e5f22c915b525acc5a49a7a6584cf8f62d0569e557c5cfc4b2ac2
mirror/node_modules/typescript/lib/lib.es2019.d.ts	1071	68d73b4a11549f9c0b7d352d10e91e5dca8faa3322bfb77b661839c42b1ddec7
mirror/node_modules/typescript/lib/lib.es2019.full.d.ts	1074	08f6861df84fba9719c14d5adc3ba40be9f0c687639e6c4df3c05b9301b8ff94
mirror/node_modules/typescript/lib/lib.es2019.intl.d.ts	958	74f7fa2d027d5b33eb0471c8e82a6c87216223181ec31247c357a3e8e2fddc5b
mirror/node_modules/typescript/lib/lib.es2019.object.d.ts	1473	71c37f4c9543f31dfced6c7840e068c5a5aacb7b89111a4364b1d5276b852557
mirror/node_modules/typescript/lib/lib.es2019.string.d.ts	1528	576711e016cf4f1804676043e6a0a5414252560eb57de9faceee34d79798c850
mirror/node_modules/typescript/lib/lib.es2019.symbol.d.ts	1006	89c1b1281ba7b8a96efc676b11b264de7a8374c5ea1e6617f11880a13fc56dc6
mirror/node_modules/typescript/lib/lib.es2020.bigint.d.ts	38185	d6d7ae4d1f1f3772e2a3cde568ed08991a8ae34a080ff1151af28b7f798e22ca
mirror/node_modules/typescript/lib/lib.es2020.d.ts	1201	5efce4fc3c29ea84e8928f97adec086e3dc876365e0982cc8479a07954a3efd4
mirror/node_modules/typescript/lib/lib.es2020.date.d.ts	2956	063600664504610fe3e99b717a1223f8b1900087fab0b4cad1496a114744f8df
mirror/node_modules/typescript/lib/lib.es2020.full.d.ts	1074	1305d1e76ca44e30fb8b2b8075fa522b83f60c0bcf5d4326a9d2cf79b53724f8
mirror/node_modules/typescript/lib/lib.es2020.intl.d.ts	22438	639e512c0dfc3fad96a84caad71b8834d66329a1f28dc95e3946c9b58176c73a
mirror/node_modules/typescript/lib/lib.es2020.number.d.ts	1587	368af93f74c9c932edd84c58883e736c9e3d53cec1fe24c0b0ff451f529ceab1
mirror/node_modules/typescript/lib/lib.es2020.promise.d.ts	1803	934019d7e3c81950f9a8426d093458b65d5aff2c7c1511233c0fd5b941e608ab
mirror/node_modules/typescript/lib/lib.es2020.sharedmemory.d.ts	5128	52ada8e0b6e0482b728070b7639ee42e83a9b1c22d205992756fe020fd9f4a47
mirror/node_modules/typescript/lib/lib.es2020.string.d.ts	2556	3bdefe1bfd4d6dee0e26f928f93ccc128f1b64d5d501ff4a8cf3c6371200e5e6
mirror/node_modules/typescript/lib/lib.es2020.symbol.wellknown.d.ts	1606	59fb2c069260b4ba00b5643b907ef5d5341b167e7d1dbf58dfd895658bda2867
mirror/node_modules/typescript/lib/lib.es2021.d.ts	1036	feecb1be483ed332fad555aff858affd90a48ab19ba7272ee084704eb7167569
mirror/node_modules/typescript/lib/lib.es2021.full.d.ts	1074	4a66df3ab5de5cfcda11538cffddd67ff6a174e003788e270914c1e0248483cf
mirror/node_modules/typescript/lib/lib.es2021.intl.d.ts	8245	965f36eae237dd74e6cca203a43e9ca801ce38824ead814728a2807b1910117d
mirror/node_modules/typescript/lib/lib.es2021.promise.d.ts	2262	af3dd424cf267428f30ccfc376f47a2c0114546b55c44d8c0f1d57d841e28d74
mirror/node_modules/typescript/lib/lib.es2021.string.d.ts	1592	995c005ab91a498455ea8dfb63aa9f83fa2ea793c3d8aa344be4a1678d06d399
mirror/node_modules/typescript/lib/lib.es2021.weakref.d.ts	3171	959d36cddf5e7d572a65045b876f2956c973a586da58e5d26cde519184fd9b8a
mirror/node_modules/typescript/lib/lib.es2022.array.d.ts	4676	3925a6c820dcb1a06506c90b1577db1fdbf7705d65b62b99dce4be75c637e26b
mirror/node_modules/typescript/lib/lib.es2022.d.ts	1108	ee7bad0c15b58988daa84371e0b89d313b762ab83cb5b31b8a2d1162e8eb41c2
mirror/node_modules/typescript/lib/lib.es2022.error.d.ts	2379	0a3d63ef2b853447ec4f749d3f368ce642264246e02911fcb1590d8c161b8005
mirror/node_modules/typescript/lib/lib.es2022.full.d.ts	1074	3cbad9a1ba4453443026ed38e4b8be018abb26565fa7c944376463ad9df07c41
mirror/node_modules/typescript/lib/lib.es2022.intl.d.ts	6163	b5ce7a470bc3628408429040c4e3a53a27755022a32fd05e2cb694e7015386c7
mirror/node_modules/typescript/lib/lib.es2022.object.d.ts	1085	8444af78980e3b20b49324f4a16ba35024fef3ee069a0eb67616ea6ca821c47a
mirror/node_modules/typescript/lib/lib.es2022.regexp.d.ts	1331	b4b67b1a91182421f5df999988c690f14d813b9850b40acd06ed44691f6727ad
mirror/node_modules/typescript/lib/lib.es2022.string.d.ts	1155	3287d9d085fbd618c3971944b65b4be57859f5415f495b33a6adc994edd2f004
mirror/node_modules/typescript/lib/lib.es2023.array.d.ts	40236	df83c2a6c73228b625b0beb6669c7ee2a09c914637e2d35170723ad49c0f5cd4
mirror/node_modules/typescript/lib/lib.es2023.collection.d.ts	900	436aaf437562f276ec2ddbee2f2cdedac7664c1e4c1d2c36839ddd582eeb3d0a
mirror/node_modules/typescript/lib/lib.es2023.d.ts	999	27bdc30a0e32783366a5abeda841bc22757c1797de8681bbe81fbc735eeb1c10
mirror/node_modules/typescript/lib/lib.es2023.full.d.ts	1074	785921608325fa246b450f05b238f4b3ed659f1099af278ce9ebbc9416a13f1d
mirror/node_modules/typescript/lib/lib.es2023.intl.d.ts	2645	8e3c06ea092138bf9fa5e874a1fdbc9d54805d074bee1de31b99a11e2fec239d
mirror/node_modules/typescript/lib/lib.es2024.arraybuffer.d.ts	2637	87dc0f382502f5bbce5129bdc0aea21e19a3abbc19259e0b43ae038a9fc4e326
mirror/node_modules/typescript/lib/lib.es2024.collection.d.ts	1224	b1cb28af0c891c8c96b2d6b7be76bd394fddcfdb4709a20ba05a7c1605eea0f9
mirror/node_modules/typescript/lib/lib.es2024.d.ts	1166	8fd575e12870e9944c7e1d62e1f5a73fcf23dd8d3a321f2a2c74c20d022283fe
mirror/node_modules/typescript/lib/lib.es2024.full.d.ts	1074	b3e9cef4eed59f8a2249ed834ba4aabe9d0d4e9037d4679487fa17dad99004a3
mirror/node_modules/typescript/lib/lib.es2024.object.d.ts	1259	2fef54945a13095fdb9b84f705f2b5994597640c46afeb2ce78352fab4cb3279
mirror/node_modules/typescript/lib/lib.es2024.promise.d.ts	1389	ac77cb3e8c6d3565793eb90a8373ee8033146315a3dbead3bde8db5eaf5e5ec6
mirror/node_modules/typescript/lib/lib.es2024.regexp.d.ts	1073	56e4ed5aab5f5920980066a9409bfaf53e6d21d3f8d020c17e4de584d29600ad
mirror/node_modules/typescript/lib/lib.es2024.sharedmemory.d.ts	3077	4ece9f17b3866cc077099c73f4983bddbcb1dc7ddb943227f1ec070f529dedd1
mirror/node_modules/typescript/lib/lib.es2024.string.d.ts	1194	0a6282c8827e4b9a95f4bf4f5c205673ada31b982f50572d27103df8ceb8013c
mirror/node_modules/typescript/lib/lib.es5.d.ts	217694	69684132aeb9b5642cbcd9e22dff7818ff0ee1aa831728af0ecf97d3364d5546
mirror/node_modules/typescript/lib/lib.es6.d.ts	1032	df039a67536fe2acc3affdcbfb645892f842db36fe599e8e652e2f0c640a90d1
mirror/node_modules/typescript/lib/lib.esnext.array.d.ts	1791	1c9319a09485199c1f7b0498f2988d6d2249793ef67edda49d1e584746be9032
mirror/node_modules/typescript/lib/lib.esnext.collection.d.ts	3878	e3a2a0cee0f03ffdde24d89660eba2685bfbdeae955a6c67e8c4c9fd28928eeb
mirror/node_modules/typescript/lib/lib.esnext.d.ts	1201	8bf8b5e44e3c9c36f98e1007e8b7018c0f38d8adc07aecef42f5200114547c70
mirror/node_modules/typescript/lib/lib.esnext.decorators.d.ts	1070	d4b1d2c51d058fc21ec2629fff7a76249dec2e36e12960ea056e3ef89174080f
mirror/node_modules/typescript/lib/lib.esnext.disposable.d.ts	6806	51ad4c928303041605b4d7ae32e0c1ee387d43a24cd6f1ebf4a2699e1076d4fa
mirror/node_modules/typescript/lib/lib.esnext.float16.d.ts	20355	4245fee526a7d1754529d19227ecbf3be066ff79ebb6a380d78e41648f2f224d
mirror/node_modules/typescript/lib/lib.esnext.full.d.ts	1074	bde31fd423cd93b0eff97197a3f66df7c93e8c0c335cbeb113b7ff1ac35c23f4
mirror/node_modules/typescript/lib/lib.esnext.intl.d.ts	893	811c71eee4aa0ac5f7adf713323a5c41b0cf6c4e17367a34fbce379e12bbf0a4
mirror/node_modules/typescript/lib/lib.esnext.iterator.d.ts	8676	22adec94ef7047a6c9d1af3cb96be87a335908bf9ef386ae9fd50eeb37f44c47
mirror/node_modules/typescript/lib/lib.esnext.promise.d.ts	1658	60037901da1a425516449b9a20073aa03386cce92f7a1fd902d7602be3a7c2e9
mirror/node_modules/typescript/lib/lib.scripthost.d.ts	9451	cd034f499c6cdca722b60c04b5b1b78e058487a7085a8e0d6fb50809947ee573
mirror/node_modules/typescript/lib/lib.webworker.asynciterable.d.ts	1887	ca417afee74054e99d5a8252b35bef26ca6e2942d67d343fce6b42fc9f432993
mirror/node_modules/typescript/lib/lib.webworker.d.ts	471089	8ea22b76493fc658fe9b76a84e64c9618823608076ecee5ed3f93f7f0dde904e
mirror/node_modules/typescript/lib/lib.webworker.importscripts.d.ts	1041	80e18897e5884b6723488d4f5652167e7bb5024f946743134ecc4aa4ee731f89
mirror/node_modules/typescript/lib/lib.webworker.iterable.d.ts	20447	b6edb3b4073acf6e142f7a1c4f23d8a89cd85725c3411a65fd5f3fb07c750a78
mirror/node_modules/typescript/lib/pl/diagnosticMessages.generated.json	339932	9c2939f7607650ba87feb5175034bfe3a9076bb4d2dbf60385aa80dd1cf26e4c
mirror/node_modules/typescript/lib/pt-br/diagnosticMessages.generated.json	328146	dfdd2c7318c7a3d38f5011591b26262bff8765f9353515ba195103ddcb3273a0
mirror/node_modules/typescript/lib/ru/diagnosticMessages.generated.json	440781	35c065b31e856be923e138573e5c588ff92787fe933ea0d7c3ffef1fe059c91b
mirror/node_modules/typescript/lib/tr/diagnosticMessages.generated.json	328556	eea355634959b69f07b9c07a13e253866d42371b1ed82a79515efad4b7228500
mirror/node_modules/typescript/lib/tsc.js	267	2cffde0b8c6760dfb0b5b0382bbb7e00ba6a8b2d981b9205b256a700a481d983
mirror/node_modules/typescript/lib/tsserver.js	272	e3ccfeec65ec5c470b8ffc5611878a31182650c7e8a062c38a719f83b523edcb
mirror/node_modules/typescript/lib/tsserverlibrary.d.ts	865	73b15a0b7cf5c6df9076b9408c5ce682f11813453bf54c54cb284f075b5224cf
mirror/node_modules/typescript/lib/tsserverlibrary.js	1012	7ca9b464de80a5382d9ccfed2b224323bc0274c8de61bf0464e89ee824677c76
mirror/node_modules/typescript/lib/typesMap.json	16788	4143fb8b1c5d4421dfa19a4b80ddf2da375fc0835a349c3b18519fda5955e1d9
mirror/node_modules/typescript/lib/typescript.d.ts	586095	c302df1d6f371c6064cb5f4d0b41165425b682b287a3b8625527b2752eb433ee
mirror/node_modules/typescript/lib/typescript.js	9066411	dd17428736a07e1db1a138d8a14295ddb2699ba780ee15038acdd2c6da5373a0
mirror/node_modules/typescript/lib/typingsInstaller.js	280	2d48a038523ea7c626fa2796a30fa5fdc07612ea5fab83544423009d7683a213
mirror/node_modules/typescript/lib/watchGuard.js	2313	471200d4bc555ef8d8429358bdca2a68ea7c9bfff6c853b5b048d2512fe4092a
mirror/node_modules/typescript/lib/zh-cn/diagnosticMessages.generated.json	294113	6134fba57b17c719b579c341933e7a16f71367395bc76adb518b54bb99eb10ee
mirror/node_modules/typescript/lib/zh-tw/diagnosticMessages.generated.json	290748	792ba53c839664762fc58ad8ca2be35cde161753d3240c6ea98c8db7b161106d
mirror/node_modules/typescript/package.json	3615	ebb0ce176c85ac13ce82f5be7e6f15114732ba0f064ccc893fd9051426d35d3a
mirror/node_modules/undici-types/LICENSE	1090	a6db8096b2707bc0102d256917d4d33f298ba36d8c3f25de067a2b5bb379db27
mirror/node_modules/undici-types/README.md	455	c8cced6ec588c55b07e35733258cb7d6b63e3426ee7490aa9267aab4bda0fb20
mirror/node_modules/undici-types/agent.d.ts	1065	4893a895ea92c85345017a04ed427cbd6a1710453338df26881a6019432febdd
mirror/node_modules/undici-types/api.d.ts	1455	0db18c6e78ea846316c012478888f33c11ffadab9efd1cc8bcc12daded7a60b6
mirror/node_modules/undici-types/balanced-pool.d.ts	961	ba7bc87d01492633cb5a0e5da8a4a42a1c86270e7b3d2dea5d156828a84e4882
mirror/node_modules/undici-types/cache.d.ts	1251	c46e079fe54c76f95c67fb89081b3e399da2c7d109e7dca8e4b58d83e332e605
mirror/node_modules/undici-types/client.d.ts	4964	1d6e127068ea8e104a912e42fc0a110e2aa5a66a356a917a163e8cf9a65e4a75
mirror/node_modules/undici-types/connector.d.ts	1029	c6fd2c5a395f2432786c9cb8deb870b9b0e8ff7e22c029954fabdd692bff6195
mirror/node_modules/undici-types/content-type.d.ts	561	2e85db9e6fd73cfa3d7f28e0ab6b55417ea18931423bd47b409a96e4a169e8e6
mirror/node_modules/undici-types/cookies.d.ts	635	89167d696a849fce5ca508032aabfe901c0868f833a8625d5a9c6e861ef935d2
mirror/node_modules/undici-types/diagnostics-channel.d.ts	1579	4732aec92b20fb28c5fe9ad99521fb59974289ed1e45aecb282616202184064f
mirror/node_modules/undici-types/dispatcher.d.ts	14222	7f182617db458e98fc18dfb272d40aa2fff3a353c44a89b2c0ccb3937709bfb5
mirror/node_modules/undici-types/env-http-proxy-agent.d.ts	675	24c6a117721e606c9984335f71711877293a9651e44f59f3d21c1ea0856f9cc9
mirror/node_modules/undici-types/errors.d.ts	4280	5ded6427296cdf3b9542de4471d2aa8d3983671d4cac0f4bf9c637208d1ced43
mirror/node_modules/undici-types/eventsource.d.ts	1648	8bd86b8e8f6a6aa6c49b71e14c4ffe1211a0e97c80f08d2c8cc98838006e4b88
mirror/node_modules/undici-types/fetch.d.ts	5575	c464d66b20788266e5353b48dc4aa6bc0dc4a707276df1e7152ab0c9ae21fad8
mirror/node_modules/undici-types/file.d.ts	1707	25c8056edf4314820382a5fdb4bb7816999acdcb929c8f75e3f39473b87e85bc
mirror/node_modules/undici-types/filereader.d.ts	1433	317e63deeb21ac07f3992f5b50cdca8338f10acd4fbb7257ebf56735bf52ab00
mirror/node_modules/undici-types/formdata.d.ts	4998	78d0d27c130d35c60b5e5566c9f1e5be77caf39804636bc1a40133919a949f21
mirror/node_modules/undici-types/global-dispatcher.d.ts	276	cadc8aced301244057c4e7e73fbcae534b0f5b12a37b150d80e5a45aa4bebcbd
mirror/node_modules/undici-types/global-origin.d.ts	175	385aab901643aa54e1c36f5ef3107913b10d1b5bb8cbcd933d4263b80a0d7f20
mirror/node_modules/undici-types/handlers.d.ts	447	11396ed8a44c02ab9798b7dca436009f866e8dae3c9c25e8c1fbc396880bf1bb
mirror/node_modules/undici-types/header.d.ts	133	5929864ce17fba74232584d90cb721a89b7ad277220627cc97054ba15a98ea8f
mirror/node_modules/undici-types/index.d.ts	3387	bf67d53d168abc1298888693338cb82854bdb2e69ef83f8a0092093c2d562107
mirror/node_modules/undici-types/interceptors.d.ts	922	e61be3f894b41b7baa1fbd6a66893f2579bfad01d208b4ff61daef21493ef0a8
mirror/node_modules/undici-types/mock-agent.d.ts	2535	13f6f39e12b1518c6650bbb220c8985999020fe0f21d818e28f512b7771d00f9
mirror/node_modules/undici-types/mock-client.d.ts	1002	9b5369969f6e7175740bf51223112ff209f94ba43ecd3bb09eefff9fd675624a
mirror/node_modules/undici-types/mock-errors.d.ts	338	24515859bc0b836719105bb6cc3d68255042a9f02a6022b3187948b204946bd2
mirror/node_modules/undici-types/mock-interceptor.d.ts	3902	c21dc52e277bcfc75fac0436ccb75c204f9e1b3fa5e12729670910639f27343e
mirror/node_modules/undici-types/mock-pool.d.ts	974	4fe9e626e7164748e8769bbf74b538e09607f07ed17c2f20af8d680ee49fc1da
mirror/node_modules/undici-types/package.json	1193	11f873b423b96a5ad444a099685ca6b9de1379dcd83fd8d368e757ddb53658e4
mirror/node_modules/undici-types/patch.d.ts	691	615ba88d0128ed16bf83ef8ccbb6aff05c3ee2db1cc0f89ab50a4939bfc1943f
mirror/node_modules/undici-types/pool-stats.d.ts	669	9670d44354bab9d9982eca21945686b5c24a3f893db73c0dae0fd74217a4c219
mirror/node_modules/undici-types/pool.d.ts	1336	0b8a9268adaf4da35e7fa830c8981cfa22adbbe5b3f6f5ab91f6658899e657a7
mirror/node_modules/undici-types/proxy-agent.d.ts	780	ea0148f897b45a76544ae179784c95af1bd6721b8610af9ffa467a518a086a43
mirror/node_modules/undici-types/readable.d.ts	1738	763fe0f42b3d79b440a9b6e51e9ba3f3f91352469c1e4b3b67bfa4ff6352f3f4
mirror/node_modules/undici-types/retry-agent.d.ts	232	405822be75ad3e4d162e07439bac80c6bcc6dbae1929e179cf467ec0b9ee4e2e
mirror/node_modules/undici-types/retry-handler.d.ts	2983	dd3273ead9fbde62a72949c97dbec2247ea08e0c6952e701a483d74ef92d6a17
mirror/node_modules/undici-types/util.d.ts	623	bd0532fd6556073727d28da0edfd1736417a3f9f394877b6d5ef6ad88fba1d1a
mirror/node_modules/undici-types/webidl.d.ts	5921	99c42860a78963ee66048ef3536dbd9eb59858e6a06f2feba845105ed411e658
mirror/node_modules/undici-types/websocket.d.ts	3840	a4d551dbf8746780194d550c88f26cf937caf8d56f102969a110cfaed4b06656
mirror/node_modules/vite-node/LICENSE	1076	ddc110f3b89cc397cee99d3d64c4f746928b7a3bac02fed15101eb4d367079f6
mirror/node_modules/vite-node/README.md	5306	8fb89be32445ec97b3fa65968e2142f52c1e4a664ba65794cfc6546621e5630c
mirror/node_modules/vite-node/dist/chunk-browser.cjs	2111	8f7c018114aa5a0d7d017e8b536da433e158c096679d2132400315927e05ca96
mirror/node_modules/vite-node/dist/chunk-browser.mjs	2095	8c243f92e156f1b44a9fb0993424a9670d5dcd4490e0caccd5add1413c7c00f0
mirror/node_modules/vite-node/dist/chunk-hmr.cjs	7955	71b054b8aa50fe212c8433301e39ee55a44e0d9bba79c2989cf84fb914c971da
mirror/node_modules/vite-node/dist/chunk-hmr.mjs	7776	31f73e1e869f0703809fd24bb4e4d77750a24cd7a80b566d5f76f1456aa4290f
mirror/node_modules/vite-node/dist/cli.cjs	5993	d0f2d79522b4362a8281596603aff16ceecd0addffe5d68140f4d4fa925afdaa
mirror/node_modules/vite-node/dist/cli.d.ts	886	1af82b1743d4d7161e2b06a73580a755192372f73d5400a3f8444a587eb8a230
mirror/node_modules/vite-node/dist/cli.mjs	5962	34d09cf271b09581d8bdcd7ce10e0dec985683433601ac79e82916e1d89366e4
mirror/node_modules/vite-node/dist/client.cjs	17951	b319566a588fc8f7f6cf688c7356395fa6d01cdca6b4edba44028ae341456e54
mirror/node_modules/vite-node/dist/client.d.ts	207	4f45e8effab83434a78d17123b01124259fbd1e335732135c213955d85222234
mirror/node_modules/vite-node/dist/client.mjs	17903	994fb69a34a7e3ff78c3ec57e518b534e93c7d7034fdca75de230e9946736e3a
mirror/node_modules/vite-node/dist/constants.cjs	559	d866aa96f6f9f0f97a9594659cb435beed3cc764d4b7b9f5f926f6f86d0557c8
mirror/node_modules/vite-node/dist/constants.d.ts	178	0de2bc327e0c0d967a17635bb209b8b51ec62ca3576c9cbf0f2dd0be4128d415
mirror/node_modules/vite-node/dist/constants.mjs	479	73305f758fdeca4b36098bab5e914291a349e8edb465baf68343dfdb2607a017
mirror/node_modules/vite-node/dist/hmr.cjs	542	5daff915befbb9f064c79bbe3d178d36762bba964480862b24c15f33bf9fffcf
mirror/node_modules/vite-node/dist/hmr.d.ts	2596	99eff0da836f2f21d88df3b5db94bbc2f0a0a5d37a32c46ad06989b1a070274a
mirror/node_modules/vite-node/dist/hmr.mjs	341	96646fa008dbaf4cd8bb51abc34b69e53224133d3e4bda49c35665cb506b759d
mirror/node_modules/vite-node/dist/index.cjs	15	4bf9a207f0ea5c9ae065bfcaff2afa53cbf6c02c7beb2d9e7ee3c3d06dc0d9f8
mirror/node_modules/vite-node/dist/index.d-DGmxD2U7.d.ts	10610	f73e2335e568014e279927321770da6fe26facd4ac96cdc22a56687f1ecbb58e
mirror/node_modules/vite-node/dist/index.d.ts	575	317878f156f976d487e21fd1d58ad0461ee0a09185d5b0a43eedf2a56eb7e4ea
mirror/node_modules/vite-node/dist/index.mjs	1	01ba4719c80b6fe911b091a7c05124b64eeece964e09c058ef8f9805daca546b
mirror/node_modules/vite-node/dist/server.cjs	18958	a228d3877de5c8444f889cdb5b2107a915cf3064885514ba57d24f81ee9117d9
mirror/node_modules/vite-node/dist/server.d.ts	2494	35693ba13d6ab63c0cee5292b1fec7ad13f3c27bb1afcb9ee8526d08ec0dbc83
mirror/node_modules/vite-node/dist/server.mjs	18289	5a0339b566e6c066d660495f9aa07abd53ca1f06340164fcb3ddeb9dbe101045
mirror/node_modules/vite-node/dist/source-map.cjs	35603	99bcde90e7363f69d8ffea9b998d059e14a54035be51842b34e781993122368c
mirror/node_modules/vite-node/dist/source-map.d.ts	626	bb8250978d14e30b7e0032c2b2fa0b9f4a4472d7d0be63cb73e45d563172c016
mirror/node_modules/vite-node/dist/source-map.mjs	35529	8cd38bf6059783a73c0c4c975dac5f61493dc97e94bac98b67ad63be7c953007
mirror/node_modules/vite-node/dist/trace-mapping.d-DLVdEqOp.d.ts	1945	e6233e1c976265e85aa8ad76c3881febe6264cb06ae3136f0257e1eab4a6cc5a
mirror/node_modules/vite-node/dist/types.cjs	15	4bf9a207f0ea5c9ae065bfcaff2afa53cbf6c02c7beb2d9e7ee3c3d06dc0d9f8
mirror/node_modules/vite-node/dist/types.d.ts	575	22619385f59a94da58dfd0a2b6aad13e6cfe57949bdf96100687b4df9d66f715
mirror/node_modules/vite-node/dist/types.mjs	1	01ba4719c80b6fe911b091a7c05124b64eeece964e09c058ef8f9805daca546b
mirror/node_modules/vite-node/dist/utils.cjs	7554	8cb27dff2e8c3eacc2e960c18d781f960565f74b604be6182de95d51b9ee4d7c
mirror/node_modules/vite-node/dist/utils.d.ts	1587	4df5bbf047285e787d0e697c7182bb121fe310abb6ba1ac5bae9511526455661
mirror/node_modules/vite-node/dist/utils.mjs	7111	e184c36d7a8032e3579036fdd17137a402e6a4896bc675cd04bdf91343ca3666
mirror/node_modules/vite-node/package.json	2390	6c53b6d8ff3e8c3a46950d4062b0d7c04c26545aadefb654ffe7fc488c2650fb
mirror/node_modules/vite-node/vite-node.mjs	45	187a031df1b2c5b9e2251d08c3ec51d0f8c790296da47eb7da8d4ab605c1a500
mirror/node_modules/vite/LICENSE.md	101176	a77a1c089806b39ad339535bdf3677f636c91d96693e8ad7b11fe733f650ea64
mirror/node_modules/vite/README.md	1152	223635a2336dd42ac73ec67bbea116086875f640bc28fceb8846c572a496d673
mirror/node_modules/vite/bin/openChrome.js	1842	6378265753d5b712adc837bb07db3169b1be8a3c6179571b821aa7be2e2ed308
mirror/node_modules/vite/bin/vite.js	2574	fa03478846d229651a3c6aa64833ba2c6cbf580a798b92bd8f47c7480bafb5d8
mirror/node_modules/vite/client.d.ts	5109	1eef826bc4a19de22155487984e345a34c9cd511dd1170edc7a447cb8231dd4a
mirror/node_modules/vite/dist/client/client.mjs	33862	adc8d1d9bab80984e8f7136074af8ee8e6f63bcf8ee75d8950577e4bd73af23a
mirror/node_modules/vite/dist/client/env.mjs	612	98339370fa9a7f50c9debe091db27248cbb7280e29cc9770d214e6dfa7b6f73a
mirror/node_modules/vite/dist/node/chunks/build.js	607	f228b2fce893cf356a609b538462fe26e2ce918d49b887f6312176e2923857e2
mirror/node_modules/vite/dist/node/chunks/build2.js	208226	129cea220306a5054d78ace4a48d88cbc5c0f093c9b6499cdd1c4539742e3077
mirror/node_modules/vite/dist/node/chunks/chunk.js	1919	4a512edeb87a37abc7fd2574a176dddda623ebd49e041f0b77a8ecd373f91ba5
mirror/node_modules/vite/dist/node/chunks/config.js	1336507	c2fcfa51206dc1f8d22120ef4a82af8b9acdc02f4476520b6a0897d12a724ba3
mirror/node_modules/vite/dist/node/chunks/config2.js	278	041e72699a9be7ab6ba99b771e5a0bc6beb2cfae02673630dece92b99ca3912c
mirror/node_modules/vite/dist/node/chunks/dist.js	240995	3b2d73dcac21bab6a1d49ee88cd3f083a1d70f79b0733b5cad9e8bac20b76867
mirror/node_modules/vite/dist/node/chunks/lib.js	11729	96c7cbd2a91d962962be93f256e83643e59ebc0eec1f63ef1700e6114d037ce7
mirror/node_modules/vite/dist/node/chunks/logger.js	11737	88c4e6e2d6d81a4ef7eea5cb12d0e47150f405e5642aa94eb8a199de8e40ed2e
mirror/node_modules/vite/dist/node/chunks/moduleRunnerTransport.d.ts	3059	10073cdcf56982064c5337787cc59b79586131e1b28c106ede5bff362f912b70
mirror/node_modules/vite/dist/node/chunks/optimizer.js	698	564be35d0c93033678a68f2d1d80658eba9750b6bf41571222c1c04acffac506
mirror/node_modules/vite/dist/node/chunks/postcss-import.js	18464	a66e817c638f539b5c3876576302454413a03af7b4bc084c62b2a3e4e0b60ebd
mirror/node_modules/vite/dist/node/chunks/preview.js	114	e4fbf251258588cd0048aaded7fc414014b4a65028b42838ca5b2e522d7fca3a
mirror/node_modules/vite/dist/node/chunks/server.js	230	5eae10da11aa502440652e25cf92b14ea5eec7a3d88b95e7d4132062aa6fdcb9
mirror/node_modules/vite/dist/node/cli.js	26755	6b9001816eb5fb0979cbe380ed2116db93e315ff22ebf7fe55a4fc60458fa067
mirror/node_modules/vite/dist/node/index.d.ts	149631	cbb1c5ba5dbabe42c19ca31b83e48fec95895484fe1d1a8fb649b69ea224c5b8
mirror/node_modules/vite/dist/node/index.js	3630	8b142bd1231a46bf2cad4c05b3f76de5b183064ee771b9934fbaffb70b914652
mirror/node_modules/vite/dist/node/module-runner.d.ts	11372	ff0a83c9a0489a627e264ffcb63f2264b935b20a502afa3a018848139e3d8575
mirror/node_modules/vite/dist/node/module-runner.js	50376	e9e66cba21fc780ae9a5a64da48503afa49bf9bc25c69007333c7835b763b89c
mirror/node_modules/vite/misc/false.js	21	3f405f8c82812b5fd5a6ca325a1b9039479bf9de3ee1ef51d76ea80fba7d486c
mirror/node_modules/vite/misc/true.js	20	1ca1ff5b531880de960715f4622cb4bfe61620ad0ab56764a00f3afe2bf2981a
mirror/node_modules/vite/node_modules/@esbuild/darwin-arm64/README.md	145	ee16cb15a2211accccb38f378786bfe48bc5dcfae5db554352424cd710470efa
mirror/node_modules/vite/node_modules/@esbuild/darwin-arm64/bin/esbuild	10573778	e2dc9a52440a2a34f09434a2f4843cb1e30f84e40dcf238976ec61ef8cd7f36a
mirror/node_modules/vite/node_modules/@esbuild/darwin-arm64/package.json	382	4741fe8d75953474f275402d367368cf49c242b2bc04b85e25bad14bfd26eaad
mirror/node_modules/vite/node_modules/esbuild/LICENSE.md	1069	b40ec5baec7bb34fa5b1c09521fa3cd52d5fad7adafed74932a2010d3612a681
mirror/node_modules/vite/node_modules/esbuild/README.md	175	6d481cd60ec3c679e5e395f547ab4221147f35642894f6b95a8df38fd25c87bd
mirror/node_modules/vite/node_modules/esbuild/bin/esbuild	10573778	e2dc9a52440a2a34f09434a2f4843cb1e30f84e40dcf238976ec61ef8cd7f36a
mirror/node_modules/vite/node_modules/esbuild/install.js	11773	612294e278914443bdcf81cb17f54afec34dbdd2ebd999a6ee187912320cc315
mirror/node_modules/vite/node_modules/esbuild/lib/main.d.ts	23392	161c8e0690c46021506e32fda85956d785b70f309ae97011fd27374c065cac9b
mirror/node_modules/vite/node_modules/esbuild/lib/main.js	97214	8331fe1d8b3a07381f33cc425fcfaa94776e263113653f80ec3ba433e9657e73
mirror/node_modules/vite/node_modules/esbuild/package.json	3980	d55d1d19fcc5b6079e4a71dd4111340c79c682bc36835ac7058a0c364c7db58a
mirror/node_modules/vite/package.json	5158	e5ed0f85215f871fe22a48987dcd77fcfbe14064a53c0c9f7f48186a6b7e2cf0
mirror/node_modules/vite/types/customEvent.d.ts	1424	72950913f4900b680f44d8cab6dd1ea0311698fc1eefb014eb9cdfc37ac4a734
mirror/node_modules/vite/types/hmrPayload.d.ts	1282	a7ca8df4f2931bef2aa4118078584d84a0b16539598eaadf7dce9104dfaa381c
mirror/node_modules/vite/types/hot.d.ts	1060	36977c14a7f7bfc8c0426ae4343875689949fb699f3f84ecbe5b300ebf9a2c55
mirror/node_modules/vite/types/import-meta.d.ts	249	28a9d5c4741fdd62a94faea49ef7585d825e8379e5d23a2d773f723ce56d6b50
mirror/node_modules/vite/types/importGlob.d.ts	2291	59f8dc89b9e724a6a667f52cdf4b90b6816ae6c9842ce176d38fcc973669009e
mirror/node_modules/vite/types/importMeta.d.ts	878	474eba6689e97bf58edd28c90524e70f4fb11820df66752182a1ad1ff9970bb2
mirror/node_modules/vite/types/internal/cssPreprocessorOptions.d.ts	1420	960bd764c62ac43edc24eaa2af958a4b4f1fa5d27df5237e176d0143b36a39c6
mirror/node_modules/vite/types/internal/lightningcssOptions.d.ts	520	4ec16d7a4e366c06a4573d299e15fe6207fc080f41beac5da06f4af33ea9761e
mirror/node_modules/vite/types/internal/terserOptions.d.ts	384	f582b0fcbf1eea9b318ab92fb89ea9ab2ebb84f9b60af89328a91155e1afce72
mirror/node_modules/vite/types/metadata.d.ts	861	e4af494f7a14b226bbe732e9c130d8811f8c7025911d7c58dd97121a85519715
mirror/node_modules/vite/types/package.json	109	22fe256ab91f03f1e8ddb5182cedf07448ace5ab09c6a73467ca1be3e83beaf4
mirror/node_modules/vitest/LICENSE.md	34974	6b861d7554fbc8488a08ee59e613bd488785a2e27bd87b80142e5125abec6f4c
mirror/node_modules/vitest/README.md	261	442585436abd9ecf74ec93926ad4dabb3426373e9e7e98c5b2e5cb5758556909
mirror/node_modules/vitest/browser.d.ts	34	86681b24b2e7755ea0f03f512eac2c6132b4ed6d6466efe7b7945e3b55901815
mirror/node_modules/vitest/config.d.ts	119	7bbff6783e96c691a41a7cf12dd5486b8166a01b0c57d071dbcfca55c9525ec4
mirror/node_modules/vitest/coverage.d.ts	35	b5506cc23b30b4b07457a965034cc59b282b9171fa987c046d5782bedc0a5508
mirror/node_modules/vitest/dist/browser.d.ts	1949	c39141ccd811ab53e8d466ccd8ce5681900526fd532f121de56940e860565929
mirror/node_modules/vitest/dist/browser.js	572	8f56c9109898675ea3bfa3cea13f58f54b844f5b298baf03f7c6467ac522c28e
mirror/node_modules/vitest/dist/chunks/_commonjsHelpers.BFTU3MAI.js	398	22b40f4f124fa44bbc4db1e09aee894c960ebe245438150936e9f5b6ee137942
mirror/node_modules/vitest/dist/chunks/base.DfmxU-tU.js	1383	fbe21813047b662a2a1807cf6af703e347f580611164fe0495b5f04f86952037
mirror/node_modules/vitest/dist/chunks/benchmark.CYdenmiT.js	1262	5d5480e9db9f39c5386e5d57662ebf98c939ae89c3bce09b91e92e6635e54360
mirror/node_modules/vitest/dist/chunks/benchmark.d.BwvBVTda.d.ts	814	971a2c327ff166c770c5fb35699575ba2d13bba1f6d2757309c9be4b30036c8e
mirror/node_modules/vitest/dist/chunks/cac.BfaZ95xE.js	52944	8ae9771ab8624511d31c72d4035f92a41cb45916766c2adfc7c70587d9474da9
mirror/node_modules/vitest/dist/chunks/cli-api.DVe0nWUx.js	339628	4c2fecfeb976ee9cdf00cf4a03daef462cefd08e0e502b2ce7c1daf3ac540135
mirror/node_modules/vitest/dist/chunks/config.d.BKdhh7Zx.d.ts	5775	5e91172586d1be7d1508d1a40c8bf76161f6f4179d1c25158a20599f9fb26a66
mirror/node_modules/vitest/dist/chunks/console.CtFJOzRO.js	4771	b97bab175534fbc76923da7811e41f61fe28ff9f95116183fa1670d385ffc064
mirror/node_modules/vitest/dist/chunks/constants.DnKduX2e.js	1183	6d1748c68f47ec241e6b9d77290b42732bf8f91d78f863f58f480992389c240e
mirror/node_modules/vitest/dist/chunks/coverage.DVF1vEu8.js	1197	5cf2bcdae0b28838e82a19e70c8d5e7b7058a8f96552ef9bc1e6b48124279044
mirror/node_modules/vitest/dist/chunks/coverage.DfSpMS-b.js	148575	37b63dd27952c9779fb1cbcd962cf111147a0c42663f3df83dd8094409ff6500
mirror/node_modules/vitest/dist/chunks/coverage.d.S9RMNXIe.d.ts	1006	7bd51996fb7717941cbe094b05adc0d80b9503b350a77b789bbb0fc786f28053
mirror/node_modules/vitest/dist/chunks/creator.GK6I-cL4.js	18035	9c1277508d889d0a129dd37c5904cea00e3b474d48f3a198cca530476db3c7e5
mirror/node_modules/vitest/dist/chunks/date.Bq6ZW5rf.js	2364	089aca94cffdf049ae3b2041b80093ba626641c9d565a489215976fe3385fc66
mirror/node_modules/vitest/dist/chunks/defaults.B7q_naMc.js	2919	c84619826897eaefdc3ece71578174b14dfa0b374a1dbc609fbd8346b5627ed7
mirror/node_modules/vitest/dist/chunks/env.D4Lgay0q.js	433	1f364f1b3e6396cc8fb84a5309922d08ea230cd00a7da4cc6434ffce1b80e30f
mirror/node_modules/vitest/dist/chunks/environment.d.cL3nLXbE.d.ts	3800	092944a8c05f9b96579161e88c6f211d5304a76bd2c47f8d4c30053269146bc8
mirror/node_modules/vitest/dist/chunks/execute.B7h3T_Hc.js	24610	183e78c125120cd424d38754abf498414a739392134bc0d37c9f144ba2b9852b
mirror/node_modules/vitest/dist/chunks/git.BVQ8w_Sw.js	1650	535f8cada7d84144107841f9537225b47f36d7bb55bda5a2b2eddb0f54ce7525
mirror/node_modules/vitest/dist/chunks/global.d.MAmajcmJ.d.ts	4179	e58c0b5226aff07b63be6ac6e1bec9d55bc3d2bda3b11b9b68cccea8c24ae839
mirror/node_modules/vitest/dist/chunks/globals.DEHgCU4V.js	723	0981830358a6d5e2332cc1024ab2904a8598b1f313cb99df85acd03e0961606d
mirror/node_modules/vitest/dist/chunks/index.B521nVV-.js	4599	207b5394beb3d4599bae86b4921a28b3a7a9cb6c3266286ea822bd8d1cb39830
mirror/node_modules/vitest/dist/chunks/index.BCWujgDG.js	8332	6f4c9281e2c74bbcc59fc07da1c1cc231bf539b17abbbd47dc7a739a338daff1
mirror/node_modules/vitest/dist/chunks/index.CdQS2e2Q.js	1115	4e55cb738cb2362458679b4446ca2eae6c9ef202f24f7d2cb986a5d122cf4e61
mirror/node_modules/vitest/dist/chunks/index.CmSc2RE5.js	14960	e8882f50bc71827f172cc282fb75fe553962395f426acf582d70f25319803e51
mirror/node_modules/vitest/dist/chunks/index.CwejwG0H.js	4554	5a92953a14e89edddf7470e49689dda55f9af902f1ca598af2433560f3dd70b4
mirror/node_modules/vitest/dist/chunks/index.D3XRDfWc.js	6237	eae9d2e3b8c97cb3ab88924ca92370d5aa5f1989aacdeae24b0367267b66bced
mirror/node_modules/vitest/dist/chunks/index.VByaPkjc.js	80849	59d12f5f70a230e6cf7d165a7ebba867675e992c49a7eb2308a032c6619d3870
mirror/node_modules/vitest/dist/chunks/index.X0nbfr6-.js	181053	3e5b625998909c9e10020025997a5a7567bfe9c84f93e25638ab571d6649d245
mirror/node_modules/vitest/dist/chunks/inspector.C914Efll.js	2023	ca73b839faaf7cec03f2cb21fbc1419afa01633ee36bfe834fdef589826d63cf
mirror/node_modules/vitest/dist/chunks/mocker.d.BE_2ls6u.d.ts	527	5a88655bf852c8cc007d6bc874ab61d1d63fba97063020458177173c454e9b4a
mirror/node_modules/vitest/dist/chunks/node.fjCdwEIl.js	490	86a36bd51a2cff8a3624ad79556d447d4d6d388ae1ea64848b83b3e5fe909b01
mirror/node_modules/vitest/dist/chunks/reporters.d.BuRON0I0.d.ts	99967	ab80d2cb170a92c61ca8c822d0db0fc50eb15c7c6cf1a24cb01852a5a15a7db8
mirror/node_modules/vitest/dist/chunks/rpc.-pEldfrD.js	2672	de377d3f6766cc38394adf8886e92fa2d3aabf442f1313ed612f308c625ba8b4
mirror/node_modules/vitest/dist/chunks/runBaseTests.9Ij9_de-.js	5198	9adf4ac9eb4cd425a9f3847936450536243dd0fabe81de354cf14fc8d72814e7
mirror/node_modules/vitest/dist/chunks/setup-common.Dd054P77.js	2999	d33edd181c5c1c667279893020bad9093e9c5e4307a76e6f526ac6558a6b9a02
mirror/node_modules/vitest/dist/chunks/suite.d.FvehnV49.d.ts	398	7e4dfae2da12ec71ffd9f55f4641a6e05610ce0d6784838659490e259e4eb13c
mirror/node_modules/vitest/dist/chunks/typechecker.DRKU1-1g.js	27092	82e4050de319b70deb07b45cf276c9ed1832ec5e24aabc0486742f0a1820eac6
mirror/node_modules/vitest/dist/chunks/utils.CAioKnHs.js	1966	7ea479175f475e6c2cd94c33489da27d9237965d0e5be0abcf5198e8ad5fff3f
mirror/node_modules/vitest/dist/chunks/utils.XdZDrNZV.js	2315	1709756b56274e81f9ba3ee700f96e35a5805255945140ce7da60b55af28fdd9
mirror/node_modules/vitest/dist/chunks/vi.bdSIJ99Y.js	137333	fee26ac20b050ce1790ba71ccfe50fe63f92858b9a14983971ccce68fdfde0f4
mirror/node_modules/vitest/dist/chunks/vite.d.BnOPPc46.d.ts	705	210955af8573671abebb6e1391d134d82fbcff130aa68922ea1e839f8f48a0ad
mirror/node_modules/vitest/dist/chunks/vm.BThCzidc.js	28207	6a40def39cc123ac230d74f8bb032678b6b8112f810700d92f1aa9d6abcfd64a
mirror/node_modules/vitest/dist/chunks/worker.d.CUgIPz9V.d.ts	6172	09d215b379a93f8cbb6caf9e9f5d7b4d48042295ee697e7e4771288c7917a21e
mirror/node_modules/vitest/dist/chunks/worker.d.uzWsCv9X.d.ts	214	d689a82dec12ec02e1c558870a50f71000e06f173151fcdff0458c587dbf016f
mirror/node_modules/vitest/dist/cli.js	669	3960bfc0c0e015e84ab76e9ab72316902e25c3a762522d17e919c9815f73b5f5
mirror/node_modules/vitest/dist/config.cjs	3886	195bee0d715c1ff71bc8a47b5b05d677aced5268ea342da61b7ae0542e5d71d7
mirror/node_modules/vitest/dist/config.d.ts	4007	78a8f2e95e2904914c509e4bbc68e626f8b8ff8f30ca96cffc7a795fa17394f5
mirror/node_modules/vitest/dist/config.js	629	23ee942843dd1e1d3d3256dfbd21cb69ee2736660f9f324a7e791fea9d44d325
mirror/node_modules/vitest/dist/coverage.d.ts	4065	9588aad0555039fdee0e018eef2d37b5d4e27192fc45cdf5277e6247dc78b573
mirror/node_modules/vitest/dist/coverage.js	902	119c944b4100a3c84cdb032bcf2a45fc433777192b48be7e14c3167a6746a32d
mirror/node_modules/vitest/dist/environments.d.ts	907	723d1d05be7e263d358580c9bba607944fdf6e5093e7bf62a2f578754b779390
mirror/node_modules/vitest/dist/environments.js	115	e9247f43f1ec55352b102bae0b74041a000af20756ea820cc22dbdd41cb7f7bf
mirror/node_modules/vitest/dist/execute.d.ts	5644	a412405dec13f67d22b8f81c8b64eacd6e00d16726e0c7f9284a570b04b9bfdc
mirror/node_modules/vitest/dist/execute.js	333	29bc86a6a3dc3fed12015f9a552ae71a20ae27ebfcf705852b6202e9b1e4ee91
mirror/node_modules/vitest/dist/index.d.ts	32292	c371ea3efec17691f019bca670c161bee2f4787b1f464bdbbb10c4117bf0a55d
mirror/node_modules/vitest/dist/index.js	811	d207c396b9e41b3987bc24e335e808d9bd09c5841044d33b073cebbbc0154a37
mirror/node_modules/vitest/dist/mocker.d.ts	32	38ecb3bc5f2465c0468f3c6180da6162c0e1126bfdb07cacfc308d77a42686f2
mirror/node_modules/vitest/dist/mocker.js	32	38ecb3bc5f2465c0468f3c6180da6162c0e1126bfdb07cacfc308d77a42686f2
mirror/node_modules/vitest/dist/node.d.ts	8771	c93a4de79a796333c136d27e1efffc9791ef93ea320a460fda05f67d20abf5c7
mirror/node_modules/vitest/dist/node.js	3925	f72bea45709636fbb8f60a5a41c740ce08a10070a0cf8eb868d8e438630d4b6f
mirror/node_modules/vitest/dist/path.js	242	0ae93ca73f863259989ba3603bca12b21ba21981f2bfce65bdffe8044e3a89ae
mirror/node_modules/vitest/dist/reporters.d.ts	1335	5221f332bc249f0c2d2a96d1b252a76cf0056214a8762a8094597c1608ac181b
mirror/node_modules/vitest/dist/reporters.js	901	374f93a9d3bede1ad1575081077fd72037067d75eb71e24dce000d90b815c905
mirror/node_modules/vitest/dist/runners.d.ts	1750	ae6b95027b15df92d42c8d207ecb3287efe13b87d0c91069d37c1d92f11393d6
mirror/node_modules/vitest/dist/runners.js	8758	95c2e3dd20803ad53e56d545840dac9b954546324c918e5fcffcbdb3a62c3de3
mirror/node_modules/vitest/dist/snapshot.d.ts	364	75a3e0f3612d1367eb54136a389a6dcaf4cfa66fec58c285c00839d03221c330
mirror/node_modules/vitest/dist/snapshot.js	204	fa6023be9edca6f07185069096f39e97aa14810aedf38ccea58de11d0eacf7f5
mirror/node_modules/vitest/dist/spy.js	29	8e001c70a48df9451723b150c37e9360a18978c29c5090fbe970b5029ebc1dd6
mirror/node_modules/vitest/dist/suite.d.ts	360	67a8026c9eca607d260f68a892dfc5e8aeb6eb8f0da992710bf16503b710194a
mirror/node_modules/vitest/dist/suite.js	326	ce56c59e35c43e9bcc1039afb8c7c1b6c22fe7fdfb815c4da4c54d2934809310
mirror/node_modules/vitest/dist/worker.js	5574	6f1f468fae92e676b10915a4fecd78e501470115d8bdb1fa7bea419ba52c8103
mirror/node_modules/vitest/dist/workers.d.ts	1915	433277485c3cd565df662e557fdbc3fb68270d1875eda7467f12c1d09b93849e
mirror/node_modules/vitest/dist/workers.js	1097	cda3c7a397f747f613a976045971e9d3f1b51ea6f898ebab68f9bfbe1d79c17c
mirror/node_modules/vitest/dist/workers/forks.js	1176	3cf7718852f031baf1561d9176499535ed81ad0f7332f588759df3038268991e
mirror/node_modules/vitest/dist/workers/runVmTests.js	3605	2e29479746db6e45c83aaa84b28e52b1ffa77b321c00ad7ffa4ee59a40db28e9
mirror/node_modules/vitest/dist/workers/threads.js	774	271025ee78cee2bf315b29fc12a39a5fc8d9f859565f55c9e01af8fb55038a10
mirror/node_modules/vitest/dist/workers/vmForks.js	1215	bc5be3b631032d721479fa074852505ad2886aaeefeb630448d2533d621a0cb0
mirror/node_modules/vitest/dist/workers/vmThreads.js	936	23b6b667a0256a1ee393baac2fa086d1edc10a9f5921bb04ed42a820bb07bd18
mirror/node_modules/vitest/environments.d.ts	36	770fe2093dd946f831ad3620d49a4346b7dd068cb22b43a5cf8c71113cd2bd35
mirror/node_modules/vitest/execute.d.ts	34	8901d893473192702bd9d31f3def37d21335f3f5425ab88bbe79b49c64af3c58
mirror/node_modules/vitest/globals.d.ts	933	ed09d42b14a604190e8c9fc972d18ea47d5c03c6c4a0003c9620dca915a1973d
mirror/node_modules/vitest/import-meta.d.ts	249	28a9d5c4741fdd62a94faea49ef7585d825e8379e5d23a2d773f723ce56d6b50
mirror/node_modules/vitest/importMeta.d.ts	83	13d43666c55b9153815a92c4d3f807833df3491ebe4009cd46c3879b9a3f5d1a
mirror/node_modules/vitest/index.cjs	412	15a78ebcf7fc24ea0a829448d770ca486b7506fcf8fd696a2cbf8e17d25dc02b
mirror/node_modules/vitest/index.d.cts	32	db8e26b83e6708b250200435440c326d84dd9f07114c72b33775569486bebd0b
mirror/node_modules/vitest/jsdom.d.ts	86	a04dee0a6a525626e49c773ff7bef7e4faa8904098ccc49e166b7fb61e552323
mirror/node_modules/vitest/mocker.d.ts	33	f95fd005c3f4746c08ebe063800b3be87d2c971e12c9f190ad2b4ab5980d8435
mirror/node_modules/vitest/node.d.ts	31	fd41bde68c9eb01a3c845fb38bdbc8c7d82a6249056d9b67482340d1854d7ae7
mirror/node_modules/vitest/optional-types.d.ts	194	8124828a11be7db984fcdab052fd4ff756b18edcfa8d71118b55388176210923
mirror/node_modules/vitest/package.json	5029	3f3dc1ef7acc6ffac8d0a7f10c4460f98e36026837b57f774426d962d546d740
mirror/node_modules/vitest/reporters.d.ts	36	fb08dd8dddd49852c024648a738467adeb1e049dc15a53780507c72bc8b39e20
mirror/node_modules/vitest/runners.d.ts	34	10aa4f733e55bfbac2b88e72e20b0d5459e84b01fb19cd4aab1700aeaaff19cc
mirror/node_modules/vitest/snapshot.d.ts	35	c8628df680707effd13cd700ef334c7e47f344c698f572dfda25963781b5b0f1
mirror/node_modules/vitest/suite.d.ts	32	639462962b5161ff4055dfa1c6d08d96c18a7a6936ae999e023b2475e25d2b11
mirror/node_modules/vitest/suppress-warnings.cjs	780	cdbc96994845762e731b86af16acb7cf5553abea201aa4c0c9573b97102cb7f0
mirror/node_modules/vitest/utils.d.ts	32	e666e31d323fef5642f87db0da48a83e58f0aaf9e3823e87eabd8ec7e0441a36
mirror/node_modules/vitest/vitest.mjs	43	39db22f579acf5639bbb17a261408debbde03f4692c0c439e77e7f13aeba74d6
mirror/node_modules/vitest/workers.d.ts	34	1ba07a334cb69cde12d8214b5b383a2125d200c82e2fd4bde7e8fb102d3aeda0
mirror/node_modules/why-is-node-running/.github/FUNDING.yml	18	96e6d91940d52e686f861523cd4236e3e4dfc9ca753fb2729438e07ec9a9f826
mirror/node_modules/why-is-node-running/LICENSE	1079	6a134e51aa31496c15a741592fc5d782b2dbf8d8b6b8524e15c8520ae0cd6374
mirror/node_modules/why-is-node-running/README.md	2534	e15b20a00b534d6327ca422c4f5fe9d42da0097d46e36d4e5cb1cff2a24835ea
mirror/node_modules/why-is-node-running/cli.js	441	ca1863b7fa8aa29ad949be5e7a2caa7dbe9edcc1b41c278b3d4a0af1f35a4220
mirror/node_modules/why-is-node-running/example.js	241	41d95b4d69587b03bfd2e469c5ba203f43694ecdb7deb084168afebcf188ad2f
mirror/node_modules/why-is-node-running/include.js	55	48b0237e6965b0406e8271039092ec8e5c445bb6d97d1713f68cbda1456f2499
mirror/node_modules/why-is-node-running/index.js	2073	0265aa66d2958faf3e9f022608abf3a5365b838dbaaf18c985db88c856fa4d5d
mirror/node_modules/why-is-node-running/package.json	855	c762d49d3da5e8d8fdaa840ba1f18d68bb433e61c671b66b3127f8430d490fe2
mirror/package-lock.json	69400	489c5981ffa75d795cd3fae0e6d5a837b272ffec1633d862dba9c11a59e668b7
mirror/package.json	755	b15f2948615b3ab979fdd1c356d5cbdaee3639115e07930d4041ccc77b3cd3af
mirror/prototypes/foundation-g0/BRIEF.md	5288	c4b2a4996df7a5dd3df294422917c1bfed5004f2a0bcd5f05dc5ff4af8d93806
mirror/prototypes/foundation-g0/SUBJECT.json	1253	22ec8f1270f3ffa5b75ed8be85c43069e62f71d383d43be12ba29821b8f4b207
mirror/prototypes/foundation-g0/browser-witness.mts	2505	6f2da23f51499ae9d6229a9843a476eaa97a960b713c220848569b8a05205026
mirror/prototypes/foundation-g0/candidates/b/index.ts	239	2c569e89ed1c49cc38d4b31b8fd50499744875586a1363a71e53aff7dd8c0eba
mirror/prototypes/foundation-g0/candidates/b/node_modules/.vite/vitest/da39a3ee5e6b4b0d3255bfef95601890afd80709/results.json	106	5b237dc1fdc1e8f458d46a6b0421b50ac5a693329df124f0a899eda620589f6f
mirror/prototypes/foundation-g0/candidates/b/test/foundation.test.ts	6874	b4f3b8d5f240e87670104332b3e8904dc63b489e16bfaab646026196a97c6afb
mirror/prototypes/foundation-g0/candidates/b/tokens/code-point.ts	1732	d3d4df4c23ee07856df1aa41827d90cd2db53d2b86f445affb269f370b8d5b52
mirror/prototypes/foundation-g0/candidates/b/tokens/identifier.ts	380	d2a42bd0d945831ad39cea76059e9cd3c82bfd7cd973e0dc734d39424a0f07d8
mirror/prototypes/foundation-g0/candidates/b/tokens/string.ts	1081	d22c61ee586d54c2b62b2704f62ed569b44d2249e82f0d553fe96e81941dbef7
mirror/prototypes/foundation-g0/candidates/b/tokens/trivia.ts	648	8defbaa6e55e1fa6fda3b6734f47306dff9022e68b903ae6bbc535387087a4d4
mirror/prototypes/foundation-g0/candidates/b/tsconfig.json	189	658d05a16fbaca09663c4b397fc1ff7bf31547e00b2a6d2b4a8b337dac7ecfd4
mirror/prototypes/foundation-g0/candidates/b/value-unit/dimension.ts	1905	8ca9c82e0719c27f55a2b79337c020580db408a4ab270f3d629a9f7d9717e143
mirror/prototypes/foundation-g0/candidates/b/value-unit/percentage.ts	475	d20d6825bec7d06a0a52c38245398ea9c00374267dc817260b3c16f6d62b0134
mirror/prototypes/foundation-g0/candidates/b/vitest.config.ts	177	74aabb0c4d4fd2ef13a5130a6b636f20f619a98970e7208f9ac0ace84c22fcf0
mirror/prototypes/foundation-g0/candidates/h/foundation.test.ts	6273	fda7024437d5bafadaf9bfbb207e7409cd01fc8b0d40db4c89d365c0aeab81ef
mirror/prototypes/foundation-g0/candidates/h/index.ts	565	57030e21897980364b9ecf210408838b20b7900b1b12edf9821aa0e327bc20e0
mirror/prototypes/foundation-g0/candidates/h/tokens/code-point.ts	1465	bdddd041ad193535f95c8a5383922f39389a570c5dc524f10f90d61dd163b597
mirror/prototypes/foundation-g0/candidates/h/tokens/identifier.ts	660	3975c0b0906604d3b737d2770ef576598a5c64667096e0131a7cd83e248df3a7
mirror/prototypes/foundation-g0/candidates/h/tokens/string.ts	750	fb1635520bc76c78ae1233ab55e830de175c97bf69062334a854033c2dff4b63
mirror/prototypes/foundation-g0/candidates/h/tokens/trivia.ts	494	dd13ed11a40711276261e6bb6cae762478716d6638b53489ea795dff0a87f7bf
mirror/prototypes/foundation-g0/candidates/h/tsconfig.json	158	3af6599930a8fddb611b75677ad3855feeabf8294e1bb426d08588f4300a4fb2
mirror/prototypes/foundation-g0/candidates/h/value-unit/dimension.ts	2006	9a1b25054fc1d66abca3d89ce5b7df17b334af4af7eb41effafa27ee952f6595
mirror/prototypes/foundation-g0/candidates/h/value-unit/percentage.ts	474	3118291038ba2b1db6bf5b085ef0614603f1756ce62aa4288436796dfd327f7f
mirror/prototypes/foundation-g0/candidates/h/vitest.config.ts	173	a8ef241d2ea3ed7bce14d9edf7c2358785d7eb3951a4a84c1756623f8b3dd719
mirror/prototypes/foundation-g0/candidates/s/index.ts	552	7ab738bc8df72c30c066ad28f0827c76b7583606310af834bd16c30b6662be78
mirror/prototypes/foundation-g0/candidates/s/node_modules/.vite/vitest/da39a3ee5e6b4b0d3255bfef95601890afd80709/results.json	107	6723216660e328ddccabb5671f079444f13068b77bceb350b81a14e5a43ac927
mirror/prototypes/foundation-g0/candidates/s/test/foundation.test.ts	9211	b52a9ee5236f0d16a35b9785e38482f9db9976b5621d4f7dbcf01ead79fc561a
mirror/prototypes/foundation-g0/candidates/s/tokens/code-point.ts	1557	c5036c310dd0325317d177820c678b0f39b19e6cb9faf75783189fad27239435
mirror/prototypes/foundation-g0/candidates/s/tokens/identifier.ts	842	a35020e22a88cfd5a629be20d1a9f219d2dfdc7f9116306b01063e48f3ca3941
mirror/prototypes/foundation-g0/candidates/s/tokens/string.ts	1241	63ea845b76ec0fe2dffd94ba7932352d000b56f511101d5949bd5a80b75a4c8a
mirror/prototypes/foundation-g0/candidates/s/tokens/trivia.ts	666	9be4f5110acd1a29f86b46bae634f90fd4a51f98803687649474a3f2322ff8db
mirror/prototypes/foundation-g0/candidates/s/tsconfig.json	126	7a860ba20def5a74aa06f9d8c1ac820b6e54e5e9ee9a616ba4fd9e849ebd7e31
mirror/prototypes/foundation-g0/candidates/s/value-unit/dimension.ts	2010	6ccae8eb5f5c49acc53fd6288d390dc5ce26852f0fbeac797b617885e2921a01
mirror/prototypes/foundation-g0/candidates/s/value-unit/percentage.ts	474	3118291038ba2b1db6bf5b085ef0614603f1756ce62aa4288436796dfd327f7f
mirror/prototypes/foundation-g0/candidates/s/vitest.config.ts	140	8120c491910d53762795fa2e2db530024e55b2f617fbe590252d945e8e5fe0d0
mirror/prototypes/foundation-g0/evaluate.mts	7262	b0f11f84b6ab1c8b8ed257e41d94910e920f315678c63439399b977acdab33d6
mirror/prototypes/foundation-g0/evidence/b-ledger.sha256	869	98cb225e5f12da35cde816ca0a919bd42f4dc2fb5adbf1db9119fd3d9f7304f8
mirror/prototypes/foundation-g0/evidence/h-ledger.sha256	864	3fdc829978e07e182b4b27772dc4a3d3661d84377494a949f5c753fc5bb63e20
mirror/prototypes/foundation-g0/evidence/s-ledger.sha256	869	8642ca648aaf5c1efb1d75f7596a5651deb19953feb5dfac7431ac10e741ed58
mirror/prototypes/foundation-g0/fixtures.json	3900	6d76da0bedae64c38e57762683fe5df995a896958722705d45e8bd6c52eab204
mirror/prototypes/foundation-g0/reviews/benchmark/result.json	3368	036a605e0378b5abb015f2bc68853d29cd611467b50c662763c9c83607c9a6d9
mirror/prototypes/foundation-g0/reviews/benchmark/run.mts	6308	3ee3a2ac16b62f65cb62183b261a812464203f82df851208405ed0fe26e6e344
mirror/prototypes/foundation-g0/reviews/skeptic-1-semantic.md	10482	380ea6639b7fd0dcad207c84fe7ac17203f2927158bc1bcfb5e1ec90656a84d8
mirror/prototypes/foundation-g0/reviews/skeptic-2-architecture.md	10918	ee1a5018cbe43867022c75de5b799891041958e0932982d4df12f370a95cbf0b
mirror/prototypes/foundation-g0/reviews/skeptic-3-state.md	7381	55891ef399fa3da5a3d6bcf1b9609b69f7eddf5c2f76c7b04e3fa9144b1d1986
mirror/prototypes/foundation-g1/AUTHOR-SUBJECT-v2.json	1383	9d5974c2d5fdfddc9345dcfc8ea933510963396d3adcfcea85b081406991d315
mirror/prototypes/foundation-g1/AUTHOR-SUBJECT.json	1080	f2e47526dafa001e4ecb585d9561910f85cbcb1ceddaa70e6f557ef73f4af936
mirror/prototypes/foundation-g1/BRIEF.md	4371	b2fcc4698b119d1e0b83714c2cc226ab80fe0245b44e7a981d2e2b5ba558224e
mirror/prototypes/foundation-g1/ERRATUM-01.md	820	9c2855e9f6e48c5b1ae77c0ae6f641a233ca7295643dec245782dc7d393025a3
mirror/prototypes/foundation-g1/ROOT-DISPOSITION.md	1735	3afa02d8d1b78a88cca4e2df7fbdf55a5eb7c866e8da843ed8d9554c2b91a64f
mirror/prototypes/foundation-g1/SUBJECT.json	2602	687ac4941ab73f79fdf7abd21d997262a1c66ca15c51d04e2505d9c895631764
mirror/prototypes/foundation-g1/benchmark.mts	5831	fccad77681acda3b2892684eb7cdae9f605c6fc569a31a382b70b251c8953895
mirror/prototypes/foundation-g1/candidates/b/index.ts	553	2fba04d55bac592f6b07bd027e8ee0838882e71a6edd6104266030dccfdc16f5
mirror/prototypes/foundation-g1/candidates/b/node_modules/.vite/vitest/da39a3ee5e6b4b0d3255bfef95601890afd80709/results.json	179	75bf3898e00a055fe02179fe6f9c2df2b3b6368a2e74a54222b749a5a6019643
mirror/prototypes/foundation-g1/candidates/b/test/fixtures.test.ts	4563	4e7baba8e3a520dc87ba5b707e9f618b04eca4444388239001167d4826966d28
mirror/prototypes/foundation-g1/candidates/b/test/foundation.test.ts	8826	208f51c2d65a4d13ec2ee0a369989ba5c4faf63f542c0f38c3c76559ead9111a
mirror/prototypes/foundation-g1/candidates/b/tokens/code-point.ts	1226	23b989c1206d9c8d20fa9959edb442339eaea85ee5788eca9abc7f1feae500e0
mirror/prototypes/foundation-g1/candidates/b/tokens/identifier.ts	478	f960eb8207dc728b98ba5cf028de479f6aa1822acd55c0fd86792e6f42ac1c94
mirror/prototypes/foundation-g1/candidates/b/tokens/string.ts	990	d2a653f728ae0602bc6b18890d4770fa057f013f0df161f6938f9d883a5c153d
mirror/prototypes/foundation-g1/candidates/b/tokens/trivia.ts	840	8bee474c87d5a212be19cb948ddb45ffa3ad61d7ac311f6ec886dc83092c1e8a
mirror/prototypes/foundation-g1/candidates/b/tsconfig.json	189	658d05a16fbaca09663c4b397fc1ff7bf31547e00b2a6d2b4a8b337dac7ecfd4
mirror/prototypes/foundation-g1/candidates/b/value-unit/dimension.ts	2038	bfb7a569105902d4361aaa8a7cf4ea30aa6eba484347e894acdb7cecf35d7317
mirror/prototypes/foundation-g1/candidates/b/value-unit/percentage.ts	475	d20d6825bec7d06a0a52c38245398ea9c00374267dc817260b3c16f6d62b0134
mirror/prototypes/foundation-g1/candidates/b/vitest.config.ts	177	74aabb0c4d4fd2ef13a5130a6b636f20f619a98970e7208f9ac0ace84c22fcf0
mirror/prototypes/foundation-g1/candidates/h/index.ts	565	57030e21897980364b9ecf210408838b20b7900b1b12edf9821aa0e327bc20e0
mirror/prototypes/foundation-g1/candidates/h/repair.test.ts	6931	7d707f7e13bffabc7de792e328412f9af6f2cfa1996ff846edfd3a49dbcea610
mirror/prototypes/foundation-g1/candidates/h/tokens/code-point.ts	1747	1fff32ecb4bb95fb4595797ffe04971904ac04e2124fbde987580371bf179432
mirror/prototypes/foundation-g1/candidates/h/tokens/identifier.ts	660	3975c0b0906604d3b737d2770ef576598a5c64667096e0131a7cd83e248df3a7
mirror/prototypes/foundation-g1/candidates/h/tokens/string.ts	750	fb1635520bc76c78ae1233ab55e830de175c97bf69062334a854033c2dff4b63
mirror/prototypes/foundation-g1/candidates/h/tokens/trivia.ts	494	dd13ed11a40711276261e6bb6cae762478716d6638b53489ea795dff0a87f7bf
mirror/prototypes/foundation-g1/candidates/h/tsconfig.json	158	3af6599930a8fddb611b75677ad3855feeabf8294e1bb426d08588f4300a4fb2
mirror/prototypes/foundation-g1/candidates/h/value-unit/dimension.ts	2168	c71b4bf222be59e1f21c194596949d58bd39c42969a0acfcfdd060fd7c51c8ed
mirror/prototypes/foundation-g1/candidates/h/value-unit/percentage.ts	474	3118291038ba2b1db6bf5b085ef0614603f1756ce62aa4288436796dfd327f7f
mirror/prototypes/foundation-g1/candidates/h/vitest.config.ts	173	22e892d4a747606768d80d66f2b2f1130e66893c47884bef8d82a7c468d23a0a
mirror/prototypes/foundation-g1/candidates/s/index.ts	552	7ab738bc8df72c30c066ad28f0827c76b7583606310af834bd16c30b6662be78
mirror/prototypes/foundation-g1/candidates/s/node_modules/.vite/vitest/da39a3ee5e6b4b0d3255bfef95601890afd80709/results.json	107	da9dc8186477571b29ac651937997005e6b5f3f6ed42aa56ed0d6e92faf2f25b
mirror/prototypes/foundation-g1/candidates/s/test/foundation.test.ts	8153	e47aed2c11d7532a747a24db483fd024c7ab1197fb69d79cf8a02e80b704d59c
mirror/prototypes/foundation-g1/candidates/s/tokens/code-point.ts	1616	ff9fad1b81095a9cde408422a8900110988fb2682410f13f60954a325d7520bd
mirror/prototypes/foundation-g1/candidates/s/tokens/identifier.ts	856	be38757ebf43a9ed48f06199e77841b23fe6e3d5abe3082c2217ff67e22c209f
mirror/prototypes/foundation-g1/candidates/s/tokens/string.ts	1242	f7e8ce592837b0d513d13eac60b0da387c91d9cd186350eb6f7dbcca66dfd01e
mirror/prototypes/foundation-g1/candidates/s/tokens/trivia.ts	620	fa891f0c267887c11d9d610fd0bfe9a2ec1ed98ed75458b9122af26f1121f7a5
mirror/prototypes/foundation-g1/candidates/s/tsconfig.json	126	7a860ba20def5a74aa06f9d8c1ac820b6e54e5e9ee9a616ba4fd9e849ebd7e31
mirror/prototypes/foundation-g1/candidates/s/value-unit/dimension.ts	2010	6ccae8eb5f5c49acc53fd6288d390dc5ce26852f0fbeac797b617885e2921a01
mirror/prototypes/foundation-g1/candidates/s/value-unit/percentage.ts	474	3118291038ba2b1db6bf5b085ef0614603f1756ce62aa4288436796dfd327f7f
mirror/prototypes/foundation-g1/candidates/s/vitest.config.ts	270	89228edd0d233dde2e06a5122007920cc2c8a053ac611e683896ec6650293c97
mirror/prototypes/foundation-g1/evaluate.mts	10721	7b106e8d8ad1cc724d38a54277464ee0749e163ac665953575df79c71a800248
mirror/prototypes/foundation-g1/evidence/b-ledger.sha256	937	6409e4220883e6f7d94609a0f651598a378c6bc9d590f0700b27273534e5bb74
mirror/prototypes/foundation-g1/evidence/benchmark-smoke-01.json	2021	07e55fe5d404bd7106aeca9344a54ad3750d06cd4dcaba0fba4a4109ee634c08
mirror/prototypes/foundation-g1/evidence/common-replay.json	1535	477fa8064792c82441258597cdb07e58065547dc047e37bd0513e2042fb5a03d
mirror/prototypes/foundation-g1/evidence/h-ledger.sha256	840	d4a6967ab1e7f0ed3eb6282321e15441617d4a65397a455b666a48014ea65518
mirror/prototypes/foundation-g1/evidence/post-seal-differential.json	877	5228798bc97326a5cbee92c6b0123140c88caae64eaacfa7e7211dc9f8916785
mirror/prototypes/foundation-g1/evidence/s-ledger.sha256	849	04481b417ed1bf5f0ea642df489eb13ca2ac1839ee2d5cbf4620a6b78b41b179
mirror/prototypes/foundation-g1/fixtures-erratum-01.json	224	e8229b5493d3771f667ed4b0337f0335aefe69b98505ee8792bc7d3213763046
mirror/prototypes/foundation-g1/fixtures.json	1456	b323a80d403c494b4190a89cfa285c9d20d8816257c17f43f7b4c68adcceeaa8
mirror/prototypes/foundation-g1/reviews/skeptic-1-semantic.md	16585	ddce315957019fb841c2d170ee7a651643382e622b5ed4544e6bbc4c08d6ad65
mirror/prototypes/foundation-g1/reviews/skeptic-2-architecture.md	14359	6628be978ac103145ab484435d660363498059486328b54c998e90a8fc7a1c91
mirror/prototypes/foundation-g1/reviews/skeptic-3-state.md	10706	07214eb7d6834228210f3007463f445abd290153054d8cd76b70436c6990d728
mirror/prototypes/foundation-g1/reviews/skeptic-4-benchmark.md	11366	583e087cb12594fe42d51f8df0b97ca3effb9e2185142a133a18dd99319574ac
mirror/prototypes/foundation-g1/reviews/skeptic-5-gestalt.md	13166	68253a2d39dc9c794cff0e2803d5fd8df30626dd16aa67e215db901ef900b5c2
mirror/prototypes/foundation-g1/unicode-domain.mts	3031	8b11c3e1b0564651349199eb8b1911e1e8031ff06c7f30b937b476fa8c3b3d0e
mirror/prototypes/foundation-g2/BRIEF.md	4296	2c611bb84c27600f2e1e49d48b2e9285e295d54c7411cacce9fbcafa2ce0112f
mirror/prototypes/foundation-g2/SUBJECT.json	4522	3c22642dd2e6687c8449fb9640b4cb25c74381e19a9c7caffebe4c2062057f78
mirror/prototypes/foundation-g2/benchmark-corpus.json	1618	0837650975a0507851a412a312f48a8d35c0e889539c22eaad6c9b379ad90eb4
mirror/prototypes/foundation-g2/benchmark-manifest.json	3665	bef65f94197190d6ced499a86a7acd34773c729bb5a9a74fb410fa564eeb8a2d
mirror/prototypes/foundation-g2/benchmark-qualified.mts	6211	b82b635e483c7c18a7c8253c7eb96ebe21b27dcbce4057ea0ae82eab8a869f4b
mirror/prototypes/foundation-g2/benchmark.mts	4127	69a3197080e55b664b8dbe4fdb71af6e6202260c6e8b2cce1af2c3b7f40724ce
mirror/prototypes/foundation-g2/browser-witness.mts	2155	f6eb3e1d9a6688b26685813060575dc12a94731f61dd19977188aa9a7e7daf27
mirror/prototypes/foundation-g2/candidates/b/index.test.ts	5410	13a4089e4f23e8102425e99bf0400835be8ad0275cd7e64cefcbb236a175aa56
mirror/prototypes/foundation-g2/candidates/b/index.ts	463	5498900b4a490117550bcc96d231ac9e21b4cf3913c1a4f7830ee2ad58555150
mirror/prototypes/foundation-g2/candidates/b/node_modules/.vite/vitest/da39a3ee5e6b4b0d3255bfef95601890afd80709/results.json	89	217808aff63efa057a8bb07cc2e27e29c47406cb4fdb5eb6676e17f7108782b1
mirror/prototypes/foundation-g2/candidates/b/package-lock.json	52387	5a99c6ea594184e66af43658475696c9e97bedb88ed7dfc569dff2bd95979c1d
mirror/prototypes/foundation-g2/candidates/b/package.json	319	abcd41c6cd833fd6bebbce0fa888fd7be15431cad9ad7dbfd609c840229685fb
mirror/prototypes/foundation-g2/candidates/b/tokens/escape.ts	1094	86deac89c02cecc66a8a1656bf84302850c8bd2e9470baf4397b98cabe737e11
mirror/prototypes/foundation-g2/candidates/b/tokens/identifier.ts	1875	045df7df53ac20bda0deef45e96ec9ab85d9d76a21b56f9599ea18fb73b13cd4
mirror/prototypes/foundation-g2/candidates/b/tokens/spacing.ts	1688	7df71e75fb7118c14af6025c6816921151283daca6632cb0f630717609f288e5
mirror/prototypes/foundation-g2/candidates/b/tokens/string.ts	2200	7a8421f93d03e9632e1eb839f1542760522cb0ea682812fd8f63ac3f44e0834d
mirror/prototypes/foundation-g2/candidates/b/tsconfig.json	406	80c93e1c93ef6b040c5519baa63a095e77a2bfafdec2467bd83a99e49efe7040
mirror/prototypes/foundation-g2/candidates/b/vitest.config.ts	136	baf59a31a0ecca1eec7a97c28947e9f82be7566233042164bf958903424b5705
mirror/prototypes/foundation-g2/candidates/h/node_modules/.vite/vitest/da39a3ee5e6b4b0d3255bfef95601890afd80709/results.json	101	54f36fad4f629533efe924f70eda05a2ebc0a32a8f883de9376f602e9efd93b4
mirror/prototypes/foundation-g2/candidates/h/package.json	220	2d6a4e50f8e3a5e5ec9e5b677364d617149cf20a368d9f70486e5cef9201a626
mirror/prototypes/foundation-g2/candidates/h/src/index.ts	336	b9c9cdcaea87928f55e45054c30b2173a6761776eb356215c4143202344eaaf3
mirror/prototypes/foundation-g2/candidates/h/src/tokens/escape.ts	1406	aaf79737a3a7c375176e81f93b02aeca4f6f89d889163adf7e6702b99012c094
mirror/prototypes/foundation-g2/candidates/h/src/tokens/identifier.ts	2271	d5dbe9f00a507870595fbfa87346b08c2281cb8739777f2545843da4b06318d1
mirror/prototypes/foundation-g2/candidates/h/src/tokens/spacing.ts	1395	a4434a9a031d7182ac5664476a33764f1ebb1ba7e67b263f7f84089bfb3993f8
mirror/prototypes/foundation-g2/candidates/h/src/tokens/string.ts	1743	301d13f923fc346e8bc3d650ffc74af50ceeaddfbd26b179bef1da709c603389
mirror/prototypes/foundation-g2/candidates/h/test/index.test.ts	8865	4a76e117640fdc127842be4a500873778bc287657c9b96d47a0b244c8558a901
mirror/prototypes/foundation-g2/candidates/h/tsconfig.json	414	bf9a9c6a0562949aaed50fab23254ed19c3e1c3b9bcf4ce5b88976b697d376d2
mirror/prototypes/foundation-g2/candidates/h/vitest.config.ts	169	07eaa1d65b7c5977f60ec996c299ef9a749d30f86c28117732d546dd477306be
mirror/prototypes/foundation-g2/candidates/s/.gitignore	15	448d3355d084f9242af39bc2428a9d9c59f9c25609158c97a36465df9d072ad8
mirror/prototypes/foundation-g2/candidates/s/foundation-g2-s.test.ts	8240	1deeb4edffd3c3ca793837da8ca50e2cbcfdff2af038ea8f22f4fb3231659bcd
mirror/prototypes/foundation-g2/candidates/s/index.ts	467	962178afb2e8735166e25c72e7611b76288c6746441939c068d7236e9c53f9fd
mirror/prototypes/foundation-g2/candidates/s/node_modules/.vite/vitest/da39a3ee5e6b4b0d3255bfef95601890afd80709/results.json	98	3b58e112bc6f4779fba02f28551f470644e02b45e549307419df913e141ded85
mirror/prototypes/foundation-g2/candidates/s/package-lock.json	517	3e91c837e36e190e7c3ff337c0d1a3d5ed775c46612d608766962e6abeae126e
mirror/prototypes/foundation-g2/candidates/s/package.json	269	f2ed9c620c00695d7ff947be599b8dca9af488a5afcdaf73af23904aec077dab
mirror/prototypes/foundation-g2/candidates/s/tokens/escape.ts	2787	06e3a08fbc2489a0b70c4b06e6adb8fc511329879ec2cbe6da08034bfdae87ca
mirror/prototypes/foundation-g2/candidates/s/tokens/identifier.ts	2190	46e3aeeb021f5e83446b5b2dcf4f8d82de0307bf6e4da278049482ece78f5b20
mirror/prototypes/foundation-g2/candidates/s/tokens/spacing.ts	1484	f4ab3f45a51839562364d3922923428dc9c784a26e4d2ce96a9f523298f10201
mirror/prototypes/foundation-g2/candidates/s/tokens/string.ts	3382	6aae388a31b36676723cd6458c6aa0c4a5b290a777d6f87b6e5d645f8444d891
mirror/prototypes/foundation-g2/candidates/s/tsconfig.json	416	84934d57ed70bdbbea8f7cab809af05a651912d5b142a79ee0886336e1c00561
mirror/prototypes/foundation-g2/candidates/s/vitest.config.ts	176	ee06408110883314e6b3432b2c166d6f0fa3faf35c2b1d303c1c043eaa36b3fe
mirror/prototypes/foundation-g2/evaluate.mts	6958	3bc93bba42ce5c637eb922c0f1d2b6c3b8bf062ac998d9484b2fd84292c021e3
mirror/prototypes/foundation-g2/evidence/b-ledger.sha256	838	77f454b86b2f928d10e72746bddc1f48e6d41a20885ac20f5972b204c4ee44ac
mirror/prototypes/foundation-g2/evidence/benchmark-directional.json	1385	745a0ee1222de1f16194f1b4bf423f36b95f8d68b15196db112e1b9b5add926c
mirror/prototypes/foundation-g2/evidence/browser-witness.json	695	eca0192bbd8ff84672a720c217ccf18045af7bcf1ccdc2c3b206e8c231106309
mirror/prototypes/foundation-g2/evidence/common-replay.json	1433	9cdd3d5e99a7f672951f7a819aee38a89071c76a56d500719f2c48fd15a0595e
mirror/prototypes/foundation-g2/evidence/h-ledger.sha256	777	ab1ff2eb36a444fba7a6a9282ccb3b73bd94d7ea36e9682d8cb03d321f0b505d
mirror/prototypes/foundation-g2/evidence/s-ledger.sha256	927	cb634811b9c760adbddef20ed5cf0d48794c3c1adc8e1de2c4fbcbacacb83a92
mirror/prototypes/foundation-g2/fixtures.json	1474	138820f96520045ab4c866e4e3172cda609cd4355b7c8db2ec254b4b403f5be6
mirror/prototypes/foundation-g3/BRIEF.md	1007	2db4d6a455406095e9fbeb69fa27f4c75fc5e8b58a2706d5d810b5ec13ce77c7
mirror/prototypes/foundation-g3/SUBJECT.json	4272	e03f0510f4ae98e54f2a69e8ef6893bdd30f58e6b4bc490a707b73e449a2debf
mirror/prototypes/foundation-g3/candidates/b/index.ts	292	2dfacf2b398fa9c1f21403f6adb5cfa171337987b28d58ba64aa3c01ae763f42
mirror/prototypes/foundation-g3/candidates/b/tokens/comment.ts	823	06d99e56fadf3f6f7c50c2e4e67e92a3ccf73a62f7b9d729f9a6969a3916fe4d
mirror/prototypes/foundation-g3/candidates/b/tokens/whitespace.ts	409	313ccc102d18be1249cbf47c83eec68fac1d88a1d65837a5c251d708820a0b3f
mirror/prototypes/foundation-g3/candidates/h/index.ts	304	1924d5b90dbe801bbf56cab767bead8d7b5b715e70c58bbee8ebc8384faef6b6
mirror/prototypes/foundation-g3/candidates/h/tokens/comment.ts	486	625e722f21ac42d488c2e5220a5281dd4b1d1de732ffb96a72b19754eb0a3c6d
mirror/prototypes/foundation-g3/candidates/h/tokens/whitespace.ts	274	8cd4d201b115eacd3ba420c1f8ae9f6244dfe34400393c184216268f4900674f
mirror/prototypes/foundation-g3/candidates/s/index.ts	292	25b71e2d3ee04a2b3887ab77164060f95f530e64d619ad0255a61a9f1fad93d0
mirror/prototypes/foundation-g3/candidates/s/tokens/comment.ts	498	2acc3c848a37b59e6125efe04bd18374b98255f6678ce27a257855a4f442b5e5
mirror/prototypes/foundation-g3/candidates/s/tokens/whitespace.ts	303	41d3a77002c0b6b62848abc6317a48ab730075a5e8c978966b09d4a4d9a98649
mirror/prototypes/foundation-g3/evaluate.mts	5725	15275aafb7975b9c05ecbf93138765015afc9c03b013b7845e0b74c88b0a13ef
mirror/prototypes/foundation-g3/evidence/correctness.json	1031	c634d1ed28a083162811cf3e95ea94818d7b9bf897b36c0df5498695a3d0a20b
mirror/prototypes/foundation-g3/integration/grammar/css/l4/tokens/comments.ts	687	9c82c1008d0e7cf94917a34299e6186170aad420ea8939d7f51270857658292d
mirror/prototypes/foundation-g3/integration/grammar/css/l4/tokens/escape.ts	1253	5b5dcae703d644d0ff28214032a9bdf54558e017f223c821d3006322ad428045
mirror/prototypes/foundation-g3/integration/grammar/css/l4/tokens/identifier.ts	2124	2e87f6cf2e72b2cd33f5d9c443a82d85c355bc7af1b05f31ebfb87c82cb2b2de
mirror/prototypes/foundation-g3/integration/grammar/css/l4/tokens/index.ts	296	e5d0dba2d9ff467dd4e2dad97d4812241634a094dc8791a3ea21d3057317684a
mirror/prototypes/foundation-g3/integration/grammar/css/l4/tokens/string.ts	1660	9938547fd6083189f296d7764140f9ea0dd5f243287ca5238b6e66c0f04a469e
mirror/prototypes/foundation-g3/integration/grammar/css/l4/tokens/whitespace.ts	274	8cd4d201b115eacd3ba420c1f8ae9f6244dfe34400393c184216268f4900674f
mirror/prototypes/foundation-g4/BRIEF.md	1047	31077cbd0d1b07fe5122343cb17d86e8279dd93cca17a586e9eb7ded899a073b
mirror/prototypes/foundation-g4/SUBJECT.json	4457	2ef655339992392c8079338de792a192270cb6eef5a36ec12e5e5218de2e433f
mirror/prototypes/foundation-g4/bench/attempt-1-failure.json	666	a3ab74cdd63b0129e146583a8d474a28f4d93e675a8dc8fde62699c10960ec0f
mirror/prototypes/foundation-g4/bench/attempt-2-erratum.json	838	11559b51d6526518bea09dccfc746df3c36ff9aefc1b6121e16a7d0b7bb5135d
mirror/prototypes/foundation-g4/bench/benchmark.mts	5923	6abeb8417b278ce9d8b2e0f82fc8de3d71afb10f4d516cf02f17488d8889105e
mirror/prototypes/foundation-g4/bench/corpus.json	866	5f0b3103327d541daeb0721d8dae44142cdfed3fd728243b72abeaba98ffbbd0
mirror/prototypes/foundation-g4/bench/manifest.json	3269	da08eab5bb3901593d55c1f857f4c83b3957c1f1e14a9e2d596056ba6c5f3b3e
mirror/prototypes/foundation-g4/bench/raw-attempt-2.json	10185	5a4b04a42f88a05d8bdca10d67f54679fbc6f98bb6ad1c47b06b79deb41aa6bd
mirror/prototypes/foundation-g4/browser-witness.mts	1814	43cd6a4cb2c06a45b701b946655001e06dedb77283195fdec3126f1f9c68f12f
mirror/prototypes/foundation-g4/candidates/b/index.ts	327	2a5370c7d992dc9a44904446f8a15ec6c9f476efea7c70da2ded493377cb6247
mirror/prototypes/foundation-g4/candidates/b/tokens/comments.ts	660	3fd48dd1bc2be666c78ae90f158a20681799c1f84e88c04ed6afb05904162c5f
mirror/prototypes/foundation-g4/candidates/s/index.ts	327	aa26e5e6dbc1624615680d209bb782d5a64b24f13f8e5f0eb8fa42ba8c856932
mirror/prototypes/foundation-g4/candidates/s/tokens/comments.ts	635	91eb9ced27fa25dd60eca11f8ed1c2b84b4b3615f8d3ad0117977bfacfa42471
mirror/prototypes/foundation-g4/evaluate.mts	2512	2cba0476655f5395faace09bc6121a8dc7d7ea384a9182004c705f70f7a1fee7
mirror/prototypes/foundation-g4/evidence/browser.json	574	6ee91dbf2df42e68488bc1a500fcd0c78d2b96a325d7db84a411f7f2428aafc1
mirror/prototypes/foundation-g4/holdout/cases.json	3604	c22118f724e1190936c839a19b12321e911b99140eee2e29695b0626320b44fc
mirror/prototypes/foundation-g4/holdout/evaluate.mts	4101	5ac9c859263673a9d633aeed60477788b52e522f7013889c0c635d1bfd46c3a4
mirror/result.ts	764	a51ce946492f83e5ba88078a23b0979af62ac3c488c5bfbfb4d40de196003ffc
mirror/serialize.ts	3447	a3f29fe8dedfb8b249ad94eb2226489a86200bacc515b812df4aa807af30c4e8
mirror/stylesheet/analyze.ts	17583	43777169d681b45c6354db47e88e3b343ba67929b488e4c01d03600713b7a6da
mirror/stylesheet/collect.ts	8090	171e369e9a5714a8a9806398d0d21462751130e66fbd9ff30c1a4478d2ba27c2
mirror/stylesheet/index.ts	426	7d8c5358942ddaaef1ab5f6ff97b276bfe63b9872f567a8ea10e57ac9adc53f3
mirror/support/barrel-types.ts	1478	27eb87156443e711a367fccc3d2152fe39539d5eb44d4874c42c3c2b58662cee
mirror/support/contract-parity.ts	220	cf8981e92f7cb7ece6535a6f4ed96db4d0ca8dcab375dbb9e4989824141df07e
mirror/syntax.ts	4183	7619fa9af8136123c11e932c4a01c656c082cf66e109dbd4d13736ca412379a7
mirror/test/barrel.test.ts	1043	989e4332a588e7bc066b1b3654c341afaff3f6e479e9335185db283768754b88
mirror/test/css-syntax-foundation.test.ts	5796	cee27f7599695ee1c29ad0306f85092f76d4d377bb8866943aa30c22dfe4bf99
mirror/test/direct-combinator-grammar.test.ts	3005	5e6fa51842f809d43af30d2cdb77da9e208dc9661d895f0714ab7353c6bade0a
mirror/test/door-stubs.test.ts	1845	c8c337abe1069fa2211220f3294163c044e0422015ddd487f7b9716e38820216
mirror/test/dts-parity.test.ts	819	341debe0e9d6cea6444e856fb3c5744c3eff8fcf27ed8d450dfa44358e762788
mirror/test/first-vertical-architecture.test.ts	9282	fc13ee075cae8d8467ad6193e3a6a524faef7a0dfa6516fc500c1a18bdda35e4
mirror/test/freeze-independence.test.ts	1194	b10095b5f32f9582f406f2f609eba9257ef5245029852c17460bb8c7cc4479b1
mirror/test/lexeme.test.ts	1968	951d215045666f6194c8af2b7938c93a7d5d6751b6d9f6bbcd9f68924a366432
mirror/test/no-trailing-input.test.ts	1157	a4be0da0387e0555c682aa5390153cff00b0d9d332437e9a6b87830cb6976646
mirror/test/scanners.test.ts	2765	9e9325c62f07963a52c96927fb843202e3a962d89c7b768ba42a10bdd0247661
mirror/test/w1-values.test.ts	12888	d263d9523f5cb7272d85fd8e8e7df02422342a51acedbe480636bb949e4e47ae
mirror/test/w2-color.test.ts	13849	27c7e1aeb557a9d83167cfc27fdd291b01e39ca656421c7d6458e563e45137e2
mirror/test/w3-easing-timeline.test.ts	13512	dba34239f87d7466621c377a6bbeb3a8a4e6150729328a97c54139bf9a25ceb0
mirror/test/w4-analysis-prototype.test.ts	10717	1889a26979658bf66dd1ab202ecaff3960d2f06ee8eadb6db0df4e1cf2b4a6b7
mirror/timeline.ts	11707	7f30c376123067b0dcc607f77dd4634df66ceec82437880e1a72eb1454eee8a5
mirror/tools/dts-parity.ts	190	5213966c0b8d8ea9b878550aeec68f5585cdf6230923979dfe2956fa2da09dad
mirror/tools/parity.ts	3123	34fe9592b4558362ab686ecd24134264cc52d6b691fe2a8a5168daec90125810
mirror/tsconfig.apotheosis.json	355	c92ca101b15102059e952e601eb3b9614946b52936071341f3e532ba7ac00b65
mirror/tsconfig.declarations.json	284	c147da1b3972ede2b5ea8a190c6c94d43a593d98972ba570be9a8b2f2c6ff47a
mirror/tsconfig.json	586	a0d0395313c3eb6521ba9b8550345ba21e1dba49f8f68d7c56dfa330e736a1cc
mirror/tsconfig.source-contract.json	336	20a0af74a89dd4887fc10f14af864292dedb71c7c69119037a5515e575fcec45
mirror/types.ts	5911	6423d0cdb89d8df7dc8e0f90911a753287e81144591fe572c441675fd0619357
mirror/util.ts	3729	6c4f07ba949dffbb59001200c5840fb8b12406a5711e1a01f2e34e5628913f04
mirror/vitest.config.ts	141	ab7ad0314aad5e468d80fe9a778752574248701a3e20a3779bca68dc142516e8
waves/W-0.md	7955	6f7f1cdab64c77aaa01937d99432c3087a11bfc1876c7b751152b8c790aad015
waves/W-1.md	3821	bee97b85d60e317b5c28d5d56979059923f949a0dce99d6d208e3e74a3a6c57f
waves/W-2.md	4336	35d60bccdfa7da2f00625abc6b52fbe5ed438043ebe4b533e38e8274699781f2
waves/W-3.md	3687	1361debc3d99c65e248a01ae9faa9774393c2e1b5574f14ae77b6f18787a8546
waves/W-4.md	6653	3442f7e7660c23de0cc941bb66fa3269e1c0f0d980caad0d42f46d9df9b5e6b0
waves/W-5.md	4937	42b64e9f36ed2684c4455d90108203b556b17bca67b43d8bbfa0c67f6b1b6d1c
waves/W-6.md	3726	5c98fb86ec9bd12f9236fe6d483a46a91d2d482b87aa217ca94075446a9c0717
waves/W-7.md	3991	df7609a381cf9cb9e8ed636ccba26dc6ec9921e211b434d8f5a4a3c42c32e9d5
